geo_level,geo_code,geo_name,tier,estimand,metric,value,lo,hi,n_trials,n_participants,gate_status,gate_reason,display_rule,crosses_parity,below_support_floor,pct_participants_exact,top_trial_id,top_trial_share_pct,concentration_flag,support_share,delta_from_raw_pp,extrapolation_pp,frame_stamp,snapshot_date,run_id
country,USA,United States,1,pw_raw,female_share_pct,49.61,,,34824,22267105,pass,,show,false,false,0.25,NCT04053075,13.02,false,,,0.01,CS=pooled50|GC=post_filter_trials|RM=drop|RI=none|TS=narrow|UG=on|EL=unrestricted|BS=both|ES=pw_raw|GL=country,2026-06-19,geo_rep_2026-06-19_run063
country,JPN,Japan,1,pw_raw,female_share_pct,43.9,,,1217,1308659,pass,,show,false,false,0.07,NCT05321810,14.79,false,,,0.35,CS=pooled50|GC=post_filter_trials|RM=drop|RI=none|TS=narrow|UG=on|EL=unrestricted|BS=both|ES=pw_raw|GL=country,2026-06-19,geo_rep_2026-06-19_run063
country,GBR,United Kingdom,1,pw_raw,female_share_pct,52.7,,,1123,2246649,pass,,show,false,false,0.05,NCT04969653,33.59,false,,,1.58,CS=pooled50|GC=post_filter_trials|RM=drop|RI=none|TS=narrow|UG=on|EL=unrestricted|BS=both|ES=pw_raw|GL=country,2026-06-19,geo_rep_2026-06-19_run063
country,CHN,China,1,pw_raw,female_share_pct,47.31,,,935,2151656,pass,one trial supplies 77.1% of this geography's participants,badge_concentration,false,false,0.1,NCT04903496,77.12,true,,,1.19,CS=pooled50|GC=post_filter_trials|RM=drop|RI=none|TS=narrow|UG=on|EL=unrestricted|BS=both|ES=pw_raw|GL=country,2026-06-19,geo_rep_2026-06-19_run063
country,CAN,Canada,1,pw_raw,female_share_pct,55.22,,,917,780479,pass,,show,false,false,0.28,NCT02975375,34.15,false,,,3.57,CS=pooled50|GC=post_filter_trials|RM=drop|RI=none|TS=narrow|UG=on|EL=unrestricted|BS=both|ES=pw_raw|GL=country,2026-06-19,geo_rep_2026-06-19_run063
country,DEU,Germany,1,pw_raw,female_share_pct,43.56,,,754,416870,pass,,show,false,false,0.37,NCT05162014,34.84,false,,,0.47,CS=pooled50|GC=post_filter_trials|RM=drop|RI=none|TS=narrow|UG=on|EL=unrestricted|BS=both|ES=pw_raw|GL=country,2026-06-19,geo_rep_2026-06-19_run063
country,KOR,South Korea,1,pw_raw,female_share_pct,54.94,,,441,660555,pass,one trial supplies 56% of this geography's participants,badge_concentration,false,false,0.05,NCT04446039,56.05,true,,,0.4,CS=pooled50|GC=post_filter_trials|RM=drop|RI=none|TS=narrow|UG=on|EL=unrestricted|BS=both|ES=pw_raw|GL=country,2026-06-19,geo_rep_2026-06-19_run063
country,FRA,France,1,pw_raw,female_share_pct,45.77,,,392,1471854,pass,one trial supplies 94.5% of this geography's participants,badge_concentration,false,false,0.02,NCT05838664,94.46,true,,,2.23,CS=pooled50|GC=post_filter_trials|RM=drop|RI=none|TS=narrow|UG=on|EL=unrestricted|BS=both|ES=pw_raw|GL=country,2026-06-19,geo_rep_2026-06-19_run063
country,ITA,Italy,1,pw_raw,female_share_pct,45.99,,,337,78187,pass,,show,false,true,0.94,NCT02928536,15.22,false,,,3.45,CS=pooled50|GC=post_filter_trials|RM=drop|RI=none|TS=narrow|UG=on|EL=unrestricted|BS=both|ES=pw_raw|GL=country,2026-06-19,geo_rep_2026-06-19_run063
country,ESP,Spain,1,pw_raw,female_share_pct,46.98,,,332,125534,pass,,show,false,false,0.78,NCT03441633,41.18,false,,,0.7,CS=pooled50|GC=post_filter_trials|RM=drop|RI=none|TS=narrow|UG=on|EL=unrestricted|BS=both|ES=pw_raw|GL=country,2026-06-19,geo_rep_2026-06-19_run063
country,TWN,Taiwan,1,pw_raw,female_share_pct,53.72,,,250,142876,pass,one trial supplies 69.5% of this geography's participants,badge_concentration,false,false,0.57,NCT01741363,69.51,true,,,0.43,CS=pooled50|GC=post_filter_trials|RM=drop|RI=none|TS=narrow|UG=on|EL=unrestricted|BS=both|ES=pw_raw|GL=country,2026-06-19,geo_rep_2026-06-19_run063
country,BEL,Belgium,1,pw_raw,female_share_pct,48.74,,,232,44477,pass,,show,false,true,1.15,NCT03793972,18.34,false,,,2.6,CS=pooled50|GC=post_filter_trials|RM=drop|RI=none|TS=narrow|UG=on|EL=unrestricted|BS=both|ES=pw_raw|GL=country,2026-06-19,geo_rep_2026-06-19_run063
country,BRA,Brazil,1,pw_raw,female_share_pct,49.6,,,206,37359,pass,,show,false,true,2.64,NCT01363765,12.47,false,,,2.39,CS=pooled50|GC=post_filter_trials|RM=drop|RI=none|TS=narrow|UG=on|EL=unrestricted|BS=both|ES=pw_raw|GL=country,2026-06-19,geo_rep_2026-06-19_run063
country,RUS,Russia,1,pw_raw,female_share_pct,55.92,,,194,45415,pass,,show,false,true,0.27,NCT03415152,5.66,false,,,1.66,CS=pooled50|GC=post_filter_trials|RM=drop|RI=none|TS=narrow|UG=on|EL=unrestricted|BS=both|ES=pw_raw|GL=country,2026-06-19,geo_rep_2026-06-19_run063
country,AUS,Australia,1,pw_raw,female_share_pct,47.83,,,193,37780,pass,,show,false,true,0.76,NCT00430989,18.56,false,,,4.01,CS=pooled50|GC=post_filter_trials|RM=drop|RI=none|TS=narrow|UG=on|EL=unrestricted|BS=both|ES=pw_raw|GL=country,2026-06-19,geo_rep_2026-06-19_run063
country,IND,India,1,pw_raw,female_share_pct,27,,,191,68849,pass,,show,false,false,4.61,NCT01686750,31.56,false,,,2.24,CS=pooled50|GC=post_filter_trials|RM=drop|RI=none|TS=narrow|UG=on|EL=unrestricted|BS=both|ES=pw_raw|GL=country,2026-06-19,geo_rep_2026-06-19_run063
country,NLD,Netherlands,1,pw_raw,female_share_pct,41.89,,,180,113347,pass,one trial supplies 74.5% of this geography's participants,badge_concentration,false,true,0.32,NCT00744263,74.54,true,,,3.68,CS=pooled50|GC=post_filter_trials|RM=drop|RI=none|TS=narrow|UG=on|EL=unrestricted|BS=both|ES=pw_raw|GL=country,2026-06-19,geo_rep_2026-06-19_run063
country,MEX,Mexico,1,pw_raw,female_share_pct,55.51,,,167,22982,pass,,show,false,true,0.64,NCT04343521,19.41,false,,,4.79,CS=pooled50|GC=post_filter_trials|RM=drop|RI=none|TS=narrow|UG=on|EL=unrestricted|BS=both|ES=pw_raw|GL=country,2026-06-19,geo_rep_2026-06-19_run063
country,SWE,Sweden,1,pw_raw,female_share_pct,45.09,,,164,515715,pass,one trial supplies 89.3% of this geography's participants,badge_concentration,false,false,0.04,NCT04927858,89.3,true,,,0.51,CS=pooled50|GC=post_filter_trials|RM=drop|RI=none|TS=narrow|UG=on|EL=unrestricted|BS=both|ES=pw_raw|GL=country,2026-06-19,geo_rep_2026-06-19_run063
country,X-TUR,Turkey (Türkiye),1,pw_raw,female_share_pct,48.25,,,164,27998,pass,,show,false,true,1.09,NCT04022668,10.72,false,,,2.57,CS=pooled50|GC=post_filter_trials|RM=drop|RI=none|TS=narrow|UG=on|EL=unrestricted|BS=both|ES=pw_raw|GL=country,2026-06-19,geo_rep_2026-06-19_run063
country,DNK,Denmark,1,pw_raw,female_share_pct,51.3,,,155,167211,pass,,show,true,false,0.09,NCT03405363,39.12,false,,,1.7,CS=pooled50|GC=post_filter_trials|RM=drop|RI=none|TS=narrow|UG=on|EL=unrestricted|BS=both|ES=pw_raw|GL=country,2026-06-19,geo_rep_2026-06-19_run063
country,CHE,Switzerland,1,pw_raw,female_share_pct,43.59,,,148,18692,pass,,show,false,true,1.9,NCT00617084,12.26,false,,,2.52,CS=pooled50|GC=post_filter_trials|RM=drop|RI=none|TS=narrow|UG=on|EL=unrestricted|BS=both|ES=pw_raw|GL=country,2026-06-19,geo_rep_2026-06-19_run063
country,ZAF,South Africa,1,pw_raw,female_share_pct,60.2,,,108,101995,pass,one trial supplies 49.8% of this geography's participants,badge_concentration,true,true,0.39,NCT04466488,49.8,true,,,5.41,CS=pooled50|GC=post_filter_trials|RM=drop|RI=none|TS=narrow|UG=on|EL=unrestricted|BS=both|ES=pw_raw|GL=country,2026-06-19,geo_rep_2026-06-19_run063
country,ISR,Israel,1,pw_raw,female_share_pct,48.67,,,103,16418,pass,,show,true,true,1.11,NCT00368316,17.05,false,,,2.55,CS=pooled50|GC=post_filter_trials|RM=drop|RI=none|TS=narrow|UG=on|EL=unrestricted|BS=both|ES=pw_raw|GL=country,2026-06-19,geo_rep_2026-06-19_run063
country,THA,Thailand,1,pw_raw,female_share_pct,42.94,,,102,59728,pass,,show,true,true,0.03,NCT00223080,27.45,false,,,0.74,CS=pooled50|GC=post_filter_trials|RM=drop|RI=none|TS=narrow|UG=on|EL=unrestricted|BS=both|ES=pw_raw|GL=country,2026-06-19,geo_rep_2026-06-19_run063
country,AUT,Austria,1,pw_raw,female_share_pct,51.97,,,98,40258,pass,,show,true,true,0.08,NCT01727518,37.18,false,,,4.64,CS=pooled50|GC=post_filter_trials|RM=drop|RI=none|TS=narrow|UG=on|EL=unrestricted|BS=both|ES=pw_raw|GL=country,2026-06-19,geo_rep_2026-06-19_run063
country,SGP,Singapore,1,pw_raw,female_share_pct,42.98,,,86,10227,pass,,show,false,true,0,NCT00325156,25.33,false,,,1.24,CS=pooled50|GC=post_filter_trials|RM=drop|RI=none|TS=narrow|UG=on|EL=unrestricted|BS=both|ES=pw_raw|GL=country,2026-06-19,geo_rep_2026-06-19_run063
country,POL,Poland,1,pw_raw,female_share_pct,53.46,,,69,31546,pass,,show,false,true,0.51,NCT03450915,39.49,false,,,2.26,CS=pooled50|GC=post_filter_trials|RM=drop|RI=none|TS=narrow|UG=on|EL=unrestricted|BS=both|ES=pw_raw|GL=country,2026-06-19,geo_rep_2026-06-19_run063
country,GRC,Greece,1,pw_raw,female_share_pct,45.03,,,62,13457,pass,,show,false,true,0.88,NCT04672941,10.37,false,,,1.79,CS=pooled50|GC=post_filter_trials|RM=drop|RI=none|TS=narrow|UG=on|EL=unrestricted|BS=both|ES=pw_raw|GL=country,2026-06-19,geo_rep_2026-06-19_run063
country,FIN,Finland,1,pw_raw,female_share_pct,54.39,,,61,92670,pass,,show,false,true,0.01,NCT04137887,35.71,false,,,1.38,CS=pooled50|GC=post_filter_trials|RM=drop|RI=none|TS=narrow|UG=on|EL=unrestricted|BS=both|ES=pw_raw|GL=country,2026-06-19,geo_rep_2026-06-19_run063
country,NOR,Norway,1,pw_raw,female_share_pct,50.08,,,59,20812,pass,,show,true,true,0.4,NCT02747121,35.59,false,,,3.95,CS=pooled50|GC=post_filter_trials|RM=drop|RI=none|TS=narrow|UG=on|EL=unrestricted|BS=both|ES=pw_raw|GL=country,2026-06-19,geo_rep_2026-06-19_run063
country,EGY,Egypt,1,pw_raw,female_share_pct,51.66,,,57,6344,pass,,show,true,true,0,NCT05570500,9.84,false,,,3.29,CS=pooled50|GC=post_filter_trials|RM=drop|RI=none|TS=narrow|UG=on|EL=unrestricted|BS=both|ES=pw_raw|GL=country,2026-06-19,geo_rep_2026-06-19_run063
country,HKG,Hong Kong,1,pw_raw,female_share_pct,43.68,,,51,8386,pass,,show,false,true,5.06,NCT04241575,12.65,false,,,4.55,CS=pooled50|GC=post_filter_trials|RM=drop|RI=none|TS=narrow|UG=on|EL=unrestricted|BS=both|ES=pw_raw|GL=country,2026-06-19,geo_rep_2026-06-19_run063
country,UGA,Uganda,1,pw_raw,female_share_pct,51.12,,,50,237275,pass,one trial supplies 80.8% of this geography's participants,badge_concentration,true,true,80.89,NCT04566510,80.83,true,,,5.47,CS=pooled50|GC=post_filter_trials|RM=drop|RI=none|TS=narrow|UG=on|EL=unrestricted|BS=both|ES=pw_raw|GL=country,2026-06-19,geo_rep_2026-06-19_run063
country,USA,United States,1,tw_median,female_share_pct,48.48,,,34824,22267105,pass,,show,false,false,0.25,NCT04053075,13.02,false,,,0.01,CS=pooled50|GC=post_filter_trials|RM=drop|RI=none|TS=narrow|UG=on|EL=unrestricted|BS=both|ES=tw_median|GL=country,2026-06-19,geo_rep_2026-06-19_run063
country,JPN,Japan,1,tw_median,female_share_pct,43.84,,,1217,1308659,pass,,show,false,false,0.07,NCT05321810,14.79,false,,,0.35,CS=pooled50|GC=post_filter_trials|RM=drop|RI=none|TS=narrow|UG=on|EL=unrestricted|BS=both|ES=tw_median|GL=country,2026-06-19,geo_rep_2026-06-19_run063
country,GBR,United Kingdom,1,tw_median,female_share_pct,46.15,,,1123,2246649,pass,,show,false,false,0.05,NCT04969653,33.59,false,,,1.58,CS=pooled50|GC=post_filter_trials|RM=drop|RI=none|TS=narrow|UG=on|EL=unrestricted|BS=both|ES=tw_median|GL=country,2026-06-19,geo_rep_2026-06-19_run063
country,CHN,China,1,tw_median,female_share_pct,43.18,,,935,2151656,pass,one trial supplies 77.1% of this geography's participants,badge_concentration,false,false,0.1,NCT04903496,77.12,true,,,1.19,CS=pooled50|GC=post_filter_trials|RM=drop|RI=none|TS=narrow|UG=on|EL=unrestricted|BS=both|ES=tw_median|GL=country,2026-06-19,geo_rep_2026-06-19_run063
country,CAN,Canada,1,tw_median,female_share_pct,50,,,917,780479,pass,,show,false,false,0.28,NCT02975375,34.15,false,,,3.57,CS=pooled50|GC=post_filter_trials|RM=drop|RI=none|TS=narrow|UG=on|EL=unrestricted|BS=both|ES=tw_median|GL=country,2026-06-19,geo_rep_2026-06-19_run063
country,DEU,Germany,1,tw_median,female_share_pct,44.44,,,754,416870,pass,,show,false,false,0.37,NCT05162014,34.84,false,,,0.47,CS=pooled50|GC=post_filter_trials|RM=drop|RI=none|TS=narrow|UG=on|EL=unrestricted|BS=both|ES=tw_median|GL=country,2026-06-19,geo_rep_2026-06-19_run063
country,KOR,South Korea,1,tw_median,female_share_pct,45.95,,,441,660555,pass,one trial supplies 56% of this geography's participants,badge_concentration,false,false,0.05,NCT04446039,56.05,true,,,0.4,CS=pooled50|GC=post_filter_trials|RM=drop|RI=none|TS=narrow|UG=on|EL=unrestricted|BS=both|ES=tw_median|GL=country,2026-06-19,geo_rep_2026-06-19_run063
country,FRA,France,1,tw_median,female_share_pct,45.39,,,392,1471854,pass,one trial supplies 94.5% of this geography's participants,badge_concentration,false,false,0.02,NCT05838664,94.46,true,,,2.23,CS=pooled50|GC=post_filter_trials|RM=drop|RI=none|TS=narrow|UG=on|EL=unrestricted|BS=both|ES=tw_median|GL=country,2026-06-19,geo_rep_2026-06-19_run063
country,ITA,Italy,1,tw_median,female_share_pct,45,,,337,78187,pass,,show,false,true,0.94,NCT02928536,15.22,false,,,3.45,CS=pooled50|GC=post_filter_trials|RM=drop|RI=none|TS=narrow|UG=on|EL=unrestricted|BS=both|ES=tw_median|GL=country,2026-06-19,geo_rep_2026-06-19_run063
country,ESP,Spain,1,tw_median,female_share_pct,42.41,,,332,125534,pass,,show,false,false,0.78,NCT03441633,41.18,false,,,0.7,CS=pooled50|GC=post_filter_trials|RM=drop|RI=none|TS=narrow|UG=on|EL=unrestricted|BS=both|ES=tw_median|GL=country,2026-06-19,geo_rep_2026-06-19_run063
country,TWN,Taiwan,1,tw_median,female_share_pct,46.21,,,250,142876,pass,one trial supplies 69.5% of this geography's participants,badge_concentration,false,false,0.57,NCT01741363,69.51,true,,,0.43,CS=pooled50|GC=post_filter_trials|RM=drop|RI=none|TS=narrow|UG=on|EL=unrestricted|BS=both|ES=tw_median|GL=country,2026-06-19,geo_rep_2026-06-19_run063
country,BEL,Belgium,1,tw_median,female_share_pct,47.59,,,232,44477,pass,,show,false,true,1.15,NCT03793972,18.34,false,,,2.6,CS=pooled50|GC=post_filter_trials|RM=drop|RI=none|TS=narrow|UG=on|EL=unrestricted|BS=both|ES=tw_median|GL=country,2026-06-19,geo_rep_2026-06-19_run063
country,BRA,Brazil,1,tw_median,female_share_pct,50,,,206,37359,pass,,show,false,true,2.64,NCT01363765,12.47,false,,,2.39,CS=pooled50|GC=post_filter_trials|RM=drop|RI=none|TS=narrow|UG=on|EL=unrestricted|BS=both|ES=tw_median|GL=country,2026-06-19,geo_rep_2026-06-19_run063
country,RUS,Russia,1,tw_median,female_share_pct,51.46,,,194,45415,pass,,show,false,true,0.27,NCT03415152,5.66,false,,,1.66,CS=pooled50|GC=post_filter_trials|RM=drop|RI=none|TS=narrow|UG=on|EL=unrestricted|BS=both|ES=tw_median|GL=country,2026-06-19,geo_rep_2026-06-19_run063
country,AUS,Australia,1,tw_median,female_share_pct,46.05,,,193,37780,pass,,show,false,true,0.76,NCT00430989,18.56,false,,,4.01,CS=pooled50|GC=post_filter_trials|RM=drop|RI=none|TS=narrow|UG=on|EL=unrestricted|BS=both|ES=tw_median|GL=country,2026-06-19,geo_rep_2026-06-19_run063
country,IND,India,1,tw_median,female_share_pct,40,,,191,68849,pass,,show,false,false,4.61,NCT01686750,31.56,false,,,2.24,CS=pooled50|GC=post_filter_trials|RM=drop|RI=none|TS=narrow|UG=on|EL=unrestricted|BS=both|ES=tw_median|GL=country,2026-06-19,geo_rep_2026-06-19_run063
country,NLD,Netherlands,1,tw_median,female_share_pct,43.03,,,180,113347,pass,one trial supplies 74.5% of this geography's participants,badge_concentration,false,true,0.32,NCT00744263,74.54,true,,,3.68,CS=pooled50|GC=post_filter_trials|RM=drop|RI=none|TS=narrow|UG=on|EL=unrestricted|BS=both|ES=tw_median|GL=country,2026-06-19,geo_rep_2026-06-19_run063
country,MEX,Mexico,1,tw_median,female_share_pct,59.09,,,167,22982,pass,,show,false,true,0.64,NCT04343521,19.41,false,,,4.79,CS=pooled50|GC=post_filter_trials|RM=drop|RI=none|TS=narrow|UG=on|EL=unrestricted|BS=both|ES=tw_median|GL=country,2026-06-19,geo_rep_2026-06-19_run063
country,SWE,Sweden,1,tw_median,female_share_pct,50,,,164,515715,pass,one trial supplies 89.3% of this geography's participants,badge_concentration,false,false,0.04,NCT04927858,89.3,true,,,0.51,CS=pooled50|GC=post_filter_trials|RM=drop|RI=none|TS=narrow|UG=on|EL=unrestricted|BS=both|ES=tw_median|GL=country,2026-06-19,geo_rep_2026-06-19_run063
country,X-TUR,Turkey (Türkiye),1,tw_median,female_share_pct,49.39,,,164,27998,pass,,show,false,true,1.09,NCT04022668,10.72,false,,,2.57,CS=pooled50|GC=post_filter_trials|RM=drop|RI=none|TS=narrow|UG=on|EL=unrestricted|BS=both|ES=tw_median|GL=country,2026-06-19,geo_rep_2026-06-19_run063
country,DNK,Denmark,1,tw_median,female_share_pct,50,,,155,167211,pass,,show,true,false,0.09,NCT03405363,39.12,false,,,1.7,CS=pooled50|GC=post_filter_trials|RM=drop|RI=none|TS=narrow|UG=on|EL=unrestricted|BS=both|ES=tw_median|GL=country,2026-06-19,geo_rep_2026-06-19_run063
country,CHE,Switzerland,1,tw_median,female_share_pct,47.56,,,148,18692,pass,,show,false,true,1.9,NCT00617084,12.26,false,,,2.52,CS=pooled50|GC=post_filter_trials|RM=drop|RI=none|TS=narrow|UG=on|EL=unrestricted|BS=both|ES=tw_median|GL=country,2026-06-19,geo_rep_2026-06-19_run063
country,ZAF,South Africa,1,tw_median,female_share_pct,48.08,,,108,101995,pass,one trial supplies 49.8% of this geography's participants,badge_concentration,true,true,0.39,NCT04466488,49.8,true,,,5.41,CS=pooled50|GC=post_filter_trials|RM=drop|RI=none|TS=narrow|UG=on|EL=unrestricted|BS=both|ES=tw_median|GL=country,2026-06-19,geo_rep_2026-06-19_run063
country,ISR,Israel,1,tw_median,female_share_pct,45.83,,,103,16418,pass,,show,true,true,1.11,NCT00368316,17.05,false,,,2.55,CS=pooled50|GC=post_filter_trials|RM=drop|RI=none|TS=narrow|UG=on|EL=unrestricted|BS=both|ES=tw_median|GL=country,2026-06-19,geo_rep_2026-06-19_run063
country,THA,Thailand,1,tw_median,female_share_pct,51.34,,,102,59728,pass,,show,true,true,0.03,NCT00223080,27.45,false,,,0.74,CS=pooled50|GC=post_filter_trials|RM=drop|RI=none|TS=narrow|UG=on|EL=unrestricted|BS=both|ES=tw_median|GL=country,2026-06-19,geo_rep_2026-06-19_run063
country,AUT,Austria,1,tw_median,female_share_pct,46.33,,,98,40258,pass,,show,true,true,0.08,NCT01727518,37.18,false,,,4.64,CS=pooled50|GC=post_filter_trials|RM=drop|RI=none|TS=narrow|UG=on|EL=unrestricted|BS=both|ES=tw_median|GL=country,2026-06-19,geo_rep_2026-06-19_run063
country,SGP,Singapore,1,tw_median,female_share_pct,30.42,,,86,10227,pass,,show,false,true,0,NCT00325156,25.33,false,,,1.24,CS=pooled50|GC=post_filter_trials|RM=drop|RI=none|TS=narrow|UG=on|EL=unrestricted|BS=both|ES=tw_median|GL=country,2026-06-19,geo_rep_2026-06-19_run063
country,POL,Poland,1,tw_median,female_share_pct,49.09,,,69,31546,pass,,show,false,true,0.51,NCT03450915,39.49,false,,,2.26,CS=pooled50|GC=post_filter_trials|RM=drop|RI=none|TS=narrow|UG=on|EL=unrestricted|BS=both|ES=tw_median|GL=country,2026-06-19,geo_rep_2026-06-19_run063
country,GRC,Greece,1,tw_median,female_share_pct,48.74,,,62,13457,pass,,show,false,true,0.88,NCT04672941,10.37,false,,,1.79,CS=pooled50|GC=post_filter_trials|RM=drop|RI=none|TS=narrow|UG=on|EL=unrestricted|BS=both|ES=tw_median|GL=country,2026-06-19,geo_rep_2026-06-19_run063
country,FIN,Finland,1,tw_median,female_share_pct,49.9,,,61,92670,pass,,show,false,true,0.01,NCT04137887,35.71,false,,,1.38,CS=pooled50|GC=post_filter_trials|RM=drop|RI=none|TS=narrow|UG=on|EL=unrestricted|BS=both|ES=tw_median|GL=country,2026-06-19,geo_rep_2026-06-19_run063
country,NOR,Norway,1,tw_median,female_share_pct,55.81,,,59,20812,pass,,show,true,true,0.4,NCT02747121,35.59,false,,,3.95,CS=pooled50|GC=post_filter_trials|RM=drop|RI=none|TS=narrow|UG=on|EL=unrestricted|BS=both|ES=tw_median|GL=country,2026-06-19,geo_rep_2026-06-19_run063
country,EGY,Egypt,1,tw_median,female_share_pct,51.67,,,57,6344,pass,,show,true,true,0,NCT05570500,9.84,false,,,3.29,CS=pooled50|GC=post_filter_trials|RM=drop|RI=none|TS=narrow|UG=on|EL=unrestricted|BS=both|ES=tw_median|GL=country,2026-06-19,geo_rep_2026-06-19_run063
country,HKG,Hong Kong,1,tw_median,female_share_pct,48.72,,,51,8386,pass,,show,false,true,5.06,NCT04241575,12.65,false,,,4.55,CS=pooled50|GC=post_filter_trials|RM=drop|RI=none|TS=narrow|UG=on|EL=unrestricted|BS=both|ES=tw_median|GL=country,2026-06-19,geo_rep_2026-06-19_run063
country,UGA,Uganda,1,tw_median,female_share_pct,54.35,,,50,237275,pass,one trial supplies 80.8% of this geography's participants,badge_concentration,true,true,80.89,NCT04566510,80.83,true,,,5.47,CS=pooled50|GC=post_filter_trials|RM=drop|RI=none|TS=narrow|UG=on|EL=unrestricted|BS=both|ES=tw_median|GL=country,2026-06-19,geo_rep_2026-06-19_run063
country,USA,United States,1,std_gcomp,female_share_pct,49.56,49.46,49.69,34824,22267105,pass,,show,false,false,0.25,NCT04053075,13.02,false,0.9812,-0.05,0.01,CS=pooled50|GC=post_filter_trials|RM=drop|RI=none|TS=narrow|UG=on|EL=unrestricted|BS=both|ES=std_gcomp|GL=country,2026-06-19,geo_rep_2026-06-19_run063
country,JPN,Japan,1,std_gcomp,female_share_pct,43.66,43.19,44.28,1217,1308659,pass,,show,false,false,0.07,NCT05321810,14.79,false,0.4769,-0.24,0.35,CS=pooled50|GC=post_filter_trials|RM=drop|RI=none|TS=narrow|UG=on|EL=unrestricted|BS=both|ES=std_gcomp|GL=country,2026-06-19,geo_rep_2026-06-19_run063
country,GBR,United Kingdom,1,std_gcomp,female_share_pct,53.39,53,53.71,1123,2246649,pass,,show,false,false,0.05,NCT04969653,33.59,false,0.6467,0.69,1.58,CS=pooled50|GC=post_filter_trials|RM=drop|RI=none|TS=narrow|UG=on|EL=unrestricted|BS=both|ES=std_gcomp|GL=country,2026-06-19,geo_rep_2026-06-19_run063
country,CHN,China,1,std_gcomp,female_share_pct,49.71,49.25,50.1,935,2151656,pass,one trial supplies 77.1% of this geography's participants,badge_concentration,false,false,0.1,NCT04903496,77.12,true,0.6512,2.4,1.19,CS=pooled50|GC=post_filter_trials|RM=drop|RI=none|TS=narrow|UG=on|EL=unrestricted|BS=both|ES=std_gcomp|GL=country,2026-06-19,geo_rep_2026-06-19_run063
country,CAN,Canada,1,std_gcomp,female_share_pct,51.82,51.19,52.46,917,780479,pass,,show,false,false,0.28,NCT02975375,34.15,false,0.4,-3.4,3.57,CS=pooled50|GC=post_filter_trials|RM=drop|RI=none|TS=narrow|UG=on|EL=unrestricted|BS=both|ES=std_gcomp|GL=country,2026-06-19,geo_rep_2026-06-19_run063
country,DEU,Germany,1,std_gcomp,female_share_pct,44.52,43.66,45.37,754,416870,pass,,show,false,false,0.37,NCT05162014,34.84,false,0.4463,0.96,0.47,CS=pooled50|GC=post_filter_trials|RM=drop|RI=none|TS=narrow|UG=on|EL=unrestricted|BS=both|ES=std_gcomp|GL=country,2026-06-19,geo_rep_2026-06-19_run063
country,KOR,South Korea,1,std_gcomp,female_share_pct,51.07,50.44,51.85,441,660555,pass,one trial supplies 56% of this geography's participants,badge_concentration,false,false,0.05,NCT04446039,56.05,true,0.4911,-3.87,0.4,CS=pooled50|GC=post_filter_trials|RM=drop|RI=none|TS=narrow|UG=on|EL=unrestricted|BS=both|ES=std_gcomp|GL=country,2026-06-19,geo_rep_2026-06-19_run063
country,FRA,France,1,std_gcomp,female_share_pct,47.23,46.78,47.74,392,1471854,pass,one trial supplies 94.5% of this geography's participants,badge_concentration,false,false,0.02,NCT05838664,94.46,true,0.4025,1.46,2.23,CS=pooled50|GC=post_filter_trials|RM=drop|RI=none|TS=narrow|UG=on|EL=unrestricted|BS=both|ES=std_gcomp|GL=country,2026-06-19,geo_rep_2026-06-19_run063
country,ITA,Italy,1,std_gcomp,female_share_pct,,,,337,78187,pass,support 0.215 < floor 0.25: the standardized value would be formed mostly over covariate cells this geography never occupies,withheld,false,true,0.94,NCT02928536,15.22,false,0.215,,3.45,CS=pooled50|GC=post_filter_trials|RM=drop|RI=none|TS=narrow|UG=on|EL=unrestricted|BS=both|ES=std_gcomp|GL=country,2026-06-19,geo_rep_2026-06-19_run063
country,ESP,Spain,1,std_gcomp,female_share_pct,46.66,45.05,48.16,332,125534,pass,,show,false,false,0.78,NCT03441633,41.18,false,0.2852,-0.32,0.7,CS=pooled50|GC=post_filter_trials|RM=drop|RI=none|TS=narrow|UG=on|EL=unrestricted|BS=both|ES=std_gcomp|GL=country,2026-06-19,geo_rep_2026-06-19_run063
country,TWN,Taiwan,1,std_gcomp,female_share_pct,50.26,48.72,51.68,250,142876,pass,one trial supplies 69.5% of this geography's participants,badge_concentration,false,false,0.57,NCT01741363,69.51,true,0.2553,-3.46,0.43,CS=pooled50|GC=post_filter_trials|RM=drop|RI=none|TS=narrow|UG=on|EL=unrestricted|BS=both|ES=std_gcomp|GL=country,2026-06-19,geo_rep_2026-06-19_run063
country,BEL,Belgium,1,std_gcomp,female_share_pct,,,,232,44477,pass,support 0.0495 < floor 0.25: the standardized value would be formed mostly over covariate cells this geography never occupies,withheld,false,true,1.15,NCT03793972,18.34,false,0.0495,,2.6,CS=pooled50|GC=post_filter_trials|RM=drop|RI=none|TS=narrow|UG=on|EL=unrestricted|BS=both|ES=std_gcomp|GL=country,2026-06-19,geo_rep_2026-06-19_run063
country,BRA,Brazil,1,std_gcomp,female_share_pct,,,,206,37359,pass,support 0.1164 < floor 0.25: the standardized value would be formed mostly over covariate cells this geography never occupies,withheld,false,true,2.64,NCT01363765,12.47,false,0.1164,,2.39,CS=pooled50|GC=post_filter_trials|RM=drop|RI=none|TS=narrow|UG=on|EL=unrestricted|BS=both|ES=std_gcomp|GL=country,2026-06-19,geo_rep_2026-06-19_run063
country,RUS,Russia,1,std_gcomp,female_share_pct,,,,194,45415,pass,support 0.2446 < floor 0.25: the standardized value would be formed mostly over covariate cells this geography never occupies,withheld,false,true,0.27,NCT03415152,5.66,false,0.2446,,1.66,CS=pooled50|GC=post_filter_trials|RM=drop|RI=none|TS=narrow|UG=on|EL=unrestricted|BS=both|ES=std_gcomp|GL=country,2026-06-19,geo_rep_2026-06-19_run063
country,AUS,Australia,1,std_gcomp,female_share_pct,,,,193,37780,pass,support 0.1295 < floor 0.25: the standardized value would be formed mostly over covariate cells this geography never occupies,withheld,false,true,0.76,NCT00430989,18.56,false,0.1295,,4.01,CS=pooled50|GC=post_filter_trials|RM=drop|RI=none|TS=narrow|UG=on|EL=unrestricted|BS=both|ES=std_gcomp|GL=country,2026-06-19,geo_rep_2026-06-19_run063
country,IND,India,1,std_gcomp,female_share_pct,21.3,19.95,22.8,191,68849,pass,,show,false,false,4.61,NCT01686750,31.56,false,0.2533,-5.7,2.24,CS=pooled50|GC=post_filter_trials|RM=drop|RI=none|TS=narrow|UG=on|EL=unrestricted|BS=both|ES=std_gcomp|GL=country,2026-06-19,geo_rep_2026-06-19_run063
country,NLD,Netherlands,1,std_gcomp,female_share_pct,,,,180,113347,pass,support 0.0521 < floor 0.25: the standardized value would be formed mostly over covariate cells this geography never occupies,withheld,false,true,0.32,NCT00744263,74.54,true,0.0521,,3.68,CS=pooled50|GC=post_filter_trials|RM=drop|RI=none|TS=narrow|UG=on|EL=unrestricted|BS=both|ES=std_gcomp|GL=country,2026-06-19,geo_rep_2026-06-19_run063
country,MEX,Mexico,1,std_gcomp,female_share_pct,,,,167,22982,pass,support 0.065 < floor 0.25: the standardized value would be formed mostly over covariate cells this geography never occupies,withheld,false,true,0.64,NCT04343521,19.41,false,0.065,,4.79,CS=pooled50|GC=post_filter_trials|RM=drop|RI=none|TS=narrow|UG=on|EL=unrestricted|BS=both|ES=std_gcomp|GL=country,2026-06-19,geo_rep_2026-06-19_run063
country,SWE,Sweden,1,std_gcomp,female_share_pct,47.54,46.85,48.22,164,515715,pass,one trial supplies 89.3% of this geography's participants,badge_concentration,false,false,0.04,NCT04927858,89.3,true,0.3492,2.45,0.51,CS=pooled50|GC=post_filter_trials|RM=drop|RI=none|TS=narrow|UG=on|EL=unrestricted|BS=both|ES=std_gcomp|GL=country,2026-06-19,geo_rep_2026-06-19_run063
country,X-TUR,Turkey (Türkiye),1,std_gcomp,female_share_pct,,,,164,27998,pass,support 0.1217 < floor 0.25: the standardized value would be formed mostly over covariate cells this geography never occupies,withheld,false,true,1.09,NCT04022668,10.72,false,0.1217,,2.57,CS=pooled50|GC=post_filter_trials|RM=drop|RI=none|TS=narrow|UG=on|EL=unrestricted|BS=both|ES=std_gcomp|GL=country,2026-06-19,geo_rep_2026-06-19_run063
country,DNK,Denmark,1,std_gcomp,female_share_pct,49.23,47.92,50.58,155,167211,pass,,show,true,false,0.09,NCT03405363,39.12,false,0.3833,-2.07,1.7,CS=pooled50|GC=post_filter_trials|RM=drop|RI=none|TS=narrow|UG=on|EL=unrestricted|BS=both|ES=std_gcomp|GL=country,2026-06-19,geo_rep_2026-06-19_run063
country,CHE,Switzerland,1,std_gcomp,female_share_pct,,,,148,18692,pass,support 0.0341 < floor 0.25: the standardized value would be formed mostly over covariate cells this geography never occupies,withheld,false,true,1.9,NCT00617084,12.26,false,0.0341,,2.52,CS=pooled50|GC=post_filter_trials|RM=drop|RI=none|TS=narrow|UG=on|EL=unrestricted|BS=both|ES=std_gcomp|GL=country,2026-06-19,geo_rep_2026-06-19_run063
country,ZAF,South Africa,1,std_gcomp,female_share_pct,,,,108,101995,pass,support 0.1813 < floor 0.25: the standardized value would be formed mostly over covariate cells this geography never occupies,withheld,true,true,0.39,NCT04466488,49.8,true,0.1813,,5.41,CS=pooled50|GC=post_filter_trials|RM=drop|RI=none|TS=narrow|UG=on|EL=unrestricted|BS=both|ES=std_gcomp|GL=country,2026-06-19,geo_rep_2026-06-19_run063
country,ISR,Israel,1,std_gcomp,female_share_pct,,,,103,16418,pass,support 0.0224 < floor 0.25: the standardized value would be formed mostly over covariate cells this geography never occupies,withheld,true,true,1.11,NCT00368316,17.05,false,0.0224,,2.55,CS=pooled50|GC=post_filter_trials|RM=drop|RI=none|TS=narrow|UG=on|EL=unrestricted|BS=both|ES=std_gcomp|GL=country,2026-06-19,geo_rep_2026-06-19_run063
country,THA,Thailand,1,std_gcomp,female_share_pct,,,,102,59728,pass,support 0.0592 < floor 0.25: the standardized value would be formed mostly over covariate cells this geography never occupies,withheld,true,true,0.03,NCT00223080,27.45,false,0.0592,,0.74,CS=pooled50|GC=post_filter_trials|RM=drop|RI=none|TS=narrow|UG=on|EL=unrestricted|BS=both|ES=std_gcomp|GL=country,2026-06-19,geo_rep_2026-06-19_run063
country,AUT,Austria,1,std_gcomp,female_share_pct,,,,98,40258,pass,support 0.127 < floor 0.25: the standardized value would be formed mostly over covariate cells this geography never occupies,withheld,true,true,0.08,NCT01727518,37.18,false,0.127,,4.64,CS=pooled50|GC=post_filter_trials|RM=drop|RI=none|TS=narrow|UG=on|EL=unrestricted|BS=both|ES=std_gcomp|GL=country,2026-06-19,geo_rep_2026-06-19_run063
country,SGP,Singapore,1,std_gcomp,female_share_pct,,,,86,10227,pass,support 0.0154 < floor 0.25: the standardized value would be formed mostly over covariate cells this geography never occupies,withheld,false,true,0,NCT00325156,25.33,false,0.0154,,1.24,CS=pooled50|GC=post_filter_trials|RM=drop|RI=none|TS=narrow|UG=on|EL=unrestricted|BS=both|ES=std_gcomp|GL=country,2026-06-19,geo_rep_2026-06-19_run063
country,POL,Poland,1,std_gcomp,female_share_pct,,,,69,31546,pass,support 0.0383 < floor 0.25: the standardized value would be formed mostly over covariate cells this geography never occupies,withheld,false,true,0.51,NCT03450915,39.49,false,0.0383,,2.26,CS=pooled50|GC=post_filter_trials|RM=drop|RI=none|TS=narrow|UG=on|EL=unrestricted|BS=both|ES=std_gcomp|GL=country,2026-06-19,geo_rep_2026-06-19_run063
country,GRC,Greece,1,std_gcomp,female_share_pct,,,,62,13457,pass,support 0.0681 < floor 0.25: the standardized value would be formed mostly over covariate cells this geography never occupies,withheld,false,true,0.88,NCT04672941,10.37,false,0.0681,,1.79,CS=pooled50|GC=post_filter_trials|RM=drop|RI=none|TS=narrow|UG=on|EL=unrestricted|BS=both|ES=std_gcomp|GL=country,2026-06-19,geo_rep_2026-06-19_run063
country,FIN,Finland,1,std_gcomp,female_share_pct,,,,61,92670,pass,support 0.0247 < floor 0.25: the standardized value would be formed mostly over covariate cells this geography never occupies,withheld,false,true,0.01,NCT04137887,35.71,false,0.0247,,1.38,CS=pooled50|GC=post_filter_trials|RM=drop|RI=none|TS=narrow|UG=on|EL=unrestricted|BS=both|ES=std_gcomp|GL=country,2026-06-19,geo_rep_2026-06-19_run063
country,NOR,Norway,1,std_gcomp,female_share_pct,,,,59,20812,pass,support 0.0323 < floor 0.25: the standardized value would be formed mostly over covariate cells this geography never occupies,withheld,true,true,0.4,NCT02747121,35.59,false,0.0323,,3.95,CS=pooled50|GC=post_filter_trials|RM=drop|RI=none|TS=narrow|UG=on|EL=unrestricted|BS=both|ES=std_gcomp|GL=country,2026-06-19,geo_rep_2026-06-19_run063
country,EGY,Egypt,1,std_gcomp,female_share_pct,,,,57,6344,pass,support 0.0169 < floor 0.25: the standardized value would be formed mostly over covariate cells this geography never occupies,withheld,true,true,0,NCT05570500,9.84,false,0.0169,,3.29,CS=pooled50|GC=post_filter_trials|RM=drop|RI=none|TS=narrow|UG=on|EL=unrestricted|BS=both|ES=std_gcomp|GL=country,2026-06-19,geo_rep_2026-06-19_run063
country,HKG,Hong Kong,1,std_gcomp,female_share_pct,,,,51,8386,pass,support 0.0241 < floor 0.25: the standardized value would be formed mostly over covariate cells this geography never occupies,withheld,false,true,5.06,NCT04241575,12.65,false,0.0241,,4.55,CS=pooled50|GC=post_filter_trials|RM=drop|RI=none|TS=narrow|UG=on|EL=unrestricted|BS=both|ES=std_gcomp|GL=country,2026-06-19,geo_rep_2026-06-19_run063
country,UGA,Uganda,1,std_gcomp,female_share_pct,,,,50,237275,pass,support 0.1655 < floor 0.25: the standardized value would be formed mostly over covariate cells this geography never occupies,withheld,true,true,80.89,NCT04566510,80.83,true,0.1655,,5.47,CS=pooled50|GC=post_filter_trials|RM=drop|RI=none|TS=narrow|UG=on|EL=unrestricted|BS=both|ES=std_gcomp|GL=country,2026-06-19,geo_rep_2026-06-19_run063
country,USA,United States,1,std_modal,female_share_pct,50.4,,,34824,22267105,pass,,show,false,false,0.25,NCT04053075,13.02,false,0.9812,,0.01,CS=pooled50|GC=post_filter_trials|RM=drop|RI=none|TS=narrow|UG=on|EL=unrestricted|BS=both|ES=std_modal|GL=country,2026-06-19,geo_rep_2026-06-19_run063
country,JPN,Japan,1,std_modal,female_share_pct,44.31,,,1217,1308659,pass,,show,false,false,0.07,NCT05321810,14.79,false,0.4769,,0.35,CS=pooled50|GC=post_filter_trials|RM=drop|RI=none|TS=narrow|UG=on|EL=unrestricted|BS=both|ES=std_modal|GL=country,2026-06-19,geo_rep_2026-06-19_run063
country,GBR,United Kingdom,1,std_modal,female_share_pct,54.36,,,1123,2246649,pass,,show,false,false,0.05,NCT04969653,33.59,false,0.6467,,1.58,CS=pooled50|GC=post_filter_trials|RM=drop|RI=none|TS=narrow|UG=on|EL=unrestricted|BS=both|ES=std_modal|GL=country,2026-06-19,geo_rep_2026-06-19_run063
country,CHN,China,1,std_modal,female_share_pct,50.55,,,935,2151656,pass,one trial supplies 77.1% of this geography's participants,badge_concentration,false,false,0.1,NCT04903496,77.12,true,0.6512,,1.19,CS=pooled50|GC=post_filter_trials|RM=drop|RI=none|TS=narrow|UG=on|EL=unrestricted|BS=both|ES=std_modal|GL=country,2026-06-19,geo_rep_2026-06-19_run063
country,CAN,Canada,1,std_modal,female_share_pct,52.74,,,917,780479,pass,,show,false,false,0.28,NCT02975375,34.15,false,0.4,,3.57,CS=pooled50|GC=post_filter_trials|RM=drop|RI=none|TS=narrow|UG=on|EL=unrestricted|BS=both|ES=std_modal|GL=country,2026-06-19,geo_rep_2026-06-19_run063
country,DEU,Germany,1,std_modal,female_share_pct,45.2,,,754,416870,pass,,show,false,false,0.37,NCT05162014,34.84,false,0.4463,,0.47,CS=pooled50|GC=post_filter_trials|RM=drop|RI=none|TS=narrow|UG=on|EL=unrestricted|BS=both|ES=std_modal|GL=country,2026-06-19,geo_rep_2026-06-19_run063
country,KOR,South Korea,1,std_modal,female_share_pct,51.96,,,441,660555,pass,one trial supplies 56% of this geography's participants,badge_concentration,false,false,0.05,NCT04446039,56.05,true,0.4911,,0.4,CS=pooled50|GC=post_filter_trials|RM=drop|RI=none|TS=narrow|UG=on|EL=unrestricted|BS=both|ES=std_modal|GL=country,2026-06-19,geo_rep_2026-06-19_run063
country,FRA,France,1,std_modal,female_share_pct,47.99,,,392,1471854,pass,one trial supplies 94.5% of this geography's participants,badge_concentration,false,false,0.02,NCT05838664,94.46,true,0.4025,,2.23,CS=pooled50|GC=post_filter_trials|RM=drop|RI=none|TS=narrow|UG=on|EL=unrestricted|BS=both|ES=std_modal|GL=country,2026-06-19,geo_rep_2026-06-19_run063
country,ITA,Italy,1,std_modal,female_share_pct,,,,337,78187,pass,support 0.215 < floor 0.25: the standardized value would be formed mostly over covariate cells this geography never occupies,withheld,false,true,0.94,NCT02928536,15.22,false,0.215,,3.45,CS=pooled50|GC=post_filter_trials|RM=drop|RI=none|TS=narrow|UG=on|EL=unrestricted|BS=both|ES=std_modal|GL=country,2026-06-19,geo_rep_2026-06-19_run063
country,ESP,Spain,1,std_modal,female_share_pct,47.41,,,332,125534,pass,,show,false,false,0.78,NCT03441633,41.18,false,0.2852,,0.7,CS=pooled50|GC=post_filter_trials|RM=drop|RI=none|TS=narrow|UG=on|EL=unrestricted|BS=both|ES=std_modal|GL=country,2026-06-19,geo_rep_2026-06-19_run063
country,TWN,Taiwan,1,std_modal,female_share_pct,51.12,,,250,142876,pass,one trial supplies 69.5% of this geography's participants,badge_concentration,false,false,0.57,NCT01741363,69.51,true,0.2553,,0.43,CS=pooled50|GC=post_filter_trials|RM=drop|RI=none|TS=narrow|UG=on|EL=unrestricted|BS=both|ES=std_modal|GL=country,2026-06-19,geo_rep_2026-06-19_run063
country,BEL,Belgium,1,std_modal,female_share_pct,,,,232,44477,pass,support 0.0495 < floor 0.25: the standardized value would be formed mostly over covariate cells this geography never occupies,withheld,false,true,1.15,NCT03793972,18.34,false,0.0495,,2.6,CS=pooled50|GC=post_filter_trials|RM=drop|RI=none|TS=narrow|UG=on|EL=unrestricted|BS=both|ES=std_modal|GL=country,2026-06-19,geo_rep_2026-06-19_run063
country,BRA,Brazil,1,std_modal,female_share_pct,,,,206,37359,pass,support 0.1164 < floor 0.25: the standardized value would be formed mostly over covariate cells this geography never occupies,withheld,false,true,2.64,NCT01363765,12.47,false,0.1164,,2.39,CS=pooled50|GC=post_filter_trials|RM=drop|RI=none|TS=narrow|UG=on|EL=unrestricted|BS=both|ES=std_modal|GL=country,2026-06-19,geo_rep_2026-06-19_run063
country,RUS,Russia,1,std_modal,female_share_pct,,,,194,45415,pass,support 0.2446 < floor 0.25: the standardized value would be formed mostly over covariate cells this geography never occupies,withheld,false,true,0.27,NCT03415152,5.66,false,0.2446,,1.66,CS=pooled50|GC=post_filter_trials|RM=drop|RI=none|TS=narrow|UG=on|EL=unrestricted|BS=both|ES=std_modal|GL=country,2026-06-19,geo_rep_2026-06-19_run063
country,AUS,Australia,1,std_modal,female_share_pct,,,,193,37780,pass,support 0.1295 < floor 0.25: the standardized value would be formed mostly over covariate cells this geography never occupies,withheld,false,true,0.76,NCT00430989,18.56,false,0.1295,,4.01,CS=pooled50|GC=post_filter_trials|RM=drop|RI=none|TS=narrow|UG=on|EL=unrestricted|BS=both|ES=std_modal|GL=country,2026-06-19,geo_rep_2026-06-19_run063
country,IND,India,1,std_modal,female_share_pct,21.38,,,191,68849,pass,,show,false,false,4.61,NCT01686750,31.56,false,0.2533,,2.24,CS=pooled50|GC=post_filter_trials|RM=drop|RI=none|TS=narrow|UG=on|EL=unrestricted|BS=both|ES=std_modal|GL=country,2026-06-19,geo_rep_2026-06-19_run063
country,NLD,Netherlands,1,std_modal,female_share_pct,,,,180,113347,pass,support 0.0521 < floor 0.25: the standardized value would be formed mostly over covariate cells this geography never occupies,withheld,false,true,0.32,NCT00744263,74.54,true,0.0521,,3.68,CS=pooled50|GC=post_filter_trials|RM=drop|RI=none|TS=narrow|UG=on|EL=unrestricted|BS=both|ES=std_modal|GL=country,2026-06-19,geo_rep_2026-06-19_run063
country,MEX,Mexico,1,std_modal,female_share_pct,,,,167,22982,pass,support 0.065 < floor 0.25: the standardized value would be formed mostly over covariate cells this geography never occupies,withheld,false,true,0.64,NCT04343521,19.41,false,0.065,,4.79,CS=pooled50|GC=post_filter_trials|RM=drop|RI=none|TS=narrow|UG=on|EL=unrestricted|BS=both|ES=std_modal|GL=country,2026-06-19,geo_rep_2026-06-19_run063
country,SWE,Sweden,1,std_modal,female_share_pct,48.32,,,164,515715,pass,one trial supplies 89.3% of this geography's participants,badge_concentration,false,false,0.04,NCT04927858,89.3,true,0.3492,,0.51,CS=pooled50|GC=post_filter_trials|RM=drop|RI=none|TS=narrow|UG=on|EL=unrestricted|BS=both|ES=std_modal|GL=country,2026-06-19,geo_rep_2026-06-19_run063
country,X-TUR,Turkey (Türkiye),1,std_modal,female_share_pct,,,,164,27998,pass,support 0.1217 < floor 0.25: the standardized value would be formed mostly over covariate cells this geography never occupies,withheld,false,true,1.09,NCT04022668,10.72,false,0.1217,,2.57,CS=pooled50|GC=post_filter_trials|RM=drop|RI=none|TS=narrow|UG=on|EL=unrestricted|BS=both|ES=std_modal|GL=country,2026-06-19,geo_rep_2026-06-19_run063
country,DNK,Denmark,1,std_modal,female_share_pct,50.06,,,155,167211,pass,,show,true,false,0.09,NCT03405363,39.12,false,0.3833,,1.7,CS=pooled50|GC=post_filter_trials|RM=drop|RI=none|TS=narrow|UG=on|EL=unrestricted|BS=both|ES=std_modal|GL=country,2026-06-19,geo_rep_2026-06-19_run063
country,CHE,Switzerland,1,std_modal,female_share_pct,,,,148,18692,pass,support 0.0341 < floor 0.25: the standardized value would be formed mostly over covariate cells this geography never occupies,withheld,false,true,1.9,NCT00617084,12.26,false,0.0341,,2.52,CS=pooled50|GC=post_filter_trials|RM=drop|RI=none|TS=narrow|UG=on|EL=unrestricted|BS=both|ES=std_modal|GL=country,2026-06-19,geo_rep_2026-06-19_run063
country,ZAF,South Africa,1,std_modal,female_share_pct,,,,108,101995,pass,support 0.1813 < floor 0.25: the standardized value would be formed mostly over covariate cells this geography never occupies,withheld,true,true,0.39,NCT04466488,49.8,true,0.1813,,5.41,CS=pooled50|GC=post_filter_trials|RM=drop|RI=none|TS=narrow|UG=on|EL=unrestricted|BS=both|ES=std_modal|GL=country,2026-06-19,geo_rep_2026-06-19_run063
country,ISR,Israel,1,std_modal,female_share_pct,,,,103,16418,pass,support 0.0224 < floor 0.25: the standardized value would be formed mostly over covariate cells this geography never occupies,withheld,true,true,1.11,NCT00368316,17.05,false,0.0224,,2.55,CS=pooled50|GC=post_filter_trials|RM=drop|RI=none|TS=narrow|UG=on|EL=unrestricted|BS=both|ES=std_modal|GL=country,2026-06-19,geo_rep_2026-06-19_run063
country,THA,Thailand,1,std_modal,female_share_pct,,,,102,59728,pass,support 0.0592 < floor 0.25: the standardized value would be formed mostly over covariate cells this geography never occupies,withheld,true,true,0.03,NCT00223080,27.45,false,0.0592,,0.74,CS=pooled50|GC=post_filter_trials|RM=drop|RI=none|TS=narrow|UG=on|EL=unrestricted|BS=both|ES=std_modal|GL=country,2026-06-19,geo_rep_2026-06-19_run063
country,AUT,Austria,1,std_modal,female_share_pct,,,,98,40258,pass,support 0.127 < floor 0.25: the standardized value would be formed mostly over covariate cells this geography never occupies,withheld,true,true,0.08,NCT01727518,37.18,false,0.127,,4.64,CS=pooled50|GC=post_filter_trials|RM=drop|RI=none|TS=narrow|UG=on|EL=unrestricted|BS=both|ES=std_modal|GL=country,2026-06-19,geo_rep_2026-06-19_run063
country,SGP,Singapore,1,std_modal,female_share_pct,,,,86,10227,pass,support 0.0154 < floor 0.25: the standardized value would be formed mostly over covariate cells this geography never occupies,withheld,false,true,0,NCT00325156,25.33,false,0.0154,,1.24,CS=pooled50|GC=post_filter_trials|RM=drop|RI=none|TS=narrow|UG=on|EL=unrestricted|BS=both|ES=std_modal|GL=country,2026-06-19,geo_rep_2026-06-19_run063
country,POL,Poland,1,std_modal,female_share_pct,,,,69,31546,pass,support 0.0383 < floor 0.25: the standardized value would be formed mostly over covariate cells this geography never occupies,withheld,false,true,0.51,NCT03450915,39.49,false,0.0383,,2.26,CS=pooled50|GC=post_filter_trials|RM=drop|RI=none|TS=narrow|UG=on|EL=unrestricted|BS=both|ES=std_modal|GL=country,2026-06-19,geo_rep_2026-06-19_run063
country,GRC,Greece,1,std_modal,female_share_pct,,,,62,13457,pass,support 0.0681 < floor 0.25: the standardized value would be formed mostly over covariate cells this geography never occupies,withheld,false,true,0.88,NCT04672941,10.37,false,0.0681,,1.79,CS=pooled50|GC=post_filter_trials|RM=drop|RI=none|TS=narrow|UG=on|EL=unrestricted|BS=both|ES=std_modal|GL=country,2026-06-19,geo_rep_2026-06-19_run063
country,FIN,Finland,1,std_modal,female_share_pct,,,,61,92670,pass,support 0.0247 < floor 0.25: the standardized value would be formed mostly over covariate cells this geography never occupies,withheld,false,true,0.01,NCT04137887,35.71,false,0.0247,,1.38,CS=pooled50|GC=post_filter_trials|RM=drop|RI=none|TS=narrow|UG=on|EL=unrestricted|BS=both|ES=std_modal|GL=country,2026-06-19,geo_rep_2026-06-19_run063
country,NOR,Norway,1,std_modal,female_share_pct,,,,59,20812,pass,support 0.0323 < floor 0.25: the standardized value would be formed mostly over covariate cells this geography never occupies,withheld,true,true,0.4,NCT02747121,35.59,false,0.0323,,3.95,CS=pooled50|GC=post_filter_trials|RM=drop|RI=none|TS=narrow|UG=on|EL=unrestricted|BS=both|ES=std_modal|GL=country,2026-06-19,geo_rep_2026-06-19_run063
country,EGY,Egypt,1,std_modal,female_share_pct,,,,57,6344,pass,support 0.0169 < floor 0.25: the standardized value would be formed mostly over covariate cells this geography never occupies,withheld,true,true,0,NCT05570500,9.84,false,0.0169,,3.29,CS=pooled50|GC=post_filter_trials|RM=drop|RI=none|TS=narrow|UG=on|EL=unrestricted|BS=both|ES=std_modal|GL=country,2026-06-19,geo_rep_2026-06-19_run063
country,HKG,Hong Kong,1,std_modal,female_share_pct,,,,51,8386,pass,support 0.0241 < floor 0.25: the standardized value would be formed mostly over covariate cells this geography never occupies,withheld,false,true,5.06,NCT04241575,12.65,false,0.0241,,4.55,CS=pooled50|GC=post_filter_trials|RM=drop|RI=none|TS=narrow|UG=on|EL=unrestricted|BS=both|ES=std_modal|GL=country,2026-06-19,geo_rep_2026-06-19_run063
country,UGA,Uganda,1,std_modal,female_share_pct,,,,50,237275,pass,support 0.1655 < floor 0.25: the standardized value would be formed mostly over covariate cells this geography never occupies,withheld,true,true,80.89,NCT04566510,80.83,true,0.1655,,5.47,CS=pooled50|GC=post_filter_trials|RM=drop|RI=none|TS=narrow|UG=on|EL=unrestricted|BS=both|ES=std_modal|GL=country,2026-06-19,geo_rep_2026-06-19_run063
country,USA,United States,1,not_applicable,n_trials,34824,,,34824,22267105,pass,,show,false,false,0.25,NCT04053075,13.02,false,,,0.01,CS=pooled50|GC=post_filter_trials|RM=drop|RI=none|TS=narrow|UG=on|EL=unrestricted|BS=both|ES=pw_raw|GL=country,2026-06-19,geo_rep_2026-06-19_run063
country,JPN,Japan,1,not_applicable,n_trials,1217,,,1217,1308659,pass,,show,false,false,0.07,NCT05321810,14.79,false,,,0.35,CS=pooled50|GC=post_filter_trials|RM=drop|RI=none|TS=narrow|UG=on|EL=unrestricted|BS=both|ES=pw_raw|GL=country,2026-06-19,geo_rep_2026-06-19_run063
country,GBR,United Kingdom,1,not_applicable,n_trials,1123,,,1123,2246649,pass,,show,false,false,0.05,NCT04969653,33.59,false,,,1.58,CS=pooled50|GC=post_filter_trials|RM=drop|RI=none|TS=narrow|UG=on|EL=unrestricted|BS=both|ES=pw_raw|GL=country,2026-06-19,geo_rep_2026-06-19_run063
country,CHN,China,1,not_applicable,n_trials,935,,,935,2151656,pass,one trial supplies 77.1% of this geography's participants,badge_concentration,false,false,0.1,NCT04903496,77.12,true,,,1.19,CS=pooled50|GC=post_filter_trials|RM=drop|RI=none|TS=narrow|UG=on|EL=unrestricted|BS=both|ES=pw_raw|GL=country,2026-06-19,geo_rep_2026-06-19_run063
country,CAN,Canada,1,not_applicable,n_trials,917,,,917,780479,pass,,show,false,false,0.28,NCT02975375,34.15,false,,,3.57,CS=pooled50|GC=post_filter_trials|RM=drop|RI=none|TS=narrow|UG=on|EL=unrestricted|BS=both|ES=pw_raw|GL=country,2026-06-19,geo_rep_2026-06-19_run063
country,DEU,Germany,1,not_applicable,n_trials,754,,,754,416870,pass,,show,false,false,0.37,NCT05162014,34.84,false,,,0.47,CS=pooled50|GC=post_filter_trials|RM=drop|RI=none|TS=narrow|UG=on|EL=unrestricted|BS=both|ES=pw_raw|GL=country,2026-06-19,geo_rep_2026-06-19_run063
country,KOR,South Korea,1,not_applicable,n_trials,441,,,441,660555,pass,one trial supplies 56% of this geography's participants,badge_concentration,false,false,0.05,NCT04446039,56.05,true,,,0.4,CS=pooled50|GC=post_filter_trials|RM=drop|RI=none|TS=narrow|UG=on|EL=unrestricted|BS=both|ES=pw_raw|GL=country,2026-06-19,geo_rep_2026-06-19_run063
country,FRA,France,1,not_applicable,n_trials,392,,,392,1471854,pass,one trial supplies 94.5% of this geography's participants,badge_concentration,false,false,0.02,NCT05838664,94.46,true,,,2.23,CS=pooled50|GC=post_filter_trials|RM=drop|RI=none|TS=narrow|UG=on|EL=unrestricted|BS=both|ES=pw_raw|GL=country,2026-06-19,geo_rep_2026-06-19_run063
country,ITA,Italy,1,not_applicable,n_trials,337,,,337,78187,pass,,show,false,true,0.94,NCT02928536,15.22,false,,,3.45,CS=pooled50|GC=post_filter_trials|RM=drop|RI=none|TS=narrow|UG=on|EL=unrestricted|BS=both|ES=pw_raw|GL=country,2026-06-19,geo_rep_2026-06-19_run063
country,ESP,Spain,1,not_applicable,n_trials,332,,,332,125534,pass,,show,false,false,0.78,NCT03441633,41.18,false,,,0.7,CS=pooled50|GC=post_filter_trials|RM=drop|RI=none|TS=narrow|UG=on|EL=unrestricted|BS=both|ES=pw_raw|GL=country,2026-06-19,geo_rep_2026-06-19_run063
country,TWN,Taiwan,1,not_applicable,n_trials,250,,,250,142876,pass,one trial supplies 69.5% of this geography's participants,badge_concentration,false,false,0.57,NCT01741363,69.51,true,,,0.43,CS=pooled50|GC=post_filter_trials|RM=drop|RI=none|TS=narrow|UG=on|EL=unrestricted|BS=both|ES=pw_raw|GL=country,2026-06-19,geo_rep_2026-06-19_run063
country,BEL,Belgium,1,not_applicable,n_trials,232,,,232,44477,pass,,show,false,true,1.15,NCT03793972,18.34,false,,,2.6,CS=pooled50|GC=post_filter_trials|RM=drop|RI=none|TS=narrow|UG=on|EL=unrestricted|BS=both|ES=pw_raw|GL=country,2026-06-19,geo_rep_2026-06-19_run063
country,BRA,Brazil,1,not_applicable,n_trials,206,,,206,37359,pass,,show,false,true,2.64,NCT01363765,12.47,false,,,2.39,CS=pooled50|GC=post_filter_trials|RM=drop|RI=none|TS=narrow|UG=on|EL=unrestricted|BS=both|ES=pw_raw|GL=country,2026-06-19,geo_rep_2026-06-19_run063
country,RUS,Russia,1,not_applicable,n_trials,194,,,194,45415,pass,,show,false,true,0.27,NCT03415152,5.66,false,,,1.66,CS=pooled50|GC=post_filter_trials|RM=drop|RI=none|TS=narrow|UG=on|EL=unrestricted|BS=both|ES=pw_raw|GL=country,2026-06-19,geo_rep_2026-06-19_run063
country,AUS,Australia,1,not_applicable,n_trials,193,,,193,37780,pass,,show,false,true,0.76,NCT00430989,18.56,false,,,4.01,CS=pooled50|GC=post_filter_trials|RM=drop|RI=none|TS=narrow|UG=on|EL=unrestricted|BS=both|ES=pw_raw|GL=country,2026-06-19,geo_rep_2026-06-19_run063
country,IND,India,1,not_applicable,n_trials,191,,,191,68849,pass,,show,false,false,4.61,NCT01686750,31.56,false,,,2.24,CS=pooled50|GC=post_filter_trials|RM=drop|RI=none|TS=narrow|UG=on|EL=unrestricted|BS=both|ES=pw_raw|GL=country,2026-06-19,geo_rep_2026-06-19_run063
country,NLD,Netherlands,1,not_applicable,n_trials,180,,,180,113347,pass,one trial supplies 74.5% of this geography's participants,badge_concentration,false,true,0.32,NCT00744263,74.54,true,,,3.68,CS=pooled50|GC=post_filter_trials|RM=drop|RI=none|TS=narrow|UG=on|EL=unrestricted|BS=both|ES=pw_raw|GL=country,2026-06-19,geo_rep_2026-06-19_run063
country,MEX,Mexico,1,not_applicable,n_trials,167,,,167,22982,pass,,show,false,true,0.64,NCT04343521,19.41,false,,,4.79,CS=pooled50|GC=post_filter_trials|RM=drop|RI=none|TS=narrow|UG=on|EL=unrestricted|BS=both|ES=pw_raw|GL=country,2026-06-19,geo_rep_2026-06-19_run063
country,SWE,Sweden,1,not_applicable,n_trials,164,,,164,515715,pass,one trial supplies 89.3% of this geography's participants,badge_concentration,false,false,0.04,NCT04927858,89.3,true,,,0.51,CS=pooled50|GC=post_filter_trials|RM=drop|RI=none|TS=narrow|UG=on|EL=unrestricted|BS=both|ES=pw_raw|GL=country,2026-06-19,geo_rep_2026-06-19_run063
country,X-TUR,Turkey (Türkiye),1,not_applicable,n_trials,164,,,164,27998,pass,,show,false,true,1.09,NCT04022668,10.72,false,,,2.57,CS=pooled50|GC=post_filter_trials|RM=drop|RI=none|TS=narrow|UG=on|EL=unrestricted|BS=both|ES=pw_raw|GL=country,2026-06-19,geo_rep_2026-06-19_run063
country,DNK,Denmark,1,not_applicable,n_trials,155,,,155,167211,pass,,show,true,false,0.09,NCT03405363,39.12,false,,,1.7,CS=pooled50|GC=post_filter_trials|RM=drop|RI=none|TS=narrow|UG=on|EL=unrestricted|BS=both|ES=pw_raw|GL=country,2026-06-19,geo_rep_2026-06-19_run063
country,CHE,Switzerland,1,not_applicable,n_trials,148,,,148,18692,pass,,show,false,true,1.9,NCT00617084,12.26,false,,,2.52,CS=pooled50|GC=post_filter_trials|RM=drop|RI=none|TS=narrow|UG=on|EL=unrestricted|BS=both|ES=pw_raw|GL=country,2026-06-19,geo_rep_2026-06-19_run063
country,ZAF,South Africa,1,not_applicable,n_trials,108,,,108,101995,pass,one trial supplies 49.8% of this geography's participants,badge_concentration,true,true,0.39,NCT04466488,49.8,true,,,5.41,CS=pooled50|GC=post_filter_trials|RM=drop|RI=none|TS=narrow|UG=on|EL=unrestricted|BS=both|ES=pw_raw|GL=country,2026-06-19,geo_rep_2026-06-19_run063
country,ISR,Israel,1,not_applicable,n_trials,103,,,103,16418,pass,,show,true,true,1.11,NCT00368316,17.05,false,,,2.55,CS=pooled50|GC=post_filter_trials|RM=drop|RI=none|TS=narrow|UG=on|EL=unrestricted|BS=both|ES=pw_raw|GL=country,2026-06-19,geo_rep_2026-06-19_run063
country,THA,Thailand,1,not_applicable,n_trials,102,,,102,59728,pass,,show,true,true,0.03,NCT00223080,27.45,false,,,0.74,CS=pooled50|GC=post_filter_trials|RM=drop|RI=none|TS=narrow|UG=on|EL=unrestricted|BS=both|ES=pw_raw|GL=country,2026-06-19,geo_rep_2026-06-19_run063
country,AUT,Austria,1,not_applicable,n_trials,98,,,98,40258,pass,,show,true,true,0.08,NCT01727518,37.18,false,,,4.64,CS=pooled50|GC=post_filter_trials|RM=drop|RI=none|TS=narrow|UG=on|EL=unrestricted|BS=both|ES=pw_raw|GL=country,2026-06-19,geo_rep_2026-06-19_run063
country,SGP,Singapore,1,not_applicable,n_trials,86,,,86,10227,pass,,show,false,true,0,NCT00325156,25.33,false,,,1.24,CS=pooled50|GC=post_filter_trials|RM=drop|RI=none|TS=narrow|UG=on|EL=unrestricted|BS=both|ES=pw_raw|GL=country,2026-06-19,geo_rep_2026-06-19_run063
country,POL,Poland,1,not_applicable,n_trials,69,,,69,31546,pass,,show,false,true,0.51,NCT03450915,39.49,false,,,2.26,CS=pooled50|GC=post_filter_trials|RM=drop|RI=none|TS=narrow|UG=on|EL=unrestricted|BS=both|ES=pw_raw|GL=country,2026-06-19,geo_rep_2026-06-19_run063
country,GRC,Greece,1,not_applicable,n_trials,62,,,62,13457,pass,,show,false,true,0.88,NCT04672941,10.37,false,,,1.79,CS=pooled50|GC=post_filter_trials|RM=drop|RI=none|TS=narrow|UG=on|EL=unrestricted|BS=both|ES=pw_raw|GL=country,2026-06-19,geo_rep_2026-06-19_run063
country,FIN,Finland,1,not_applicable,n_trials,61,,,61,92670,pass,,show,false,true,0.01,NCT04137887,35.71,false,,,1.38,CS=pooled50|GC=post_filter_trials|RM=drop|RI=none|TS=narrow|UG=on|EL=unrestricted|BS=both|ES=pw_raw|GL=country,2026-06-19,geo_rep_2026-06-19_run063
country,NOR,Norway,1,not_applicable,n_trials,59,,,59,20812,pass,,show,true,true,0.4,NCT02747121,35.59,false,,,3.95,CS=pooled50|GC=post_filter_trials|RM=drop|RI=none|TS=narrow|UG=on|EL=unrestricted|BS=both|ES=pw_raw|GL=country,2026-06-19,geo_rep_2026-06-19_run063
country,EGY,Egypt,1,not_applicable,n_trials,57,,,57,6344,pass,,show,true,true,0,NCT05570500,9.84,false,,,3.29,CS=pooled50|GC=post_filter_trials|RM=drop|RI=none|TS=narrow|UG=on|EL=unrestricted|BS=both|ES=pw_raw|GL=country,2026-06-19,geo_rep_2026-06-19_run063
country,HKG,Hong Kong,1,not_applicable,n_trials,51,,,51,8386,pass,,show,false,true,5.06,NCT04241575,12.65,false,,,4.55,CS=pooled50|GC=post_filter_trials|RM=drop|RI=none|TS=narrow|UG=on|EL=unrestricted|BS=both|ES=pw_raw|GL=country,2026-06-19,geo_rep_2026-06-19_run063
country,UGA,Uganda,1,not_applicable,n_trials,50,,,50,237275,pass,one trial supplies 80.8% of this geography's participants,badge_concentration,true,true,80.89,NCT04566510,80.83,true,,,5.47,CS=pooled50|GC=post_filter_trials|RM=drop|RI=none|TS=narrow|UG=on|EL=unrestricted|BS=both|ES=pw_raw|GL=country,2026-06-19,geo_rep_2026-06-19_run063
country,USA,United States,1,not_applicable,n_participants,22267105,,,34824,22267105,pass,,show,false,false,0.25,NCT04053075,13.02,false,,,0.01,CS=pooled50|GC=post_filter_trials|RM=drop|RI=none|TS=narrow|UG=on|EL=unrestricted|BS=both|ES=pw_raw|GL=country,2026-06-19,geo_rep_2026-06-19_run063
country,JPN,Japan,1,not_applicable,n_participants,1308659,,,1217,1308659,pass,,show,false,false,0.07,NCT05321810,14.79,false,,,0.35,CS=pooled50|GC=post_filter_trials|RM=drop|RI=none|TS=narrow|UG=on|EL=unrestricted|BS=both|ES=pw_raw|GL=country,2026-06-19,geo_rep_2026-06-19_run063
country,GBR,United Kingdom,1,not_applicable,n_participants,2246649,,,1123,2246649,pass,,show,false,false,0.05,NCT04969653,33.59,false,,,1.58,CS=pooled50|GC=post_filter_trials|RM=drop|RI=none|TS=narrow|UG=on|EL=unrestricted|BS=both|ES=pw_raw|GL=country,2026-06-19,geo_rep_2026-06-19_run063
country,CHN,China,1,not_applicable,n_participants,2151656,,,935,2151656,pass,one trial supplies 77.1% of this geography's participants,badge_concentration,false,false,0.1,NCT04903496,77.12,true,,,1.19,CS=pooled50|GC=post_filter_trials|RM=drop|RI=none|TS=narrow|UG=on|EL=unrestricted|BS=both|ES=pw_raw|GL=country,2026-06-19,geo_rep_2026-06-19_run063
country,CAN,Canada,1,not_applicable,n_participants,780479,,,917,780479,pass,,show,false,false,0.28,NCT02975375,34.15,false,,,3.57,CS=pooled50|GC=post_filter_trials|RM=drop|RI=none|TS=narrow|UG=on|EL=unrestricted|BS=both|ES=pw_raw|GL=country,2026-06-19,geo_rep_2026-06-19_run063
country,DEU,Germany,1,not_applicable,n_participants,416870,,,754,416870,pass,,show,false,false,0.37,NCT05162014,34.84,false,,,0.47,CS=pooled50|GC=post_filter_trials|RM=drop|RI=none|TS=narrow|UG=on|EL=unrestricted|BS=both|ES=pw_raw|GL=country,2026-06-19,geo_rep_2026-06-19_run063
country,KOR,South Korea,1,not_applicable,n_participants,660555,,,441,660555,pass,one trial supplies 56% of this geography's participants,badge_concentration,false,false,0.05,NCT04446039,56.05,true,,,0.4,CS=pooled50|GC=post_filter_trials|RM=drop|RI=none|TS=narrow|UG=on|EL=unrestricted|BS=both|ES=pw_raw|GL=country,2026-06-19,geo_rep_2026-06-19_run063
country,FRA,France,1,not_applicable,n_participants,1471854,,,392,1471854,pass,one trial supplies 94.5% of this geography's participants,badge_concentration,false,false,0.02,NCT05838664,94.46,true,,,2.23,CS=pooled50|GC=post_filter_trials|RM=drop|RI=none|TS=narrow|UG=on|EL=unrestricted|BS=both|ES=pw_raw|GL=country,2026-06-19,geo_rep_2026-06-19_run063
country,ITA,Italy,1,not_applicable,n_participants,78187,,,337,78187,pass,,show,false,true,0.94,NCT02928536,15.22,false,,,3.45,CS=pooled50|GC=post_filter_trials|RM=drop|RI=none|TS=narrow|UG=on|EL=unrestricted|BS=both|ES=pw_raw|GL=country,2026-06-19,geo_rep_2026-06-19_run063
country,ESP,Spain,1,not_applicable,n_participants,125534,,,332,125534,pass,,show,false,false,0.78,NCT03441633,41.18,false,,,0.7,CS=pooled50|GC=post_filter_trials|RM=drop|RI=none|TS=narrow|UG=on|EL=unrestricted|BS=both|ES=pw_raw|GL=country,2026-06-19,geo_rep_2026-06-19_run063
country,TWN,Taiwan,1,not_applicable,n_participants,142876,,,250,142876,pass,one trial supplies 69.5% of this geography's participants,badge_concentration,false,false,0.57,NCT01741363,69.51,true,,,0.43,CS=pooled50|GC=post_filter_trials|RM=drop|RI=none|TS=narrow|UG=on|EL=unrestricted|BS=both|ES=pw_raw|GL=country,2026-06-19,geo_rep_2026-06-19_run063
country,BEL,Belgium,1,not_applicable,n_participants,44477,,,232,44477,pass,,show,false,true,1.15,NCT03793972,18.34,false,,,2.6,CS=pooled50|GC=post_filter_trials|RM=drop|RI=none|TS=narrow|UG=on|EL=unrestricted|BS=both|ES=pw_raw|GL=country,2026-06-19,geo_rep_2026-06-19_run063
country,BRA,Brazil,1,not_applicable,n_participants,37359,,,206,37359,pass,,show,false,true,2.64,NCT01363765,12.47,false,,,2.39,CS=pooled50|GC=post_filter_trials|RM=drop|RI=none|TS=narrow|UG=on|EL=unrestricted|BS=both|ES=pw_raw|GL=country,2026-06-19,geo_rep_2026-06-19_run063
country,RUS,Russia,1,not_applicable,n_participants,45415,,,194,45415,pass,,show,false,true,0.27,NCT03415152,5.66,false,,,1.66,CS=pooled50|GC=post_filter_trials|RM=drop|RI=none|TS=narrow|UG=on|EL=unrestricted|BS=both|ES=pw_raw|GL=country,2026-06-19,geo_rep_2026-06-19_run063
country,AUS,Australia,1,not_applicable,n_participants,37780,,,193,37780,pass,,show,false,true,0.76,NCT00430989,18.56,false,,,4.01,CS=pooled50|GC=post_filter_trials|RM=drop|RI=none|TS=narrow|UG=on|EL=unrestricted|BS=both|ES=pw_raw|GL=country,2026-06-19,geo_rep_2026-06-19_run063
country,IND,India,1,not_applicable,n_participants,68849,,,191,68849,pass,,show,false,false,4.61,NCT01686750,31.56,false,,,2.24,CS=pooled50|GC=post_filter_trials|RM=drop|RI=none|TS=narrow|UG=on|EL=unrestricted|BS=both|ES=pw_raw|GL=country,2026-06-19,geo_rep_2026-06-19_run063
country,NLD,Netherlands,1,not_applicable,n_participants,113347,,,180,113347,pass,one trial supplies 74.5% of this geography's participants,badge_concentration,false,true,0.32,NCT00744263,74.54,true,,,3.68,CS=pooled50|GC=post_filter_trials|RM=drop|RI=none|TS=narrow|UG=on|EL=unrestricted|BS=both|ES=pw_raw|GL=country,2026-06-19,geo_rep_2026-06-19_run063
country,MEX,Mexico,1,not_applicable,n_participants,22982,,,167,22982,pass,,show,false,true,0.64,NCT04343521,19.41,false,,,4.79,CS=pooled50|GC=post_filter_trials|RM=drop|RI=none|TS=narrow|UG=on|EL=unrestricted|BS=both|ES=pw_raw|GL=country,2026-06-19,geo_rep_2026-06-19_run063
country,SWE,Sweden,1,not_applicable,n_participants,515715,,,164,515715,pass,one trial supplies 89.3% of this geography's participants,badge_concentration,false,false,0.04,NCT04927858,89.3,true,,,0.51,CS=pooled50|GC=post_filter_trials|RM=drop|RI=none|TS=narrow|UG=on|EL=unrestricted|BS=both|ES=pw_raw|GL=country,2026-06-19,geo_rep_2026-06-19_run063
country,X-TUR,Turkey (Türkiye),1,not_applicable,n_participants,27998,,,164,27998,pass,,show,false,true,1.09,NCT04022668,10.72,false,,,2.57,CS=pooled50|GC=post_filter_trials|RM=drop|RI=none|TS=narrow|UG=on|EL=unrestricted|BS=both|ES=pw_raw|GL=country,2026-06-19,geo_rep_2026-06-19_run063
country,DNK,Denmark,1,not_applicable,n_participants,167211,,,155,167211,pass,,show,true,false,0.09,NCT03405363,39.12,false,,,1.7,CS=pooled50|GC=post_filter_trials|RM=drop|RI=none|TS=narrow|UG=on|EL=unrestricted|BS=both|ES=pw_raw|GL=country,2026-06-19,geo_rep_2026-06-19_run063
country,CHE,Switzerland,1,not_applicable,n_participants,18692,,,148,18692,pass,,show,false,true,1.9,NCT00617084,12.26,false,,,2.52,CS=pooled50|GC=post_filter_trials|RM=drop|RI=none|TS=narrow|UG=on|EL=unrestricted|BS=both|ES=pw_raw|GL=country,2026-06-19,geo_rep_2026-06-19_run063
country,ZAF,South Africa,1,not_applicable,n_participants,101995,,,108,101995,pass,one trial supplies 49.8% of this geography's participants,badge_concentration,true,true,0.39,NCT04466488,49.8,true,,,5.41,CS=pooled50|GC=post_filter_trials|RM=drop|RI=none|TS=narrow|UG=on|EL=unrestricted|BS=both|ES=pw_raw|GL=country,2026-06-19,geo_rep_2026-06-19_run063
country,ISR,Israel,1,not_applicable,n_participants,16418,,,103,16418,pass,,show,true,true,1.11,NCT00368316,17.05,false,,,2.55,CS=pooled50|GC=post_filter_trials|RM=drop|RI=none|TS=narrow|UG=on|EL=unrestricted|BS=both|ES=pw_raw|GL=country,2026-06-19,geo_rep_2026-06-19_run063
country,THA,Thailand,1,not_applicable,n_participants,59728,,,102,59728,pass,,show,true,true,0.03,NCT00223080,27.45,false,,,0.74,CS=pooled50|GC=post_filter_trials|RM=drop|RI=none|TS=narrow|UG=on|EL=unrestricted|BS=both|ES=pw_raw|GL=country,2026-06-19,geo_rep_2026-06-19_run063
country,AUT,Austria,1,not_applicable,n_participants,40258,,,98,40258,pass,,show,true,true,0.08,NCT01727518,37.18,false,,,4.64,CS=pooled50|GC=post_filter_trials|RM=drop|RI=none|TS=narrow|UG=on|EL=unrestricted|BS=both|ES=pw_raw|GL=country,2026-06-19,geo_rep_2026-06-19_run063
country,SGP,Singapore,1,not_applicable,n_participants,10227,,,86,10227,pass,,show,false,true,0,NCT00325156,25.33,false,,,1.24,CS=pooled50|GC=post_filter_trials|RM=drop|RI=none|TS=narrow|UG=on|EL=unrestricted|BS=both|ES=pw_raw|GL=country,2026-06-19,geo_rep_2026-06-19_run063
country,POL,Poland,1,not_applicable,n_participants,31546,,,69,31546,pass,,show,false,true,0.51,NCT03450915,39.49,false,,,2.26,CS=pooled50|GC=post_filter_trials|RM=drop|RI=none|TS=narrow|UG=on|EL=unrestricted|BS=both|ES=pw_raw|GL=country,2026-06-19,geo_rep_2026-06-19_run063
country,GRC,Greece,1,not_applicable,n_participants,13457,,,62,13457,pass,,show,false,true,0.88,NCT04672941,10.37,false,,,1.79,CS=pooled50|GC=post_filter_trials|RM=drop|RI=none|TS=narrow|UG=on|EL=unrestricted|BS=both|ES=pw_raw|GL=country,2026-06-19,geo_rep_2026-06-19_run063
country,FIN,Finland,1,not_applicable,n_participants,92670,,,61,92670,pass,,show,false,true,0.01,NCT04137887,35.71,false,,,1.38,CS=pooled50|GC=post_filter_trials|RM=drop|RI=none|TS=narrow|UG=on|EL=unrestricted|BS=both|ES=pw_raw|GL=country,2026-06-19,geo_rep_2026-06-19_run063
country,NOR,Norway,1,not_applicable,n_participants,20812,,,59,20812,pass,,show,true,true,0.4,NCT02747121,35.59,false,,,3.95,CS=pooled50|GC=post_filter_trials|RM=drop|RI=none|TS=narrow|UG=on|EL=unrestricted|BS=both|ES=pw_raw|GL=country,2026-06-19,geo_rep_2026-06-19_run063
country,EGY,Egypt,1,not_applicable,n_participants,6344,,,57,6344,pass,,show,true,true,0,NCT05570500,9.84,false,,,3.29,CS=pooled50|GC=post_filter_trials|RM=drop|RI=none|TS=narrow|UG=on|EL=unrestricted|BS=both|ES=pw_raw|GL=country,2026-06-19,geo_rep_2026-06-19_run063
country,HKG,Hong Kong,1,not_applicable,n_participants,8386,,,51,8386,pass,,show,false,true,5.06,NCT04241575,12.65,false,,,4.55,CS=pooled50|GC=post_filter_trials|RM=drop|RI=none|TS=narrow|UG=on|EL=unrestricted|BS=both|ES=pw_raw|GL=country,2026-06-19,geo_rep_2026-06-19_run063
country,UGA,Uganda,1,not_applicable,n_participants,237275,,,50,237275,pass,one trial supplies 80.8% of this geography's participants,badge_concentration,true,true,80.89,NCT04566510,80.83,true,,,5.47,CS=pooled50|GC=post_filter_trials|RM=drop|RI=none|TS=narrow|UG=on|EL=unrestricted|BS=both|ES=pw_raw|GL=country,2026-06-19,geo_rep_2026-06-19_run063
country,USA,United States,1,tw_median,iqr_width_pp,26.3,,,34824,22267105,pass,,show,false,false,0.25,NCT04053075,13.02,false,,,0.01,CS=pooled50|GC=post_filter_trials|RM=drop|RI=none|TS=narrow|UG=on|EL=unrestricted|BS=both|ES=tw_median|GL=country,2026-06-19,geo_rep_2026-06-19_run063
country,JPN,Japan,1,tw_median,iqr_width_pp,26.86,,,1217,1308659,pass,,show,false,false,0.07,NCT05321810,14.79,false,,,0.35,CS=pooled50|GC=post_filter_trials|RM=drop|RI=none|TS=narrow|UG=on|EL=unrestricted|BS=both|ES=tw_median|GL=country,2026-06-19,geo_rep_2026-06-19_run063
country,GBR,United Kingdom,1,tw_median,iqr_width_pp,25.46,,,1123,2246649,pass,,show,false,false,0.05,NCT04969653,33.59,false,,,1.58,CS=pooled50|GC=post_filter_trials|RM=drop|RI=none|TS=narrow|UG=on|EL=unrestricted|BS=both|ES=tw_median|GL=country,2026-06-19,geo_rep_2026-06-19_run063
country,CHN,China,1,tw_median,iqr_width_pp,24.03,,,935,2151656,pass,one trial supplies 77.1% of this geography's participants,badge_concentration,false,false,0.1,NCT04903496,77.12,true,,,1.19,CS=pooled50|GC=post_filter_trials|RM=drop|RI=none|TS=narrow|UG=on|EL=unrestricted|BS=both|ES=tw_median|GL=country,2026-06-19,geo_rep_2026-06-19_run063
country,CAN,Canada,1,tw_median,iqr_width_pp,26.79,,,917,780479,pass,,show,false,false,0.28,NCT02975375,34.15,false,,,3.57,CS=pooled50|GC=post_filter_trials|RM=drop|RI=none|TS=narrow|UG=on|EL=unrestricted|BS=both|ES=tw_median|GL=country,2026-06-19,geo_rep_2026-06-19_run063
country,DEU,Germany,1,tw_median,iqr_width_pp,21.45,,,754,416870,pass,,show,false,false,0.37,NCT05162014,34.84,false,,,0.47,CS=pooled50|GC=post_filter_trials|RM=drop|RI=none|TS=narrow|UG=on|EL=unrestricted|BS=both|ES=tw_median|GL=country,2026-06-19,geo_rep_2026-06-19_run063
country,KOR,South Korea,1,tw_median,iqr_width_pp,25.37,,,441,660555,pass,one trial supplies 56% of this geography's participants,badge_concentration,false,false,0.05,NCT04446039,56.05,true,,,0.4,CS=pooled50|GC=post_filter_trials|RM=drop|RI=none|TS=narrow|UG=on|EL=unrestricted|BS=both|ES=tw_median|GL=country,2026-06-19,geo_rep_2026-06-19_run063
country,FRA,France,1,tw_median,iqr_width_pp,24.78,,,392,1471854,pass,one trial supplies 94.5% of this geography's participants,badge_concentration,false,false,0.02,NCT05838664,94.46,true,,,2.23,CS=pooled50|GC=post_filter_trials|RM=drop|RI=none|TS=narrow|UG=on|EL=unrestricted|BS=both|ES=tw_median|GL=country,2026-06-19,geo_rep_2026-06-19_run063
country,ITA,Italy,1,tw_median,iqr_width_pp,22.85,,,337,78187,pass,,show,false,true,0.94,NCT02928536,15.22,false,,,3.45,CS=pooled50|GC=post_filter_trials|RM=drop|RI=none|TS=narrow|UG=on|EL=unrestricted|BS=both|ES=tw_median|GL=country,2026-06-19,geo_rep_2026-06-19_run063
country,ESP,Spain,1,tw_median,iqr_width_pp,26.8,,,332,125534,pass,,show,false,false,0.78,NCT03441633,41.18,false,,,0.7,CS=pooled50|GC=post_filter_trials|RM=drop|RI=none|TS=narrow|UG=on|EL=unrestricted|BS=both|ES=tw_median|GL=country,2026-06-19,geo_rep_2026-06-19_run063
country,TWN,Taiwan,1,tw_median,iqr_width_pp,22.11,,,250,142876,pass,one trial supplies 69.5% of this geography's participants,badge_concentration,false,false,0.57,NCT01741363,69.51,true,,,0.43,CS=pooled50|GC=post_filter_trials|RM=drop|RI=none|TS=narrow|UG=on|EL=unrestricted|BS=both|ES=tw_median|GL=country,2026-06-19,geo_rep_2026-06-19_run063
country,BEL,Belgium,1,tw_median,iqr_width_pp,25.57,,,232,44477,pass,,show,false,true,1.15,NCT03793972,18.34,false,,,2.6,CS=pooled50|GC=post_filter_trials|RM=drop|RI=none|TS=narrow|UG=on|EL=unrestricted|BS=both|ES=tw_median|GL=country,2026-06-19,geo_rep_2026-06-19_run063
country,BRA,Brazil,1,tw_median,iqr_width_pp,32.23,,,206,37359,pass,,show,false,true,2.64,NCT01363765,12.47,false,,,2.39,CS=pooled50|GC=post_filter_trials|RM=drop|RI=none|TS=narrow|UG=on|EL=unrestricted|BS=both|ES=tw_median|GL=country,2026-06-19,geo_rep_2026-06-19_run063
country,RUS,Russia,1,tw_median,iqr_width_pp,23.84,,,194,45415,pass,,show,false,true,0.27,NCT03415152,5.66,false,,,1.66,CS=pooled50|GC=post_filter_trials|RM=drop|RI=none|TS=narrow|UG=on|EL=unrestricted|BS=both|ES=tw_median|GL=country,2026-06-19,geo_rep_2026-06-19_run063
country,AUS,Australia,1,tw_median,iqr_width_pp,26.67,,,193,37780,pass,,show,false,true,0.76,NCT00430989,18.56,false,,,4.01,CS=pooled50|GC=post_filter_trials|RM=drop|RI=none|TS=narrow|UG=on|EL=unrestricted|BS=both|ES=tw_median|GL=country,2026-06-19,geo_rep_2026-06-19_run063
country,IND,India,1,tw_median,iqr_width_pp,19.1,,,191,68849,pass,,show,false,false,4.61,NCT01686750,31.56,false,,,2.24,CS=pooled50|GC=post_filter_trials|RM=drop|RI=none|TS=narrow|UG=on|EL=unrestricted|BS=both|ES=tw_median|GL=country,2026-06-19,geo_rep_2026-06-19_run063
country,NLD,Netherlands,1,tw_median,iqr_width_pp,29.34,,,180,113347,pass,one trial supplies 74.5% of this geography's participants,badge_concentration,false,true,0.32,NCT00744263,74.54,true,,,3.68,CS=pooled50|GC=post_filter_trials|RM=drop|RI=none|TS=narrow|UG=on|EL=unrestricted|BS=both|ES=tw_median|GL=country,2026-06-19,geo_rep_2026-06-19_run063
country,MEX,Mexico,1,tw_median,iqr_width_pp,20.65,,,167,22982,pass,,show,false,true,0.64,NCT04343521,19.41,false,,,4.79,CS=pooled50|GC=post_filter_trials|RM=drop|RI=none|TS=narrow|UG=on|EL=unrestricted|BS=both|ES=tw_median|GL=country,2026-06-19,geo_rep_2026-06-19_run063
country,SWE,Sweden,1,tw_median,iqr_width_pp,26.09,,,164,515715,pass,one trial supplies 89.3% of this geography's participants,badge_concentration,false,false,0.04,NCT04927858,89.3,true,,,0.51,CS=pooled50|GC=post_filter_trials|RM=drop|RI=none|TS=narrow|UG=on|EL=unrestricted|BS=both|ES=tw_median|GL=country,2026-06-19,geo_rep_2026-06-19_run063
country,X-TUR,Turkey (Türkiye),1,tw_median,iqr_width_pp,26.03,,,164,27998,pass,,show,false,true,1.09,NCT04022668,10.72,false,,,2.57,CS=pooled50|GC=post_filter_trials|RM=drop|RI=none|TS=narrow|UG=on|EL=unrestricted|BS=both|ES=tw_median|GL=country,2026-06-19,geo_rep_2026-06-19_run063
country,DNK,Denmark,1,tw_median,iqr_width_pp,23.13,,,155,167211,pass,,show,true,false,0.09,NCT03405363,39.12,false,,,1.7,CS=pooled50|GC=post_filter_trials|RM=drop|RI=none|TS=narrow|UG=on|EL=unrestricted|BS=both|ES=tw_median|GL=country,2026-06-19,geo_rep_2026-06-19_run063
country,CHE,Switzerland,1,tw_median,iqr_width_pp,22.44,,,148,18692,pass,,show,false,true,1.9,NCT00617084,12.26,false,,,2.52,CS=pooled50|GC=post_filter_trials|RM=drop|RI=none|TS=narrow|UG=on|EL=unrestricted|BS=both|ES=tw_median|GL=country,2026-06-19,geo_rep_2026-06-19_run063
country,ZAF,South Africa,1,tw_median,iqr_width_pp,25.54,,,108,101995,pass,one trial supplies 49.8% of this geography's participants,badge_concentration,true,true,0.39,NCT04466488,49.8,true,,,5.41,CS=pooled50|GC=post_filter_trials|RM=drop|RI=none|TS=narrow|UG=on|EL=unrestricted|BS=both|ES=tw_median|GL=country,2026-06-19,geo_rep_2026-06-19_run063
country,ISR,Israel,1,tw_median,iqr_width_pp,17.86,,,103,16418,pass,,show,true,true,1.11,NCT00368316,17.05,false,,,2.55,CS=pooled50|GC=post_filter_trials|RM=drop|RI=none|TS=narrow|UG=on|EL=unrestricted|BS=both|ES=tw_median|GL=country,2026-06-19,geo_rep_2026-06-19_run063
country,THA,Thailand,1,tw_median,iqr_width_pp,26.94,,,102,59728,pass,,show,true,true,0.03,NCT00223080,27.45,false,,,0.74,CS=pooled50|GC=post_filter_trials|RM=drop|RI=none|TS=narrow|UG=on|EL=unrestricted|BS=both|ES=tw_median|GL=country,2026-06-19,geo_rep_2026-06-19_run063
country,AUT,Austria,1,tw_median,iqr_width_pp,26.22,,,98,40258,pass,,show,true,true,0.08,NCT01727518,37.18,false,,,4.64,CS=pooled50|GC=post_filter_trials|RM=drop|RI=none|TS=narrow|UG=on|EL=unrestricted|BS=both|ES=tw_median|GL=country,2026-06-19,geo_rep_2026-06-19_run063
country,SGP,Singapore,1,tw_median,iqr_width_pp,41.04,,,86,10227,pass,,show,false,true,0,NCT00325156,25.33,false,,,1.24,CS=pooled50|GC=post_filter_trials|RM=drop|RI=none|TS=narrow|UG=on|EL=unrestricted|BS=both|ES=tw_median|GL=country,2026-06-19,geo_rep_2026-06-19_run063
country,POL,Poland,1,tw_median,iqr_width_pp,23.23,,,69,31546,pass,,show,false,true,0.51,NCT03450915,39.49,false,,,2.26,CS=pooled50|GC=post_filter_trials|RM=drop|RI=none|TS=narrow|UG=on|EL=unrestricted|BS=both|ES=tw_median|GL=country,2026-06-19,geo_rep_2026-06-19_run063
country,GRC,Greece,1,tw_median,iqr_width_pp,24.32,,,62,13457,pass,,show,false,true,0.88,NCT04672941,10.37,false,,,1.79,CS=pooled50|GC=post_filter_trials|RM=drop|RI=none|TS=narrow|UG=on|EL=unrestricted|BS=both|ES=tw_median|GL=country,2026-06-19,geo_rep_2026-06-19_run063
country,FIN,Finland,1,tw_median,iqr_width_pp,21.54,,,61,92670,pass,,show,false,true,0.01,NCT04137887,35.71,false,,,1.38,CS=pooled50|GC=post_filter_trials|RM=drop|RI=none|TS=narrow|UG=on|EL=unrestricted|BS=both|ES=tw_median|GL=country,2026-06-19,geo_rep_2026-06-19_run063
country,NOR,Norway,1,tw_median,iqr_width_pp,20.08,,,59,20812,pass,,show,true,true,0.4,NCT02747121,35.59,false,,,3.95,CS=pooled50|GC=post_filter_trials|RM=drop|RI=none|TS=narrow|UG=on|EL=unrestricted|BS=both|ES=tw_median|GL=country,2026-06-19,geo_rep_2026-06-19_run063
country,EGY,Egypt,1,tw_median,iqr_width_pp,25.47,,,57,6344,pass,,show,true,true,0,NCT05570500,9.84,false,,,3.29,CS=pooled50|GC=post_filter_trials|RM=drop|RI=none|TS=narrow|UG=on|EL=unrestricted|BS=both|ES=tw_median|GL=country,2026-06-19,geo_rep_2026-06-19_run063
country,HKG,Hong Kong,1,tw_median,iqr_width_pp,28.86,,,51,8386,pass,,show,false,true,5.06,NCT04241575,12.65,false,,,4.55,CS=pooled50|GC=post_filter_trials|RM=drop|RI=none|TS=narrow|UG=on|EL=unrestricted|BS=both|ES=tw_median|GL=country,2026-06-19,geo_rep_2026-06-19_run063
country,UGA,Uganda,1,tw_median,iqr_width_pp,16.25,,,50,237275,pass,one trial supplies 80.8% of this geography's participants,badge_concentration,true,true,80.89,NCT04566510,80.83,true,,,5.47,CS=pooled50|GC=post_filter_trials|RM=drop|RI=none|TS=narrow|UG=on|EL=unrestricted|BS=both|ES=tw_median|GL=country,2026-06-19,geo_rep_2026-06-19_run063
country,USA,United States,1,not_applicable,pct_single_sex_reported,5.95,,,34824,22267105,pass,,show,false,false,0.25,NCT04053075,13.02,false,,,0.01,CS=pooled50|GC=post_filter_trials|RM=drop|RI=none|TS=narrow|UG=on|EL=unrestricted|BS=both|ES=pw_raw|GL=country,2026-06-19,geo_rep_2026-06-19_run063
country,JPN,Japan,1,not_applicable,pct_single_sex_reported,2.56,,,1217,1308659,pass,,show,false,false,0.07,NCT05321810,14.79,false,,,0.35,CS=pooled50|GC=post_filter_trials|RM=drop|RI=none|TS=narrow|UG=on|EL=unrestricted|BS=both|ES=pw_raw|GL=country,2026-06-19,geo_rep_2026-06-19_run063
country,GBR,United Kingdom,1,not_applicable,pct_single_sex_reported,5.39,,,1123,2246649,pass,,show,false,false,0.05,NCT04969653,33.59,false,,,1.58,CS=pooled50|GC=post_filter_trials|RM=drop|RI=none|TS=narrow|UG=on|EL=unrestricted|BS=both|ES=pw_raw|GL=country,2026-06-19,geo_rep_2026-06-19_run063
country,CHN,China,1,not_applicable,pct_single_sex_reported,2.09,,,935,2151656,pass,one trial supplies 77.1% of this geography's participants,badge_concentration,false,false,0.1,NCT04903496,77.12,true,,,1.19,CS=pooled50|GC=post_filter_trials|RM=drop|RI=none|TS=narrow|UG=on|EL=unrestricted|BS=both|ES=pw_raw|GL=country,2026-06-19,geo_rep_2026-06-19_run063
country,CAN,Canada,1,not_applicable,pct_single_sex_reported,3.27,,,917,780479,pass,,show,false,false,0.28,NCT02975375,34.15,false,,,3.57,CS=pooled50|GC=post_filter_trials|RM=drop|RI=none|TS=narrow|UG=on|EL=unrestricted|BS=both|ES=pw_raw|GL=country,2026-06-19,geo_rep_2026-06-19_run063
country,DEU,Germany,1,not_applicable,pct_single_sex_reported,3.08,,,754,416870,pass,,show,false,false,0.37,NCT05162014,34.84,false,,,0.47,CS=pooled50|GC=post_filter_trials|RM=drop|RI=none|TS=narrow|UG=on|EL=unrestricted|BS=both|ES=pw_raw|GL=country,2026-06-19,geo_rep_2026-06-19_run063
country,KOR,South Korea,1,not_applicable,pct_single_sex_reported,3.08,,,441,660555,pass,one trial supplies 56% of this geography's participants,badge_concentration,false,false,0.05,NCT04446039,56.05,true,,,0.4,CS=pooled50|GC=post_filter_trials|RM=drop|RI=none|TS=narrow|UG=on|EL=unrestricted|BS=both|ES=pw_raw|GL=country,2026-06-19,geo_rep_2026-06-19_run063
country,FRA,France,1,not_applicable,pct_single_sex_reported,1.51,,,392,1471854,pass,one trial supplies 94.5% of this geography's participants,badge_concentration,false,false,0.02,NCT05838664,94.46,true,,,2.23,CS=pooled50|GC=post_filter_trials|RM=drop|RI=none|TS=narrow|UG=on|EL=unrestricted|BS=both|ES=pw_raw|GL=country,2026-06-19,geo_rep_2026-06-19_run063
country,ITA,Italy,1,not_applicable,pct_single_sex_reported,2.32,,,337,78187,pass,,show,false,true,0.94,NCT02928536,15.22,false,,,3.45,CS=pooled50|GC=post_filter_trials|RM=drop|RI=none|TS=narrow|UG=on|EL=unrestricted|BS=both|ES=pw_raw|GL=country,2026-06-19,geo_rep_2026-06-19_run063
country,ESP,Spain,1,not_applicable,pct_single_sex_reported,2.35,,,332,125534,pass,,show,false,false,0.78,NCT03441633,41.18,false,,,0.7,CS=pooled50|GC=post_filter_trials|RM=drop|RI=none|TS=narrow|UG=on|EL=unrestricted|BS=both|ES=pw_raw|GL=country,2026-06-19,geo_rep_2026-06-19_run063
country,TWN,Taiwan,1,not_applicable,pct_single_sex_reported,1.57,,,250,142876,pass,one trial supplies 69.5% of this geography's participants,badge_concentration,false,false,0.57,NCT01741363,69.51,true,,,0.43,CS=pooled50|GC=post_filter_trials|RM=drop|RI=none|TS=narrow|UG=on|EL=unrestricted|BS=both|ES=pw_raw|GL=country,2026-06-19,geo_rep_2026-06-19_run063
country,BEL,Belgium,1,not_applicable,pct_single_sex_reported,7.2,,,232,44477,pass,,show,false,true,1.15,NCT03793972,18.34,false,,,2.6,CS=pooled50|GC=post_filter_trials|RM=drop|RI=none|TS=narrow|UG=on|EL=unrestricted|BS=both|ES=pw_raw|GL=country,2026-06-19,geo_rep_2026-06-19_run063
country,BRA,Brazil,1,not_applicable,pct_single_sex_reported,2.37,,,206,37359,pass,,show,false,true,2.64,NCT01363765,12.47,false,,,2.39,CS=pooled50|GC=post_filter_trials|RM=drop|RI=none|TS=narrow|UG=on|EL=unrestricted|BS=both|ES=pw_raw|GL=country,2026-06-19,geo_rep_2026-06-19_run063
country,RUS,Russia,1,not_applicable,pct_single_sex_reported,1.52,,,194,45415,pass,,show,false,true,0.27,NCT03415152,5.66,false,,,1.66,CS=pooled50|GC=post_filter_trials|RM=drop|RI=none|TS=narrow|UG=on|EL=unrestricted|BS=both|ES=pw_raw|GL=country,2026-06-19,geo_rep_2026-06-19_run063
country,AUS,Australia,1,not_applicable,pct_single_sex_reported,8.1,,,193,37780,pass,,show,false,true,0.76,NCT00430989,18.56,false,,,4.01,CS=pooled50|GC=post_filter_trials|RM=drop|RI=none|TS=narrow|UG=on|EL=unrestricted|BS=both|ES=pw_raw|GL=country,2026-06-19,geo_rep_2026-06-19_run063
country,IND,India,1,not_applicable,pct_single_sex_reported,8.17,,,191,68849,pass,,show,false,false,4.61,NCT01686750,31.56,false,,,2.24,CS=pooled50|GC=post_filter_trials|RM=drop|RI=none|TS=narrow|UG=on|EL=unrestricted|BS=both|ES=pw_raw|GL=country,2026-06-19,geo_rep_2026-06-19_run063
country,NLD,Netherlands,1,not_applicable,pct_single_sex_reported,4.26,,,180,113347,pass,one trial supplies 74.5% of this geography's participants,badge_concentration,false,true,0.32,NCT00744263,74.54,true,,,3.68,CS=pooled50|GC=post_filter_trials|RM=drop|RI=none|TS=narrow|UG=on|EL=unrestricted|BS=both|ES=pw_raw|GL=country,2026-06-19,geo_rep_2026-06-19_run063
country,MEX,Mexico,1,not_applicable,pct_single_sex_reported,1.18,,,167,22982,pass,,show,false,true,0.64,NCT04343521,19.41,false,,,4.79,CS=pooled50|GC=post_filter_trials|RM=drop|RI=none|TS=narrow|UG=on|EL=unrestricted|BS=both|ES=pw_raw|GL=country,2026-06-19,geo_rep_2026-06-19_run063
country,SWE,Sweden,1,not_applicable,pct_single_sex_reported,2.38,,,164,515715,pass,one trial supplies 89.3% of this geography's participants,badge_concentration,false,false,0.04,NCT04927858,89.3,true,,,0.51,CS=pooled50|GC=post_filter_trials|RM=drop|RI=none|TS=narrow|UG=on|EL=unrestricted|BS=both|ES=pw_raw|GL=country,2026-06-19,geo_rep_2026-06-19_run063
country,X-TUR,Turkey (Türkiye),1,not_applicable,pct_single_sex_reported,2.38,,,164,27998,pass,,show,false,true,1.09,NCT04022668,10.72,false,,,2.57,CS=pooled50|GC=post_filter_trials|RM=drop|RI=none|TS=narrow|UG=on|EL=unrestricted|BS=both|ES=pw_raw|GL=country,2026-06-19,geo_rep_2026-06-19_run063
country,DNK,Denmark,1,not_applicable,pct_single_sex_reported,4.91,,,155,167211,pass,,show,true,false,0.09,NCT03405363,39.12,false,,,1.7,CS=pooled50|GC=post_filter_trials|RM=drop|RI=none|TS=narrow|UG=on|EL=unrestricted|BS=both|ES=pw_raw|GL=country,2026-06-19,geo_rep_2026-06-19_run063
country,CHE,Switzerland,1,not_applicable,pct_single_sex_reported,3.27,,,148,18692,pass,,show,false,true,1.9,NCT00617084,12.26,false,,,2.52,CS=pooled50|GC=post_filter_trials|RM=drop|RI=none|TS=narrow|UG=on|EL=unrestricted|BS=both|ES=pw_raw|GL=country,2026-06-19,geo_rep_2026-06-19_run063
country,ZAF,South Africa,1,not_applicable,pct_single_sex_reported,1.82,,,108,101995,pass,one trial supplies 49.8% of this geography's participants,badge_concentration,true,true,0.39,NCT04466488,49.8,true,,,5.41,CS=pooled50|GC=post_filter_trials|RM=drop|RI=none|TS=narrow|UG=on|EL=unrestricted|BS=both|ES=pw_raw|GL=country,2026-06-19,geo_rep_2026-06-19_run063
country,ISR,Israel,1,not_applicable,pct_single_sex_reported,1.9,,,103,16418,pass,,show,true,true,1.11,NCT00368316,17.05,false,,,2.55,CS=pooled50|GC=post_filter_trials|RM=drop|RI=none|TS=narrow|UG=on|EL=unrestricted|BS=both|ES=pw_raw|GL=country,2026-06-19,geo_rep_2026-06-19_run063
country,THA,Thailand,1,not_applicable,pct_single_sex_reported,4.67,,,102,59728,pass,,show,true,true,0.03,NCT00223080,27.45,false,,,0.74,CS=pooled50|GC=post_filter_trials|RM=drop|RI=none|TS=narrow|UG=on|EL=unrestricted|BS=both|ES=pw_raw|GL=country,2026-06-19,geo_rep_2026-06-19_run063
country,AUT,Austria,1,not_applicable,pct_single_sex_reported,3.92,,,98,40258,pass,,show,true,true,0.08,NCT01727518,37.18,false,,,4.64,CS=pooled50|GC=post_filter_trials|RM=drop|RI=none|TS=narrow|UG=on|EL=unrestricted|BS=both|ES=pw_raw|GL=country,2026-06-19,geo_rep_2026-06-19_run063
country,SGP,Singapore,1,not_applicable,pct_single_sex_reported,11.34,,,86,10227,pass,,show,false,true,0,NCT00325156,25.33,false,,,1.24,CS=pooled50|GC=post_filter_trials|RM=drop|RI=none|TS=narrow|UG=on|EL=unrestricted|BS=both|ES=pw_raw|GL=country,2026-06-19,geo_rep_2026-06-19_run063
country,POL,Poland,1,not_applicable,pct_single_sex_reported,2.82,,,69,31546,pass,,show,false,true,0.51,NCT03450915,39.49,false,,,2.26,CS=pooled50|GC=post_filter_trials|RM=drop|RI=none|TS=narrow|UG=on|EL=unrestricted|BS=both|ES=pw_raw|GL=country,2026-06-19,geo_rep_2026-06-19_run063
country,GRC,Greece,1,not_applicable,pct_single_sex_reported,0,,,62,13457,pass,,show,false,true,0.88,NCT04672941,10.37,false,,,1.79,CS=pooled50|GC=post_filter_trials|RM=drop|RI=none|TS=narrow|UG=on|EL=unrestricted|BS=both|ES=pw_raw|GL=country,2026-06-19,geo_rep_2026-06-19_run063
country,FIN,Finland,1,not_applicable,pct_single_sex_reported,4.69,,,61,92670,pass,,show,false,true,0.01,NCT04137887,35.71,false,,,1.38,CS=pooled50|GC=post_filter_trials|RM=drop|RI=none|TS=narrow|UG=on|EL=unrestricted|BS=both|ES=pw_raw|GL=country,2026-06-19,geo_rep_2026-06-19_run063
country,NOR,Norway,1,not_applicable,pct_single_sex_reported,3.28,,,59,20812,pass,,show,true,true,0.4,NCT02747121,35.59,false,,,3.95,CS=pooled50|GC=post_filter_trials|RM=drop|RI=none|TS=narrow|UG=on|EL=unrestricted|BS=both|ES=pw_raw|GL=country,2026-06-19,geo_rep_2026-06-19_run063
country,EGY,Egypt,1,not_applicable,pct_single_sex_reported,3.39,,,57,6344,pass,,show,true,true,0,NCT05570500,9.84,false,,,3.29,CS=pooled50|GC=post_filter_trials|RM=drop|RI=none|TS=narrow|UG=on|EL=unrestricted|BS=both|ES=pw_raw|GL=country,2026-06-19,geo_rep_2026-06-19_run063
country,HKG,Hong Kong,1,not_applicable,pct_single_sex_reported,5.56,,,51,8386,pass,,show,false,true,5.06,NCT04241575,12.65,false,,,4.55,CS=pooled50|GC=post_filter_trials|RM=drop|RI=none|TS=narrow|UG=on|EL=unrestricted|BS=both|ES=pw_raw|GL=country,2026-06-19,geo_rep_2026-06-19_run063
country,UGA,Uganda,1,not_applicable,pct_single_sex_reported,1.96,,,50,237275,pass,one trial supplies 80.8% of this geography's participants,badge_concentration,true,true,80.89,NCT04566510,80.83,true,,,5.47,CS=pooled50|GC=post_filter_trials|RM=drop|RI=none|TS=narrow|UG=on|EL=unrestricted|BS=both|ES=pw_raw|GL=country,2026-06-19,geo_rep_2026-06-19_run063
us_state,CA,California,1,pw_raw,female_share_pct,55.77,,,2509,2293803,pass,one trial supplies 71.1% of this geography's participants,badge_concentration,false,false,0.2,NCT03694392,71.08,true,,,1.55,CS=pooled50|GC=post_filter_trials|RM=drop|RI=none|TS=narrow|UG=on|EL=unrestricted|BS=both|ES=pw_raw|GL=us_state,2026-06-19,geo_rep_2026-06-19_run063
us_state,NY,New York,1,pw_raw,female_share_pct,49.68,,,2306,3462731,pass,,show,false,false,0.11,NCT04926233,39.6,false,,,1.19,CS=pooled50|GC=post_filter_trials|RM=drop|RI=none|TS=narrow|UG=on|EL=unrestricted|BS=both|ES=pw_raw|GL=us_state,2026-06-19,geo_rep_2026-06-19_run063
us_state,TX,Texas,1,pw_raw,female_share_pct,49.98,,,2013,188476,pass,,show,false,true,1.2,NCT00138294,15.52,false,,,1.36,CS=pooled50|GC=post_filter_trials|RM=drop|RI=none|TS=narrow|UG=on|EL=unrestricted|BS=both|ES=pw_raw|GL=us_state,2026-06-19,geo_rep_2026-06-19_run063
us_state,MA,Massachusetts,1,pw_raw,female_share_pct,46.11,,,1723,3809714,pass,,show,false,false,0.06,NCT02138097,16.14,false,,,0.4,CS=pooled50|GC=post_filter_trials|RM=drop|RI=none|TS=narrow|UG=on|EL=unrestricted|BS=both|ES=pw_raw|GL=us_state,2026-06-19,geo_rep_2026-06-19_run063
us_state,PA,Pennsylvania,1,pw_raw,female_share_pct,46.94,,,1491,1094730,pass,,show,false,false,0.14,NCT04350866,17.92,false,,,1.26,CS=pooled50|GC=post_filter_trials|RM=drop|RI=none|TS=narrow|UG=on|EL=unrestricted|BS=both|ES=pw_raw|GL=us_state,2026-06-19,geo_rep_2026-06-19_run063
us_state,MD,Maryland,1,pw_raw,female_share_pct,49.98,,,1434,487059,pass,,show,false,false,0.42,NCT01696968,31.8,false,,,1.23,CS=pooled50|GC=post_filter_trials|RM=drop|RI=none|TS=narrow|UG=on|EL=unrestricted|BS=both|ES=pw_raw|GL=us_state,2026-06-19,geo_rep_2026-06-19_run063
us_state,NC,North Carolina,1,pw_raw,female_share_pct,49.36,,,1231,287435,pass,,show,false,false,0.5,NCT05465317,21.64,false,,,0.89,CS=pooled50|GC=post_filter_trials|RM=drop|RI=none|TS=narrow|UG=on|EL=unrestricted|BS=both|ES=pw_raw|GL=us_state,2026-06-19,geo_rep_2026-06-19_run063
us_state,FL,Florida,1,pw_raw,female_share_pct,49.82,,,1082,81523,pass,,show,false,true,2.67,NCT02416011,3.55,false,,,0.74,CS=pooled50|GC=post_filter_trials|RM=drop|RI=none|TS=narrow|UG=on|EL=unrestricted|BS=both|ES=pw_raw|GL=us_state,2026-06-19,geo_rep_2026-06-19_run063
us_state,OH,Ohio,1,pw_raw,female_share_pct,48,,,1009,128302,pass,,show,false,false,2.1,NCT00667186,7.46,false,,,3.83,CS=pooled50|GC=post_filter_trials|RM=drop|RI=none|TS=narrow|UG=on|EL=unrestricted|BS=both|ES=pw_raw|GL=us_state,2026-06-19,geo_rep_2026-06-19_run063
us_state,MN,Minnesota,1,pw_raw,female_share_pct,50.71,,,845,641365,pass,one trial supplies 60.2% of this geography's participants,badge_concentration,true,false,0.14,NCT05214573,60.23,true,,,2.66,CS=pooled50|GC=post_filter_trials|RM=drop|RI=none|TS=narrow|UG=on|EL=unrestricted|BS=both|ES=pw_raw|GL=us_state,2026-06-19,geo_rep_2026-06-19_run063
us_state,IL,Illinois,1,pw_raw,female_share_pct,55.4,,,790,293816,pass,,show,false,false,0.64,NCT03833804,22.12,false,,,3.74,CS=pooled50|GC=post_filter_trials|RM=drop|RI=none|TS=narrow|UG=on|EL=unrestricted|BS=both|ES=pw_raw|GL=us_state,2026-06-19,geo_rep_2026-06-19_run063
us_state,MI,Michigan,1,pw_raw,female_share_pct,25.51,,,601,249505,pass,one trial supplies 58.4% of this geography's participants,badge_concentration,false,true,0.3,NCT05065502,58.39,true,,,0.67,CS=pooled50|GC=post_filter_trials|RM=drop|RI=none|TS=narrow|UG=on|EL=unrestricted|BS=both|ES=pw_raw|GL=us_state,2026-06-19,geo_rep_2026-06-19_run063
us_state,MO,Missouri,1,pw_raw,female_share_pct,50.09,,,590,79115,pass,,show,false,true,0.85,NCT01280942,25.32,false,,,3.89,CS=pooled50|GC=post_filter_trials|RM=drop|RI=none|TS=narrow|UG=on|EL=unrestricted|BS=both|ES=pw_raw|GL=us_state,2026-06-19,geo_rep_2026-06-19_run063
us_state,CT,Connecticut,1,pw_raw,female_share_pct,50.62,,,477,208286,pass,one trial supplies 55.2% of this geography's participants,badge_concentration,false,true,0.21,NCT05957198,55.17,true,,,5.89,CS=pooled50|GC=post_filter_trials|RM=drop|RI=none|TS=narrow|UG=on|EL=unrestricted|BS=both|ES=pw_raw|GL=us_state,2026-06-19,geo_rep_2026-06-19_run063
us_state,GA,Georgia,1,pw_raw,female_share_pct,46.44,,,455,88903,pass,one trial supplies 63.4% of this geography's participants,badge_concentration,false,true,0.66,NCT02879812,63.36,true,,,1.74,CS=pooled50|GC=post_filter_trials|RM=drop|RI=none|TS=narrow|UG=on|EL=unrestricted|BS=both|ES=pw_raw|GL=us_state,2026-06-19,geo_rep_2026-06-19_run063
us_state,TN,Tennessee,1,pw_raw,female_share_pct,51.96,,,453,144369,pass,,show,true,false,0.73,NCT02625181,18.73,false,,,2.61,CS=pooled50|GC=post_filter_trials|RM=drop|RI=none|TS=narrow|UG=on|EL=unrestricted|BS=both|ES=pw_raw|GL=us_state,2026-06-19,geo_rep_2026-06-19_run063
us_state,WA,Washington,1,pw_raw,female_share_pct,52.44,,,447,60948,pass,,show,false,false,0.98,NCT00115869,13.76,false,,,1.79,CS=pooled50|GC=post_filter_trials|RM=drop|RI=none|TS=narrow|UG=on|EL=unrestricted|BS=both|ES=pw_raw|GL=us_state,2026-06-19,geo_rep_2026-06-19_run063
us_state,IN,Indiana,1,pw_raw,female_share_pct,28.34,,,436,124414,pass,one trial supplies 45.9% of this geography's participants,badge_concentration,false,true,0.49,NCT01446705,45.87,true,,,1.3,CS=pooled50|GC=post_filter_trials|RM=drop|RI=none|TS=narrow|UG=on|EL=unrestricted|BS=both|ES=pw_raw|GL=us_state,2026-06-19,geo_rep_2026-06-19_run063
us_state,CO,Colorado,1,pw_raw,female_share_pct,52.43,,,380,56870,pass,,show,false,true,1.74,NCT03973931,16.3,false,,,3.22,CS=pooled50|GC=post_filter_trials|RM=drop|RI=none|TS=narrow|UG=on|EL=unrestricted|BS=both|ES=pw_raw|GL=us_state,2026-06-19,geo_rep_2026-06-19_run063
us_state,SC,South Carolina,1,pw_raw,female_share_pct,40.2,,,365,51052,pass,,show,false,true,1.18,NCT01156571,21.83,false,,,2.83,CS=pooled50|GC=post_filter_trials|RM=drop|RI=none|TS=narrow|UG=on|EL=unrestricted|BS=both|ES=pw_raw|GL=us_state,2026-06-19,geo_rep_2026-06-19_run063
us_state,WI,Wisconsin,1,pw_raw,female_share_pct,47.41,,,334,87524,pass,one trial supplies 60.7% of this geography's participants,badge_concentration,false,true,0.91,NCT02433496,60.71,true,,,4.54,CS=pooled50|GC=post_filter_trials|RM=drop|RI=none|TS=narrow|UG=on|EL=unrestricted|BS=both|ES=pw_raw|GL=us_state,2026-06-19,geo_rep_2026-06-19_run063
us_state,VA,Virginia,1,pw_raw,female_share_pct,52.63,,,313,24615,pass,,show,false,true,1.64,NCT01787838,10.19,false,,,3.42,CS=pooled50|GC=post_filter_trials|RM=drop|RI=none|TS=narrow|UG=on|EL=unrestricted|BS=both|ES=pw_raw|GL=us_state,2026-06-19,geo_rep_2026-06-19_run063
us_state,NJ,New Jersey,1,pw_raw,female_share_pct,49.63,,,311,52004,pass,,show,false,true,1.91,NCT02846779,10.76,false,,,5.38,CS=pooled50|GC=post_filter_trials|RM=drop|RI=none|TS=narrow|UG=on|EL=unrestricted|BS=both|ES=pw_raw|GL=us_state,2026-06-19,geo_rep_2026-06-19_run063
us_state,AL,Alabama,1,pw_raw,female_share_pct,45.13,,,250,32029,pass,,show,false,true,0.69,NCT02383173,20.27,false,,,5.48,CS=pooled50|GC=post_filter_trials|RM=drop|RI=none|TS=narrow|UG=on|EL=unrestricted|BS=both|ES=pw_raw|GL=us_state,2026-06-19,geo_rep_2026-06-19_run063
us_state,AZ,Arizona,1,pw_raw,female_share_pct,51.81,,,248,13820,pass,,show,false,true,5.85,NCT03517111,6.1,false,,,4.14,CS=pooled50|GC=post_filter_trials|RM=drop|RI=none|TS=narrow|UG=on|EL=unrestricted|BS=both|ES=pw_raw|GL=us_state,2026-06-19,geo_rep_2026-06-19_run063
us_state,OR,Oregon,1,pw_raw,female_share_pct,54.19,,,245,94399,pass,one trial supplies 48.7% of this geography's participants,badge_concentration,false,true,0.18,NCT02325531,48.68,true,,,2.47,CS=pooled50|GC=post_filter_trials|RM=drop|RI=none|TS=narrow|UG=on|EL=unrestricted|BS=both|ES=pw_raw|GL=us_state,2026-06-19,geo_rep_2026-06-19_run063
us_state,UT,Utah,1,pw_raw,female_share_pct,52.86,,,236,212995,pass,one trial supplies 84.7% of this geography's participants,badge_concentration,false,true,0.2,NCT04148989,84.7,true,,,6.75,CS=pooled50|GC=post_filter_trials|RM=drop|RI=none|TS=narrow|UG=on|EL=unrestricted|BS=both|ES=pw_raw|GL=us_state,2026-06-19,geo_rep_2026-06-19_run063
us_state,KY,Kentucky,1,pw_raw,female_share_pct,54.41,,,205,94769,pass,one trial supplies 67.8% of this geography's participants,badge_concentration,false,false,0.15,NCT06066541,67.84,true,,,2.34,CS=pooled50|GC=post_filter_trials|RM=drop|RI=none|TS=narrow|UG=on|EL=unrestricted|BS=both|ES=pw_raw|GL=us_state,2026-06-19,geo_rep_2026-06-19_run063
us_state,IA,Iowa,1,pw_raw,female_share_pct,49.43,,,193,13742,pass,,show,false,true,1.72,NCT01276171,5.45,false,,,4.78,CS=pooled50|GC=post_filter_trials|RM=drop|RI=none|TS=narrow|UG=on|EL=unrestricted|BS=both|ES=pw_raw|GL=us_state,2026-06-19,geo_rep_2026-06-19_run063
us_state,KS,Kansas,1,pw_raw,female_share_pct,54.23,,,165,13764,pass,,show,false,true,1.02,NCT02456636,10.22,false,,,1.82,CS=pooled50|GC=post_filter_trials|RM=drop|RI=none|TS=narrow|UG=on|EL=unrestricted|BS=both|ES=pw_raw|GL=us_state,2026-06-19,geo_rep_2026-06-19_run063
us_state,NE,Nebraska,1,pw_raw,female_share_pct,56.61,,,151,14911,pass,,show,false,true,1.21,NCT02265913,27.34,false,,,3.24,CS=pooled50|GC=post_filter_trials|RM=drop|RI=none|TS=narrow|UG=on|EL=unrestricted|BS=both|ES=pw_raw|GL=us_state,2026-06-19,geo_rep_2026-06-19_run063
us_state,RI,Rhode Island,1,pw_raw,female_share_pct,35.58,,,146,62591,pass,one trial supplies 72.1% of this geography's participants,badge_concentration,false,true,0.34,NCT05579600,72.14,true,,,2.92,CS=pooled50|GC=post_filter_trials|RM=drop|RI=none|TS=narrow|UG=on|EL=unrestricted|BS=both|ES=pw_raw|GL=us_state,2026-06-19,geo_rep_2026-06-19_run063
us_state,DC,District of Columbia,1,pw_raw,female_share_pct,43.72,,,145,12067,pass,,show,false,true,0.71,NCT05021757,10.04,false,,,4.19,CS=pooled50|GC=post_filter_trials|RM=drop|RI=none|TS=narrow|UG=on|EL=unrestricted|BS=both|ES=pw_raw|GL=us_state,2026-06-19,geo_rep_2026-06-19_run063
us_state,AR,Arkansas,1,pw_raw,female_share_pct,18.55,,,131,54499,pass,one trial supplies 81.3% of this geography's participants,badge_concentration,false,true,0.38,NCT01875861,81.35,true,,,0.59,CS=pooled50|GC=post_filter_trials|RM=drop|RI=none|TS=narrow|UG=on|EL=unrestricted|BS=both|ES=pw_raw|GL=us_state,2026-06-19,geo_rep_2026-06-19_run063
us_state,LA,Louisiana,1,pw_raw,female_share_pct,66.69,,,112,31910,pass,,show,false,true,0.97,NCT04748445,28.68,false,,,1.78,CS=pooled50|GC=post_filter_trials|RM=drop|RI=none|TS=narrow|UG=on|EL=unrestricted|BS=both|ES=pw_raw|GL=us_state,2026-06-19,geo_rep_2026-06-19_run063
us_state,NM,New Mexico,1,pw_raw,female_share_pct,53.52,,,96,8767,pass,,show,false,true,1.12,NCT02502383,11.3,false,,,4.55,CS=pooled50|GC=post_filter_trials|RM=drop|RI=none|TS=narrow|UG=on|EL=unrestricted|BS=both|ES=pw_raw|GL=us_state,2026-06-19,geo_rep_2026-06-19_run063
us_state,NH,New Hampshire,1,pw_raw,female_share_pct,52.38,,,84,5477,pass,,show,false,true,2.52,NCT03747302,18.22,false,,,5.67,CS=pooled50|GC=post_filter_trials|RM=drop|RI=none|TS=narrow|UG=on|EL=unrestricted|BS=both|ES=pw_raw|GL=us_state,2026-06-19,geo_rep_2026-06-19_run063
us_state,OK,Oklahoma,1,pw_raw,female_share_pct,51.84,,,78,8378,pass,,show,false,true,0.95,NCT00584558,28.89,false,,,5.18,CS=pooled50|GC=post_filter_trials|RM=drop|RI=none|TS=narrow|UG=on|EL=unrestricted|BS=both|ES=pw_raw|GL=us_state,2026-06-19,geo_rep_2026-06-19_run063
us_state,NV,Nevada,1,pw_raw,female_share_pct,54.73,,,61,6201,pass,,show,false,true,0.84,NCT03868124,9.03,false,,,2.79,CS=pooled50|GC=post_filter_trials|RM=drop|RI=none|TS=narrow|UG=on|EL=unrestricted|BS=both|ES=pw_raw|GL=us_state,2026-06-19,geo_rep_2026-06-19_run063
us_state,CA,California,1,tw_median,female_share_pct,47,,,2509,2293803,pass,one trial supplies 71.1% of this geography's participants,badge_concentration,false,false,0.2,NCT03694392,71.08,true,,,1.55,CS=pooled50|GC=post_filter_trials|RM=drop|RI=none|TS=narrow|UG=on|EL=unrestricted|BS=both|ES=tw_median|GL=us_state,2026-06-19,geo_rep_2026-06-19_run063
us_state,NY,New York,1,tw_median,female_share_pct,50,,,2306,3462731,pass,,show,false,false,0.11,NCT04926233,39.6,false,,,1.19,CS=pooled50|GC=post_filter_trials|RM=drop|RI=none|TS=narrow|UG=on|EL=unrestricted|BS=both|ES=tw_median|GL=us_state,2026-06-19,geo_rep_2026-06-19_run063
us_state,TX,Texas,1,tw_median,female_share_pct,45.3,,,2013,188476,pass,,show,false,true,1.2,NCT00138294,15.52,false,,,1.36,CS=pooled50|GC=post_filter_trials|RM=drop|RI=none|TS=narrow|UG=on|EL=unrestricted|BS=both|ES=tw_median|GL=us_state,2026-06-19,geo_rep_2026-06-19_run063
us_state,MA,Massachusetts,1,tw_median,female_share_pct,50,,,1723,3809714,pass,,show,false,false,0.06,NCT02138097,16.14,false,,,0.4,CS=pooled50|GC=post_filter_trials|RM=drop|RI=none|TS=narrow|UG=on|EL=unrestricted|BS=both|ES=tw_median|GL=us_state,2026-06-19,geo_rep_2026-06-19_run063
us_state,PA,Pennsylvania,1,tw_median,female_share_pct,50,,,1491,1094730,pass,,show,false,false,0.14,NCT04350866,17.92,false,,,1.26,CS=pooled50|GC=post_filter_trials|RM=drop|RI=none|TS=narrow|UG=on|EL=unrestricted|BS=both|ES=tw_median|GL=us_state,2026-06-19,geo_rep_2026-06-19_run063
us_state,MD,Maryland,1,tw_median,female_share_pct,45.59,,,1434,487059,pass,,show,false,false,0.42,NCT01696968,31.8,false,,,1.23,CS=pooled50|GC=post_filter_trials|RM=drop|RI=none|TS=narrow|UG=on|EL=unrestricted|BS=both|ES=tw_median|GL=us_state,2026-06-19,geo_rep_2026-06-19_run063
us_state,NC,North Carolina,1,tw_median,female_share_pct,50,,,1231,287435,pass,,show,false,false,0.5,NCT05465317,21.64,false,,,0.89,CS=pooled50|GC=post_filter_trials|RM=drop|RI=none|TS=narrow|UG=on|EL=unrestricted|BS=both|ES=tw_median|GL=us_state,2026-06-19,geo_rep_2026-06-19_run063
us_state,FL,Florida,1,tw_median,female_share_pct,45.94,,,1082,81523,pass,,show,false,true,2.67,NCT02416011,3.55,false,,,0.74,CS=pooled50|GC=post_filter_trials|RM=drop|RI=none|TS=narrow|UG=on|EL=unrestricted|BS=both|ES=tw_median|GL=us_state,2026-06-19,geo_rep_2026-06-19_run063
us_state,OH,Ohio,1,tw_median,female_share_pct,48,,,1009,128302,pass,,show,false,false,2.1,NCT00667186,7.46,false,,,3.83,CS=pooled50|GC=post_filter_trials|RM=drop|RI=none|TS=narrow|UG=on|EL=unrestricted|BS=both|ES=tw_median|GL=us_state,2026-06-19,geo_rep_2026-06-19_run063
us_state,MN,Minnesota,1,tw_median,female_share_pct,50,,,845,641365,pass,one trial supplies 60.2% of this geography's participants,badge_concentration,true,false,0.14,NCT05214573,60.23,true,,,2.66,CS=pooled50|GC=post_filter_trials|RM=drop|RI=none|TS=narrow|UG=on|EL=unrestricted|BS=both|ES=tw_median|GL=us_state,2026-06-19,geo_rep_2026-06-19_run063
us_state,IL,Illinois,1,tw_median,female_share_pct,50,,,790,293816,pass,,show,false,false,0.64,NCT03833804,22.12,false,,,3.74,CS=pooled50|GC=post_filter_trials|RM=drop|RI=none|TS=narrow|UG=on|EL=unrestricted|BS=both|ES=tw_median|GL=us_state,2026-06-19,geo_rep_2026-06-19_run063
us_state,MI,Michigan,1,tw_median,female_share_pct,48.92,,,601,249505,pass,one trial supplies 58.4% of this geography's participants,badge_concentration,false,true,0.3,NCT05065502,58.39,true,,,0.67,CS=pooled50|GC=post_filter_trials|RM=drop|RI=none|TS=narrow|UG=on|EL=unrestricted|BS=both|ES=tw_median|GL=us_state,2026-06-19,geo_rep_2026-06-19_run063
us_state,MO,Missouri,1,tw_median,female_share_pct,50,,,590,79115,pass,,show,false,true,0.85,NCT01280942,25.32,false,,,3.89,CS=pooled50|GC=post_filter_trials|RM=drop|RI=none|TS=narrow|UG=on|EL=unrestricted|BS=both|ES=tw_median|GL=us_state,2026-06-19,geo_rep_2026-06-19_run063
us_state,CT,Connecticut,1,tw_median,female_share_pct,47.62,,,477,208286,pass,one trial supplies 55.2% of this geography's participants,badge_concentration,false,true,0.21,NCT05957198,55.17,true,,,5.89,CS=pooled50|GC=post_filter_trials|RM=drop|RI=none|TS=narrow|UG=on|EL=unrestricted|BS=both|ES=tw_median|GL=us_state,2026-06-19,geo_rep_2026-06-19_run063
us_state,GA,Georgia,1,tw_median,female_share_pct,50,,,455,88903,pass,one trial supplies 63.4% of this geography's participants,badge_concentration,false,true,0.66,NCT02879812,63.36,true,,,1.74,CS=pooled50|GC=post_filter_trials|RM=drop|RI=none|TS=narrow|UG=on|EL=unrestricted|BS=both|ES=tw_median|GL=us_state,2026-06-19,geo_rep_2026-06-19_run063
us_state,TN,Tennessee,1,tw_median,female_share_pct,50,,,453,144369,pass,,show,true,false,0.73,NCT02625181,18.73,false,,,2.61,CS=pooled50|GC=post_filter_trials|RM=drop|RI=none|TS=narrow|UG=on|EL=unrestricted|BS=both|ES=tw_median|GL=us_state,2026-06-19,geo_rep_2026-06-19_run063
us_state,WA,Washington,1,tw_median,female_share_pct,49.25,,,447,60948,pass,,show,false,false,0.98,NCT00115869,13.76,false,,,1.79,CS=pooled50|GC=post_filter_trials|RM=drop|RI=none|TS=narrow|UG=on|EL=unrestricted|BS=both|ES=tw_median|GL=us_state,2026-06-19,geo_rep_2026-06-19_run063
us_state,IN,Indiana,1,tw_median,female_share_pct,52.97,,,436,124414,pass,one trial supplies 45.9% of this geography's participants,badge_concentration,false,true,0.49,NCT01446705,45.87,true,,,1.3,CS=pooled50|GC=post_filter_trials|RM=drop|RI=none|TS=narrow|UG=on|EL=unrestricted|BS=both|ES=tw_median|GL=us_state,2026-06-19,geo_rep_2026-06-19_run063
us_state,CO,Colorado,1,tw_median,female_share_pct,50,,,380,56870,pass,,show,false,true,1.74,NCT03973931,16.3,false,,,3.22,CS=pooled50|GC=post_filter_trials|RM=drop|RI=none|TS=narrow|UG=on|EL=unrestricted|BS=both|ES=tw_median|GL=us_state,2026-06-19,geo_rep_2026-06-19_run063
us_state,SC,South Carolina,1,tw_median,female_share_pct,49.33,,,365,51052,pass,,show,false,true,1.18,NCT01156571,21.83,false,,,2.83,CS=pooled50|GC=post_filter_trials|RM=drop|RI=none|TS=narrow|UG=on|EL=unrestricted|BS=both|ES=tw_median|GL=us_state,2026-06-19,geo_rep_2026-06-19_run063
us_state,WI,Wisconsin,1,tw_median,female_share_pct,46.67,,,334,87524,pass,one trial supplies 60.7% of this geography's participants,badge_concentration,false,true,0.91,NCT02433496,60.71,true,,,4.54,CS=pooled50|GC=post_filter_trials|RM=drop|RI=none|TS=narrow|UG=on|EL=unrestricted|BS=both|ES=tw_median|GL=us_state,2026-06-19,geo_rep_2026-06-19_run063
us_state,VA,Virginia,1,tw_median,female_share_pct,50,,,313,24615,pass,,show,false,true,1.64,NCT01787838,10.19,false,,,3.42,CS=pooled50|GC=post_filter_trials|RM=drop|RI=none|TS=narrow|UG=on|EL=unrestricted|BS=both|ES=tw_median|GL=us_state,2026-06-19,geo_rep_2026-06-19_run063
us_state,NJ,New Jersey,1,tw_median,female_share_pct,50,,,311,52004,pass,,show,false,true,1.91,NCT02846779,10.76,false,,,5.38,CS=pooled50|GC=post_filter_trials|RM=drop|RI=none|TS=narrow|UG=on|EL=unrestricted|BS=both|ES=tw_median|GL=us_state,2026-06-19,geo_rep_2026-06-19_run063
us_state,AL,Alabama,1,tw_median,female_share_pct,48,,,250,32029,pass,,show,false,true,0.69,NCT02383173,20.27,false,,,5.48,CS=pooled50|GC=post_filter_trials|RM=drop|RI=none|TS=narrow|UG=on|EL=unrestricted|BS=both|ES=tw_median|GL=us_state,2026-06-19,geo_rep_2026-06-19_run063
us_state,AZ,Arizona,1,tw_median,female_share_pct,50,,,248,13820,pass,,show,false,true,5.85,NCT03517111,6.1,false,,,4.14,CS=pooled50|GC=post_filter_trials|RM=drop|RI=none|TS=narrow|UG=on|EL=unrestricted|BS=both|ES=tw_median|GL=us_state,2026-06-19,geo_rep_2026-06-19_run063
us_state,OR,Oregon,1,tw_median,female_share_pct,50,,,245,94399,pass,one trial supplies 48.7% of this geography's participants,badge_concentration,false,true,0.18,NCT02325531,48.68,true,,,2.47,CS=pooled50|GC=post_filter_trials|RM=drop|RI=none|TS=narrow|UG=on|EL=unrestricted|BS=both|ES=tw_median|GL=us_state,2026-06-19,geo_rep_2026-06-19_run063
us_state,UT,Utah,1,tw_median,female_share_pct,48.68,,,236,212995,pass,one trial supplies 84.7% of this geography's participants,badge_concentration,false,true,0.2,NCT04148989,84.7,true,,,6.75,CS=pooled50|GC=post_filter_trials|RM=drop|RI=none|TS=narrow|UG=on|EL=unrestricted|BS=both|ES=tw_median|GL=us_state,2026-06-19,geo_rep_2026-06-19_run063
us_state,KY,Kentucky,1,tw_median,female_share_pct,48.21,,,205,94769,pass,one trial supplies 67.8% of this geography's participants,badge_concentration,false,false,0.15,NCT06066541,67.84,true,,,2.34,CS=pooled50|GC=post_filter_trials|RM=drop|RI=none|TS=narrow|UG=on|EL=unrestricted|BS=both|ES=tw_median|GL=us_state,2026-06-19,geo_rep_2026-06-19_run063
us_state,IA,Iowa,1,tw_median,female_share_pct,49.76,,,193,13742,pass,,show,false,true,1.72,NCT01276171,5.45,false,,,4.78,CS=pooled50|GC=post_filter_trials|RM=drop|RI=none|TS=narrow|UG=on|EL=unrestricted|BS=both|ES=tw_median|GL=us_state,2026-06-19,geo_rep_2026-06-19_run063
us_state,KS,Kansas,1,tw_median,female_share_pct,45.45,,,165,13764,pass,,show,false,true,1.02,NCT02456636,10.22,false,,,1.82,CS=pooled50|GC=post_filter_trials|RM=drop|RI=none|TS=narrow|UG=on|EL=unrestricted|BS=both|ES=tw_median|GL=us_state,2026-06-19,geo_rep_2026-06-19_run063
us_state,NE,Nebraska,1,tw_median,female_share_pct,45.83,,,151,14911,pass,,show,false,true,1.21,NCT02265913,27.34,false,,,3.24,CS=pooled50|GC=post_filter_trials|RM=drop|RI=none|TS=narrow|UG=on|EL=unrestricted|BS=both|ES=tw_median|GL=us_state,2026-06-19,geo_rep_2026-06-19_run063
us_state,RI,Rhode Island,1,tw_median,female_share_pct,44.68,,,146,62591,pass,one trial supplies 72.1% of this geography's participants,badge_concentration,false,true,0.34,NCT05579600,72.14,true,,,2.92,CS=pooled50|GC=post_filter_trials|RM=drop|RI=none|TS=narrow|UG=on|EL=unrestricted|BS=both|ES=tw_median|GL=us_state,2026-06-19,geo_rep_2026-06-19_run063
us_state,DC,District of Columbia,1,tw_median,female_share_pct,43.75,,,145,12067,pass,,show,false,true,0.71,NCT05021757,10.04,false,,,4.19,CS=pooled50|GC=post_filter_trials|RM=drop|RI=none|TS=narrow|UG=on|EL=unrestricted|BS=both|ES=tw_median|GL=us_state,2026-06-19,geo_rep_2026-06-19_run063
us_state,AR,Arkansas,1,tw_median,female_share_pct,45.83,,,131,54499,pass,one trial supplies 81.3% of this geography's participants,badge_concentration,false,true,0.38,NCT01875861,81.35,true,,,0.59,CS=pooled50|GC=post_filter_trials|RM=drop|RI=none|TS=narrow|UG=on|EL=unrestricted|BS=both|ES=tw_median|GL=us_state,2026-06-19,geo_rep_2026-06-19_run063
us_state,LA,Louisiana,1,tw_median,female_share_pct,60.1,,,112,31910,pass,,show,false,true,0.97,NCT04748445,28.68,false,,,1.78,CS=pooled50|GC=post_filter_trials|RM=drop|RI=none|TS=narrow|UG=on|EL=unrestricted|BS=both|ES=tw_median|GL=us_state,2026-06-19,geo_rep_2026-06-19_run063
us_state,NM,New Mexico,1,tw_median,female_share_pct,50,,,96,8767,pass,,show,false,true,1.12,NCT02502383,11.3,false,,,4.55,CS=pooled50|GC=post_filter_trials|RM=drop|RI=none|TS=narrow|UG=on|EL=unrestricted|BS=both|ES=tw_median|GL=us_state,2026-06-19,geo_rep_2026-06-19_run063
us_state,NH,New Hampshire,1,tw_median,female_share_pct,45.76,,,84,5477,pass,,show,false,true,2.52,NCT03747302,18.22,false,,,5.67,CS=pooled50|GC=post_filter_trials|RM=drop|RI=none|TS=narrow|UG=on|EL=unrestricted|BS=both|ES=tw_median|GL=us_state,2026-06-19,geo_rep_2026-06-19_run063
us_state,OK,Oklahoma,1,tw_median,female_share_pct,50,,,78,8378,pass,,show,false,true,0.95,NCT00584558,28.89,false,,,5.18,CS=pooled50|GC=post_filter_trials|RM=drop|RI=none|TS=narrow|UG=on|EL=unrestricted|BS=both|ES=tw_median|GL=us_state,2026-06-19,geo_rep_2026-06-19_run063
us_state,NV,Nevada,1,tw_median,female_share_pct,57.09,,,61,6201,pass,,show,false,true,0.84,NCT03868124,9.03,false,,,2.79,CS=pooled50|GC=post_filter_trials|RM=drop|RI=none|TS=narrow|UG=on|EL=unrestricted|BS=both|ES=tw_median|GL=us_state,2026-06-19,geo_rep_2026-06-19_run063
us_state,CA,California,1,std_gcomp,female_share_pct,54.15,53.84,54.5,2509,2293803,pass,one trial supplies 71.1% of this geography's participants,badge_concentration,false,false,0.2,NCT03694392,71.08,true,0.6828,-1.62,1.55,CS=pooled50|GC=post_filter_trials|RM=drop|RI=none|TS=narrow|UG=on|EL=unrestricted|BS=both|ES=std_gcomp|GL=us_state,2026-06-19,geo_rep_2026-06-19_run063
us_state,NY,New York,1,std_gcomp,female_share_pct,47.13,46.8,47.45,2306,3462731,pass,,show,false,false,0.11,NCT04926233,39.6,false,0.7332,-2.55,1.19,CS=pooled50|GC=post_filter_trials|RM=drop|RI=none|TS=narrow|UG=on|EL=unrestricted|BS=both|ES=std_gcomp|GL=us_state,2026-06-19,geo_rep_2026-06-19_run063
us_state,TX,Texas,1,std_gcomp,female_share_pct,,,,2013,188476,pass,support 0.1432 < floor 0.25,withheld,false,true,1.2,NCT00138294,15.52,false,0.1432,,1.36,CS=pooled50|GC=post_filter_trials|RM=drop|RI=none|TS=narrow|UG=on|EL=unrestricted|BS=both|ES=std_gcomp|GL=us_state,2026-06-19,geo_rep_2026-06-19_run063
us_state,MA,Massachusetts,1,std_gcomp,female_share_pct,49.17,48.91,49.49,1723,3809714,pass,,show,false,false,0.06,NCT02138097,16.14,false,0.7559,3.06,0.4,CS=pooled50|GC=post_filter_trials|RM=drop|RI=none|TS=narrow|UG=on|EL=unrestricted|BS=both|ES=std_gcomp|GL=us_state,2026-06-19,geo_rep_2026-06-19_run063
us_state,PA,Pennsylvania,1,std_gcomp,female_share_pct,47.61,47,48.02,1491,1094730,pass,,show,false,false,0.14,NCT04350866,17.92,false,0.4422,0.67,1.26,CS=pooled50|GC=post_filter_trials|RM=drop|RI=none|TS=narrow|UG=on|EL=unrestricted|BS=both|ES=std_gcomp|GL=us_state,2026-06-19,geo_rep_2026-06-19_run063
us_state,MD,Maryland,1,std_gcomp,female_share_pct,46.64,45.45,47.71,1434,487059,pass,,show,false,false,0.42,NCT01696968,31.8,false,0.368,-3.34,1.23,CS=pooled50|GC=post_filter_trials|RM=drop|RI=none|TS=narrow|UG=on|EL=unrestricted|BS=both|ES=std_gcomp|GL=us_state,2026-06-19,geo_rep_2026-06-19_run063
us_state,NC,North Carolina,1,std_gcomp,female_share_pct,48.47,47.64,49.29,1231,287435,pass,,show,false,false,0.5,NCT05465317,21.64,false,0.4555,-0.89,0.89,CS=pooled50|GC=post_filter_trials|RM=drop|RI=none|TS=narrow|UG=on|EL=unrestricted|BS=both|ES=std_gcomp|GL=us_state,2026-06-19,geo_rep_2026-06-19_run063
us_state,FL,Florida,1,std_gcomp,female_share_pct,,,,1082,81523,pass,support 0.2328 < floor 0.25,withheld,false,true,2.67,NCT02416011,3.55,false,0.2328,,0.74,CS=pooled50|GC=post_filter_trials|RM=drop|RI=none|TS=narrow|UG=on|EL=unrestricted|BS=both|ES=std_gcomp|GL=us_state,2026-06-19,geo_rep_2026-06-19_run063
us_state,OH,Ohio,1,std_gcomp,female_share_pct,43.3,42.11,44.51,1009,128302,pass,,show,false,false,2.1,NCT00667186,7.46,false,0.3893,-4.7,3.83,CS=pooled50|GC=post_filter_trials|RM=drop|RI=none|TS=narrow|UG=on|EL=unrestricted|BS=both|ES=std_gcomp|GL=us_state,2026-06-19,geo_rep_2026-06-19_run063
us_state,MN,Minnesota,1,std_gcomp,female_share_pct,46.19,45.56,46.79,845,641365,pass,one trial supplies 60.2% of this geography's participants,badge_concentration,true,false,0.14,NCT05214573,60.23,true,0.5433,-4.52,2.66,CS=pooled50|GC=post_filter_trials|RM=drop|RI=none|TS=narrow|UG=on|EL=unrestricted|BS=both|ES=std_gcomp|GL=us_state,2026-06-19,geo_rep_2026-06-19_run063
us_state,IL,Illinois,1,std_gcomp,female_share_pct,53.09,52.23,53.98,790,293816,pass,,show,false,false,0.64,NCT03833804,22.12,false,0.4144,-2.31,3.74,CS=pooled50|GC=post_filter_trials|RM=drop|RI=none|TS=narrow|UG=on|EL=unrestricted|BS=both|ES=std_gcomp|GL=us_state,2026-06-19,geo_rep_2026-06-19_run063
us_state,MI,Michigan,1,std_gcomp,female_share_pct,,,,601,249505,pass,support 0.1961 < floor 0.25,withheld,false,true,0.3,NCT05065502,58.39,true,0.1961,,0.67,CS=pooled50|GC=post_filter_trials|RM=drop|RI=none|TS=narrow|UG=on|EL=unrestricted|BS=both|ES=std_gcomp|GL=us_state,2026-06-19,geo_rep_2026-06-19_run063
us_state,MO,Missouri,1,std_gcomp,female_share_pct,,,,590,79115,pass,support 0.0888 < floor 0.25,withheld,false,true,0.85,NCT01280942,25.32,false,0.0888,,3.89,CS=pooled50|GC=post_filter_trials|RM=drop|RI=none|TS=narrow|UG=on|EL=unrestricted|BS=both|ES=std_gcomp|GL=us_state,2026-06-19,geo_rep_2026-06-19_run063
us_state,CT,Connecticut,1,std_gcomp,female_share_pct,,,,477,208286,pass,support 0.164 < floor 0.25,withheld,false,true,0.21,NCT05957198,55.17,true,0.164,,5.89,CS=pooled50|GC=post_filter_trials|RM=drop|RI=none|TS=narrow|UG=on|EL=unrestricted|BS=both|ES=std_gcomp|GL=us_state,2026-06-19,geo_rep_2026-06-19_run063
us_state,GA,Georgia,1,std_gcomp,female_share_pct,,,,455,88903,pass,support 0.1053 < floor 0.25,withheld,false,true,0.66,NCT02879812,63.36,true,0.1053,,1.74,CS=pooled50|GC=post_filter_trials|RM=drop|RI=none|TS=narrow|UG=on|EL=unrestricted|BS=both|ES=std_gcomp|GL=us_state,2026-06-19,geo_rep_2026-06-19_run063
us_state,TN,Tennessee,1,std_gcomp,female_share_pct,46.76,45.56,47.85,453,144369,pass,,show,true,false,0.73,NCT02625181,18.73,false,0.3177,-5.2,2.61,CS=pooled50|GC=post_filter_trials|RM=drop|RI=none|TS=narrow|UG=on|EL=unrestricted|BS=both|ES=std_gcomp|GL=us_state,2026-06-19,geo_rep_2026-06-19_run063
us_state,WA,Washington,1,std_gcomp,female_share_pct,51.1,49.72,52.85,447,60948,pass,,show,false,false,0.98,NCT00115869,13.76,false,0.301,-1.34,1.79,CS=pooled50|GC=post_filter_trials|RM=drop|RI=none|TS=narrow|UG=on|EL=unrestricted|BS=both|ES=std_gcomp|GL=us_state,2026-06-19,geo_rep_2026-06-19_run063
us_state,IN,Indiana,1,std_gcomp,female_share_pct,,,,436,124414,pass,support 0.0935 < floor 0.25,withheld,false,true,0.49,NCT01446705,45.87,true,0.0935,,1.3,CS=pooled50|GC=post_filter_trials|RM=drop|RI=none|TS=narrow|UG=on|EL=unrestricted|BS=both|ES=std_gcomp|GL=us_state,2026-06-19,geo_rep_2026-06-19_run063
us_state,CO,Colorado,1,std_gcomp,female_share_pct,,,,380,56870,pass,support 0.2086 < floor 0.25,withheld,false,true,1.74,NCT03973931,16.3,false,0.2086,,3.22,CS=pooled50|GC=post_filter_trials|RM=drop|RI=none|TS=narrow|UG=on|EL=unrestricted|BS=both|ES=std_gcomp|GL=us_state,2026-06-19,geo_rep_2026-06-19_run063
us_state,SC,South Carolina,1,std_gcomp,female_share_pct,,,,365,51052,pass,support 0.0878 < floor 0.25,withheld,false,true,1.18,NCT01156571,21.83,false,0.0878,,2.83,CS=pooled50|GC=post_filter_trials|RM=drop|RI=none|TS=narrow|UG=on|EL=unrestricted|BS=both|ES=std_gcomp|GL=us_state,2026-06-19,geo_rep_2026-06-19_run063
us_state,WI,Wisconsin,1,std_gcomp,female_share_pct,,,,334,87524,pass,support 0.0827 < floor 0.25,withheld,false,true,0.91,NCT02433496,60.71,true,0.0827,,4.54,CS=pooled50|GC=post_filter_trials|RM=drop|RI=none|TS=narrow|UG=on|EL=unrestricted|BS=both|ES=std_gcomp|GL=us_state,2026-06-19,geo_rep_2026-06-19_run063
us_state,VA,Virginia,1,std_gcomp,female_share_pct,,,,313,24615,pass,support 0.0666 < floor 0.25,withheld,false,true,1.64,NCT01787838,10.19,false,0.0666,,3.42,CS=pooled50|GC=post_filter_trials|RM=drop|RI=none|TS=narrow|UG=on|EL=unrestricted|BS=both|ES=std_gcomp|GL=us_state,2026-06-19,geo_rep_2026-06-19_run063
us_state,NJ,New Jersey,1,std_gcomp,female_share_pct,,,,311,52004,pass,support 0.1544 < floor 0.25,withheld,false,true,1.91,NCT02846779,10.76,false,0.1544,,5.38,CS=pooled50|GC=post_filter_trials|RM=drop|RI=none|TS=narrow|UG=on|EL=unrestricted|BS=both|ES=std_gcomp|GL=us_state,2026-06-19,geo_rep_2026-06-19_run063
us_state,AL,Alabama,1,std_gcomp,female_share_pct,,,,250,32029,pass,support 0.0743 < floor 0.25,withheld,false,true,0.69,NCT02383173,20.27,false,0.0743,,5.48,CS=pooled50|GC=post_filter_trials|RM=drop|RI=none|TS=narrow|UG=on|EL=unrestricted|BS=both|ES=std_gcomp|GL=us_state,2026-06-19,geo_rep_2026-06-19_run063
us_state,AZ,Arizona,1,std_gcomp,female_share_pct,,,,248,13820,pass,support 0.0394 < floor 0.25,withheld,false,true,5.85,NCT03517111,6.1,false,0.0394,,4.14,CS=pooled50|GC=post_filter_trials|RM=drop|RI=none|TS=narrow|UG=on|EL=unrestricted|BS=both|ES=std_gcomp|GL=us_state,2026-06-19,geo_rep_2026-06-19_run063
us_state,OR,Oregon,1,std_gcomp,female_share_pct,,,,245,94399,pass,support 0.0672 < floor 0.25,withheld,false,true,0.18,NCT02325531,48.68,true,0.0672,,2.47,CS=pooled50|GC=post_filter_trials|RM=drop|RI=none|TS=narrow|UG=on|EL=unrestricted|BS=both|ES=std_gcomp|GL=us_state,2026-06-19,geo_rep_2026-06-19_run063
us_state,UT,Utah,1,std_gcomp,female_share_pct,,,,236,212995,pass,support 0.1062 < floor 0.25,withheld,false,true,0.2,NCT04148989,84.7,true,0.1062,,6.75,CS=pooled50|GC=post_filter_trials|RM=drop|RI=none|TS=narrow|UG=on|EL=unrestricted|BS=both|ES=std_gcomp|GL=us_state,2026-06-19,geo_rep_2026-06-19_run063
us_state,KY,Kentucky,1,std_gcomp,female_share_pct,51.94,50.5,53.42,205,94769,pass,one trial supplies 67.8% of this geography's participants,badge_concentration,false,false,0.15,NCT06066541,67.84,true,0.2581,-2.47,2.34,CS=pooled50|GC=post_filter_trials|RM=drop|RI=none|TS=narrow|UG=on|EL=unrestricted|BS=both|ES=std_gcomp|GL=us_state,2026-06-19,geo_rep_2026-06-19_run063
us_state,IA,Iowa,1,std_gcomp,female_share_pct,,,,193,13742,pass,support 0.0506 < floor 0.25,withheld,false,true,1.72,NCT01276171,5.45,false,0.0506,,4.78,CS=pooled50|GC=post_filter_trials|RM=drop|RI=none|TS=narrow|UG=on|EL=unrestricted|BS=both|ES=std_gcomp|GL=us_state,2026-06-19,geo_rep_2026-06-19_run063
us_state,KS,Kansas,1,std_gcomp,female_share_pct,,,,165,13764,pass,support 0.2196 < floor 0.25,withheld,false,true,1.02,NCT02456636,10.22,false,0.2196,,1.82,CS=pooled50|GC=post_filter_trials|RM=drop|RI=none|TS=narrow|UG=on|EL=unrestricted|BS=both|ES=std_gcomp|GL=us_state,2026-06-19,geo_rep_2026-06-19_run063
us_state,NE,Nebraska,1,std_gcomp,female_share_pct,,,,151,14911,pass,support 0.0346 < floor 0.25,withheld,false,true,1.21,NCT02265913,27.34,false,0.0346,,3.24,CS=pooled50|GC=post_filter_trials|RM=drop|RI=none|TS=narrow|UG=on|EL=unrestricted|BS=both|ES=std_gcomp|GL=us_state,2026-06-19,geo_rep_2026-06-19_run063
us_state,RI,Rhode Island,1,std_gcomp,female_share_pct,,,,146,62591,pass,support 0.0565 < floor 0.25,withheld,false,true,0.34,NCT05579600,72.14,true,0.0565,,2.92,CS=pooled50|GC=post_filter_trials|RM=drop|RI=none|TS=narrow|UG=on|EL=unrestricted|BS=both|ES=std_gcomp|GL=us_state,2026-06-19,geo_rep_2026-06-19_run063
us_state,DC,District of Columbia,1,std_gcomp,female_share_pct,,,,145,12067,pass,support 0.0843 < floor 0.25,withheld,false,true,0.71,NCT05021757,10.04,false,0.0843,,4.19,CS=pooled50|GC=post_filter_trials|RM=drop|RI=none|TS=narrow|UG=on|EL=unrestricted|BS=both|ES=std_gcomp|GL=us_state,2026-06-19,geo_rep_2026-06-19_run063
us_state,AR,Arkansas,1,std_gcomp,female_share_pct,,,,131,54499,pass,support 0.035 < floor 0.25,withheld,false,true,0.38,NCT01875861,81.35,true,0.035,,0.59,CS=pooled50|GC=post_filter_trials|RM=drop|RI=none|TS=narrow|UG=on|EL=unrestricted|BS=both|ES=std_gcomp|GL=us_state,2026-06-19,geo_rep_2026-06-19_run063
us_state,LA,Louisiana,1,std_gcomp,female_share_pct,,,,112,31910,pass,support 0.199 < floor 0.25,withheld,false,true,0.97,NCT04748445,28.68,false,0.199,,1.78,CS=pooled50|GC=post_filter_trials|RM=drop|RI=none|TS=narrow|UG=on|EL=unrestricted|BS=both|ES=std_gcomp|GL=us_state,2026-06-19,geo_rep_2026-06-19_run063
us_state,NM,New Mexico,1,std_gcomp,female_share_pct,,,,96,8767,pass,support 0.0264 < floor 0.25,withheld,false,true,1.12,NCT02502383,11.3,false,0.0264,,4.55,CS=pooled50|GC=post_filter_trials|RM=drop|RI=none|TS=narrow|UG=on|EL=unrestricted|BS=both|ES=std_gcomp|GL=us_state,2026-06-19,geo_rep_2026-06-19_run063
us_state,NH,New Hampshire,1,std_gcomp,female_share_pct,,,,84,5477,pass,support 0.0426 < floor 0.25,withheld,false,true,2.52,NCT03747302,18.22,false,0.0426,,5.67,CS=pooled50|GC=post_filter_trials|RM=drop|RI=none|TS=narrow|UG=on|EL=unrestricted|BS=both|ES=std_gcomp|GL=us_state,2026-06-19,geo_rep_2026-06-19_run063
us_state,OK,Oklahoma,1,std_gcomp,female_share_pct,,,,78,8378,pass,support 0.0294 < floor 0.25,withheld,false,true,0.95,NCT00584558,28.89,false,0.0294,,5.18,CS=pooled50|GC=post_filter_trials|RM=drop|RI=none|TS=narrow|UG=on|EL=unrestricted|BS=both|ES=std_gcomp|GL=us_state,2026-06-19,geo_rep_2026-06-19_run063
us_state,NV,Nevada,1,std_gcomp,female_share_pct,,,,61,6201,pass,support 0.0151 < floor 0.25,withheld,false,true,0.84,NCT03868124,9.03,false,0.0151,,2.79,CS=pooled50|GC=post_filter_trials|RM=drop|RI=none|TS=narrow|UG=on|EL=unrestricted|BS=both|ES=std_gcomp|GL=us_state,2026-06-19,geo_rep_2026-06-19_run063
us_state,CA,California,1,std_modal,female_share_pct,57.3,,,2509,2293803,pass,one trial supplies 71.1% of this geography's participants,badge_concentration,false,false,0.2,NCT03694392,71.08,true,0.6828,,1.55,CS=pooled50|GC=post_filter_trials|RM=drop|RI=none|TS=narrow|UG=on|EL=unrestricted|BS=both|ES=std_modal|GL=us_state,2026-06-19,geo_rep_2026-06-19_run063
us_state,NY,New York,1,std_modal,female_share_pct,49.97,,,2306,3462731,pass,,show,false,false,0.11,NCT04926233,39.6,false,0.7332,,1.19,CS=pooled50|GC=post_filter_trials|RM=drop|RI=none|TS=narrow|UG=on|EL=unrestricted|BS=both|ES=std_modal|GL=us_state,2026-06-19,geo_rep_2026-06-19_run063
us_state,TX,Texas,1,std_modal,female_share_pct,,,,2013,188476,pass,support 0.1432 < floor 0.25,withheld,false,true,1.2,NCT00138294,15.52,false,0.1432,,1.36,CS=pooled50|GC=post_filter_trials|RM=drop|RI=none|TS=narrow|UG=on|EL=unrestricted|BS=both|ES=std_modal|GL=us_state,2026-06-19,geo_rep_2026-06-19_run063
us_state,MA,Massachusetts,1,std_modal,female_share_pct,52.11,,,1723,3809714,pass,,show,false,false,0.06,NCT02138097,16.14,false,0.7559,,0.4,CS=pooled50|GC=post_filter_trials|RM=drop|RI=none|TS=narrow|UG=on|EL=unrestricted|BS=both|ES=std_modal|GL=us_state,2026-06-19,geo_rep_2026-06-19_run063
us_state,PA,Pennsylvania,1,std_modal,female_share_pct,50.47,,,1491,1094730,pass,,show,false,false,0.14,NCT04350866,17.92,false,0.4422,,1.26,CS=pooled50|GC=post_filter_trials|RM=drop|RI=none|TS=narrow|UG=on|EL=unrestricted|BS=both|ES=std_modal|GL=us_state,2026-06-19,geo_rep_2026-06-19_run063
us_state,MD,Maryland,1,std_modal,female_share_pct,49.46,,,1434,487059,pass,,show,false,false,0.42,NCT01696968,31.8,false,0.368,,1.23,CS=pooled50|GC=post_filter_trials|RM=drop|RI=none|TS=narrow|UG=on|EL=unrestricted|BS=both|ES=std_modal|GL=us_state,2026-06-19,geo_rep_2026-06-19_run063
us_state,NC,North Carolina,1,std_modal,female_share_pct,51.38,,,1231,287435,pass,,show,false,false,0.5,NCT05465317,21.64,false,0.4555,,0.89,CS=pooled50|GC=post_filter_trials|RM=drop|RI=none|TS=narrow|UG=on|EL=unrestricted|BS=both|ES=std_modal|GL=us_state,2026-06-19,geo_rep_2026-06-19_run063
us_state,FL,Florida,1,std_modal,female_share_pct,,,,1082,81523,pass,support 0.2328 < floor 0.25,withheld,false,true,2.67,NCT02416011,3.55,false,0.2328,,0.74,CS=pooled50|GC=post_filter_trials|RM=drop|RI=none|TS=narrow|UG=on|EL=unrestricted|BS=both|ES=std_modal|GL=us_state,2026-06-19,geo_rep_2026-06-19_run063
us_state,OH,Ohio,1,std_modal,female_share_pct,45.95,,,1009,128302,pass,,show,false,false,2.1,NCT00667186,7.46,false,0.3893,,3.83,CS=pooled50|GC=post_filter_trials|RM=drop|RI=none|TS=narrow|UG=on|EL=unrestricted|BS=both|ES=std_modal|GL=us_state,2026-06-19,geo_rep_2026-06-19_run063
us_state,MN,Minnesota,1,std_modal,female_share_pct,48.99,,,845,641365,pass,one trial supplies 60.2% of this geography's participants,badge_concentration,true,false,0.14,NCT05214573,60.23,true,0.5433,,2.66,CS=pooled50|GC=post_filter_trials|RM=drop|RI=none|TS=narrow|UG=on|EL=unrestricted|BS=both|ES=std_modal|GL=us_state,2026-06-19,geo_rep_2026-06-19_run063
us_state,IL,Illinois,1,std_modal,female_share_pct,56.19,,,790,293816,pass,,show,false,false,0.64,NCT03833804,22.12,false,0.4144,,3.74,CS=pooled50|GC=post_filter_trials|RM=drop|RI=none|TS=narrow|UG=on|EL=unrestricted|BS=both|ES=std_modal|GL=us_state,2026-06-19,geo_rep_2026-06-19_run063
us_state,MI,Michigan,1,std_modal,female_share_pct,,,,601,249505,pass,support 0.1961 < floor 0.25,withheld,false,true,0.3,NCT05065502,58.39,true,0.1961,,0.67,CS=pooled50|GC=post_filter_trials|RM=drop|RI=none|TS=narrow|UG=on|EL=unrestricted|BS=both|ES=std_modal|GL=us_state,2026-06-19,geo_rep_2026-06-19_run063
us_state,MO,Missouri,1,std_modal,female_share_pct,,,,590,79115,pass,support 0.0888 < floor 0.25,withheld,false,true,0.85,NCT01280942,25.32,false,0.0888,,3.89,CS=pooled50|GC=post_filter_trials|RM=drop|RI=none|TS=narrow|UG=on|EL=unrestricted|BS=both|ES=std_modal|GL=us_state,2026-06-19,geo_rep_2026-06-19_run063
us_state,CT,Connecticut,1,std_modal,female_share_pct,,,,477,208286,pass,support 0.164 < floor 0.25,withheld,false,true,0.21,NCT05957198,55.17,true,0.164,,5.89,CS=pooled50|GC=post_filter_trials|RM=drop|RI=none|TS=narrow|UG=on|EL=unrestricted|BS=both|ES=std_modal|GL=us_state,2026-06-19,geo_rep_2026-06-19_run063
us_state,GA,Georgia,1,std_modal,female_share_pct,,,,455,88903,pass,support 0.1053 < floor 0.25,withheld,false,true,0.66,NCT02879812,63.36,true,0.1053,,1.74,CS=pooled50|GC=post_filter_trials|RM=drop|RI=none|TS=narrow|UG=on|EL=unrestricted|BS=both|ES=std_modal|GL=us_state,2026-06-19,geo_rep_2026-06-19_run063
us_state,TN,Tennessee,1,std_modal,female_share_pct,49.59,,,453,144369,pass,,show,true,false,0.73,NCT02625181,18.73,false,0.3177,,2.61,CS=pooled50|GC=post_filter_trials|RM=drop|RI=none|TS=narrow|UG=on|EL=unrestricted|BS=both|ES=std_modal|GL=us_state,2026-06-19,geo_rep_2026-06-19_run063
us_state,WA,Washington,1,std_modal,female_share_pct,54.13,,,447,60948,pass,,show,false,false,0.98,NCT00115869,13.76,false,0.301,,1.79,CS=pooled50|GC=post_filter_trials|RM=drop|RI=none|TS=narrow|UG=on|EL=unrestricted|BS=both|ES=std_modal|GL=us_state,2026-06-19,geo_rep_2026-06-19_run063
us_state,IN,Indiana,1,std_modal,female_share_pct,,,,436,124414,pass,support 0.0935 < floor 0.25,withheld,false,true,0.49,NCT01446705,45.87,true,0.0935,,1.3,CS=pooled50|GC=post_filter_trials|RM=drop|RI=none|TS=narrow|UG=on|EL=unrestricted|BS=both|ES=std_modal|GL=us_state,2026-06-19,geo_rep_2026-06-19_run063
us_state,CO,Colorado,1,std_modal,female_share_pct,,,,380,56870,pass,support 0.2086 < floor 0.25,withheld,false,true,1.74,NCT03973931,16.3,false,0.2086,,3.22,CS=pooled50|GC=post_filter_trials|RM=drop|RI=none|TS=narrow|UG=on|EL=unrestricted|BS=both|ES=std_modal|GL=us_state,2026-06-19,geo_rep_2026-06-19_run063
us_state,SC,South Carolina,1,std_modal,female_share_pct,,,,365,51052,pass,support 0.0878 < floor 0.25,withheld,false,true,1.18,NCT01156571,21.83,false,0.0878,,2.83,CS=pooled50|GC=post_filter_trials|RM=drop|RI=none|TS=narrow|UG=on|EL=unrestricted|BS=both|ES=std_modal|GL=us_state,2026-06-19,geo_rep_2026-06-19_run063
us_state,WI,Wisconsin,1,std_modal,female_share_pct,,,,334,87524,pass,support 0.0827 < floor 0.25,withheld,false,true,0.91,NCT02433496,60.71,true,0.0827,,4.54,CS=pooled50|GC=post_filter_trials|RM=drop|RI=none|TS=narrow|UG=on|EL=unrestricted|BS=both|ES=std_modal|GL=us_state,2026-06-19,geo_rep_2026-06-19_run063
us_state,VA,Virginia,1,std_modal,female_share_pct,,,,313,24615,pass,support 0.0666 < floor 0.25,withheld,false,true,1.64,NCT01787838,10.19,false,0.0666,,3.42,CS=pooled50|GC=post_filter_trials|RM=drop|RI=none|TS=narrow|UG=on|EL=unrestricted|BS=both|ES=std_modal|GL=us_state,2026-06-19,geo_rep_2026-06-19_run063
us_state,NJ,New Jersey,1,std_modal,female_share_pct,,,,311,52004,pass,support 0.1544 < floor 0.25,withheld,false,true,1.91,NCT02846779,10.76,false,0.1544,,5.38,CS=pooled50|GC=post_filter_trials|RM=drop|RI=none|TS=narrow|UG=on|EL=unrestricted|BS=both|ES=std_modal|GL=us_state,2026-06-19,geo_rep_2026-06-19_run063
us_state,AL,Alabama,1,std_modal,female_share_pct,,,,250,32029,pass,support 0.0743 < floor 0.25,withheld,false,true,0.69,NCT02383173,20.27,false,0.0743,,5.48,CS=pooled50|GC=post_filter_trials|RM=drop|RI=none|TS=narrow|UG=on|EL=unrestricted|BS=both|ES=std_modal|GL=us_state,2026-06-19,geo_rep_2026-06-19_run063
us_state,AZ,Arizona,1,std_modal,female_share_pct,,,,248,13820,pass,support 0.0394 < floor 0.25,withheld,false,true,5.85,NCT03517111,6.1,false,0.0394,,4.14,CS=pooled50|GC=post_filter_trials|RM=drop|RI=none|TS=narrow|UG=on|EL=unrestricted|BS=both|ES=std_modal|GL=us_state,2026-06-19,geo_rep_2026-06-19_run063
us_state,OR,Oregon,1,std_modal,female_share_pct,,,,245,94399,pass,support 0.0672 < floor 0.25,withheld,false,true,0.18,NCT02325531,48.68,true,0.0672,,2.47,CS=pooled50|GC=post_filter_trials|RM=drop|RI=none|TS=narrow|UG=on|EL=unrestricted|BS=both|ES=std_modal|GL=us_state,2026-06-19,geo_rep_2026-06-19_run063
us_state,UT,Utah,1,std_modal,female_share_pct,,,,236,212995,pass,support 0.1062 < floor 0.25,withheld,false,true,0.2,NCT04148989,84.7,true,0.1062,,6.75,CS=pooled50|GC=post_filter_trials|RM=drop|RI=none|TS=narrow|UG=on|EL=unrestricted|BS=both|ES=std_modal|GL=us_state,2026-06-19,geo_rep_2026-06-19_run063
us_state,KY,Kentucky,1,std_modal,female_share_pct,55,,,205,94769,pass,one trial supplies 67.8% of this geography's participants,badge_concentration,false,false,0.15,NCT06066541,67.84,true,0.2581,,2.34,CS=pooled50|GC=post_filter_trials|RM=drop|RI=none|TS=narrow|UG=on|EL=unrestricted|BS=both|ES=std_modal|GL=us_state,2026-06-19,geo_rep_2026-06-19_run063
us_state,IA,Iowa,1,std_modal,female_share_pct,,,,193,13742,pass,support 0.0506 < floor 0.25,withheld,false,true,1.72,NCT01276171,5.45,false,0.0506,,4.78,CS=pooled50|GC=post_filter_trials|RM=drop|RI=none|TS=narrow|UG=on|EL=unrestricted|BS=both|ES=std_modal|GL=us_state,2026-06-19,geo_rep_2026-06-19_run063
us_state,KS,Kansas,1,std_modal,female_share_pct,,,,165,13764,pass,support 0.2196 < floor 0.25,withheld,false,true,1.02,NCT02456636,10.22,false,0.2196,,1.82,CS=pooled50|GC=post_filter_trials|RM=drop|RI=none|TS=narrow|UG=on|EL=unrestricted|BS=both|ES=std_modal|GL=us_state,2026-06-19,geo_rep_2026-06-19_run063
us_state,NE,Nebraska,1,std_modal,female_share_pct,,,,151,14911,pass,support 0.0346 < floor 0.25,withheld,false,true,1.21,NCT02265913,27.34,false,0.0346,,3.24,CS=pooled50|GC=post_filter_trials|RM=drop|RI=none|TS=narrow|UG=on|EL=unrestricted|BS=both|ES=std_modal|GL=us_state,2026-06-19,geo_rep_2026-06-19_run063
us_state,RI,Rhode Island,1,std_modal,female_share_pct,,,,146,62591,pass,support 0.0565 < floor 0.25,withheld,false,true,0.34,NCT05579600,72.14,true,0.0565,,2.92,CS=pooled50|GC=post_filter_trials|RM=drop|RI=none|TS=narrow|UG=on|EL=unrestricted|BS=both|ES=std_modal|GL=us_state,2026-06-19,geo_rep_2026-06-19_run063
us_state,DC,District of Columbia,1,std_modal,female_share_pct,,,,145,12067,pass,support 0.0843 < floor 0.25,withheld,false,true,0.71,NCT05021757,10.04,false,0.0843,,4.19,CS=pooled50|GC=post_filter_trials|RM=drop|RI=none|TS=narrow|UG=on|EL=unrestricted|BS=both|ES=std_modal|GL=us_state,2026-06-19,geo_rep_2026-06-19_run063
us_state,AR,Arkansas,1,std_modal,female_share_pct,,,,131,54499,pass,support 0.035 < floor 0.25,withheld,false,true,0.38,NCT01875861,81.35,true,0.035,,0.59,CS=pooled50|GC=post_filter_trials|RM=drop|RI=none|TS=narrow|UG=on|EL=unrestricted|BS=both|ES=std_modal|GL=us_state,2026-06-19,geo_rep_2026-06-19_run063
us_state,LA,Louisiana,1,std_modal,female_share_pct,,,,112,31910,pass,support 0.199 < floor 0.25,withheld,false,true,0.97,NCT04748445,28.68,false,0.199,,1.78,CS=pooled50|GC=post_filter_trials|RM=drop|RI=none|TS=narrow|UG=on|EL=unrestricted|BS=both|ES=std_modal|GL=us_state,2026-06-19,geo_rep_2026-06-19_run063
us_state,NM,New Mexico,1,std_modal,female_share_pct,,,,96,8767,pass,support 0.0264 < floor 0.25,withheld,false,true,1.12,NCT02502383,11.3,false,0.0264,,4.55,CS=pooled50|GC=post_filter_trials|RM=drop|RI=none|TS=narrow|UG=on|EL=unrestricted|BS=both|ES=std_modal|GL=us_state,2026-06-19,geo_rep_2026-06-19_run063
us_state,NH,New Hampshire,1,std_modal,female_share_pct,,,,84,5477,pass,support 0.0426 < floor 0.25,withheld,false,true,2.52,NCT03747302,18.22,false,0.0426,,5.67,CS=pooled50|GC=post_filter_trials|RM=drop|RI=none|TS=narrow|UG=on|EL=unrestricted|BS=both|ES=std_modal|GL=us_state,2026-06-19,geo_rep_2026-06-19_run063
us_state,OK,Oklahoma,1,std_modal,female_share_pct,,,,78,8378,pass,support 0.0294 < floor 0.25,withheld,false,true,0.95,NCT00584558,28.89,false,0.0294,,5.18,CS=pooled50|GC=post_filter_trials|RM=drop|RI=none|TS=narrow|UG=on|EL=unrestricted|BS=both|ES=std_modal|GL=us_state,2026-06-19,geo_rep_2026-06-19_run063
us_state,NV,Nevada,1,std_modal,female_share_pct,,,,61,6201,pass,support 0.0151 < floor 0.25,withheld,false,true,0.84,NCT03868124,9.03,false,0.0151,,2.79,CS=pooled50|GC=post_filter_trials|RM=drop|RI=none|TS=narrow|UG=on|EL=unrestricted|BS=both|ES=std_modal|GL=us_state,2026-06-19,geo_rep_2026-06-19_run063
us_state,CA,California,1,not_applicable,n_trials,2509,,,2509,2293803,pass,one trial supplies 71.1% of this geography's participants,badge_concentration,false,false,0.2,NCT03694392,71.08,true,,,1.55,CS=pooled50|GC=post_filter_trials|RM=drop|RI=none|TS=narrow|UG=on|EL=unrestricted|BS=both|ES=pw_raw|GL=us_state,2026-06-19,geo_rep_2026-06-19_run063
us_state,NY,New York,1,not_applicable,n_trials,2306,,,2306,3462731,pass,,show,false,false,0.11,NCT04926233,39.6,false,,,1.19,CS=pooled50|GC=post_filter_trials|RM=drop|RI=none|TS=narrow|UG=on|EL=unrestricted|BS=both|ES=pw_raw|GL=us_state,2026-06-19,geo_rep_2026-06-19_run063
us_state,TX,Texas,1,not_applicable,n_trials,2013,,,2013,188476,pass,,show,false,true,1.2,NCT00138294,15.52,false,,,1.36,CS=pooled50|GC=post_filter_trials|RM=drop|RI=none|TS=narrow|UG=on|EL=unrestricted|BS=both|ES=pw_raw|GL=us_state,2026-06-19,geo_rep_2026-06-19_run063
us_state,MA,Massachusetts,1,not_applicable,n_trials,1723,,,1723,3809714,pass,,show,false,false,0.06,NCT02138097,16.14,false,,,0.4,CS=pooled50|GC=post_filter_trials|RM=drop|RI=none|TS=narrow|UG=on|EL=unrestricted|BS=both|ES=pw_raw|GL=us_state,2026-06-19,geo_rep_2026-06-19_run063
us_state,PA,Pennsylvania,1,not_applicable,n_trials,1491,,,1491,1094730,pass,,show,false,false,0.14,NCT04350866,17.92,false,,,1.26,CS=pooled50|GC=post_filter_trials|RM=drop|RI=none|TS=narrow|UG=on|EL=unrestricted|BS=both|ES=pw_raw|GL=us_state,2026-06-19,geo_rep_2026-06-19_run063
us_state,MD,Maryland,1,not_applicable,n_trials,1434,,,1434,487059,pass,,show,false,false,0.42,NCT01696968,31.8,false,,,1.23,CS=pooled50|GC=post_filter_trials|RM=drop|RI=none|TS=narrow|UG=on|EL=unrestricted|BS=both|ES=pw_raw|GL=us_state,2026-06-19,geo_rep_2026-06-19_run063
us_state,NC,North Carolina,1,not_applicable,n_trials,1231,,,1231,287435,pass,,show,false,false,0.5,NCT05465317,21.64,false,,,0.89,CS=pooled50|GC=post_filter_trials|RM=drop|RI=none|TS=narrow|UG=on|EL=unrestricted|BS=both|ES=pw_raw|GL=us_state,2026-06-19,geo_rep_2026-06-19_run063
us_state,FL,Florida,1,not_applicable,n_trials,1082,,,1082,81523,pass,,show,false,true,2.67,NCT02416011,3.55,false,,,0.74,CS=pooled50|GC=post_filter_trials|RM=drop|RI=none|TS=narrow|UG=on|EL=unrestricted|BS=both|ES=pw_raw|GL=us_state,2026-06-19,geo_rep_2026-06-19_run063
us_state,OH,Ohio,1,not_applicable,n_trials,1009,,,1009,128302,pass,,show,false,false,2.1,NCT00667186,7.46,false,,,3.83,CS=pooled50|GC=post_filter_trials|RM=drop|RI=none|TS=narrow|UG=on|EL=unrestricted|BS=both|ES=pw_raw|GL=us_state,2026-06-19,geo_rep_2026-06-19_run063
us_state,MN,Minnesota,1,not_applicable,n_trials,845,,,845,641365,pass,one trial supplies 60.2% of this geography's participants,badge_concentration,true,false,0.14,NCT05214573,60.23,true,,,2.66,CS=pooled50|GC=post_filter_trials|RM=drop|RI=none|TS=narrow|UG=on|EL=unrestricted|BS=both|ES=pw_raw|GL=us_state,2026-06-19,geo_rep_2026-06-19_run063
us_state,IL,Illinois,1,not_applicable,n_trials,790,,,790,293816,pass,,show,false,false,0.64,NCT03833804,22.12,false,,,3.74,CS=pooled50|GC=post_filter_trials|RM=drop|RI=none|TS=narrow|UG=on|EL=unrestricted|BS=both|ES=pw_raw|GL=us_state,2026-06-19,geo_rep_2026-06-19_run063
us_state,MI,Michigan,1,not_applicable,n_trials,601,,,601,249505,pass,one trial supplies 58.4% of this geography's participants,badge_concentration,false,true,0.3,NCT05065502,58.39,true,,,0.67,CS=pooled50|GC=post_filter_trials|RM=drop|RI=none|TS=narrow|UG=on|EL=unrestricted|BS=both|ES=pw_raw|GL=us_state,2026-06-19,geo_rep_2026-06-19_run063
us_state,MO,Missouri,1,not_applicable,n_trials,590,,,590,79115,pass,,show,false,true,0.85,NCT01280942,25.32,false,,,3.89,CS=pooled50|GC=post_filter_trials|RM=drop|RI=none|TS=narrow|UG=on|EL=unrestricted|BS=both|ES=pw_raw|GL=us_state,2026-06-19,geo_rep_2026-06-19_run063
us_state,CT,Connecticut,1,not_applicable,n_trials,477,,,477,208286,pass,one trial supplies 55.2% of this geography's participants,badge_concentration,false,true,0.21,NCT05957198,55.17,true,,,5.89,CS=pooled50|GC=post_filter_trials|RM=drop|RI=none|TS=narrow|UG=on|EL=unrestricted|BS=both|ES=pw_raw|GL=us_state,2026-06-19,geo_rep_2026-06-19_run063
us_state,GA,Georgia,1,not_applicable,n_trials,455,,,455,88903,pass,one trial supplies 63.4% of this geography's participants,badge_concentration,false,true,0.66,NCT02879812,63.36,true,,,1.74,CS=pooled50|GC=post_filter_trials|RM=drop|RI=none|TS=narrow|UG=on|EL=unrestricted|BS=both|ES=pw_raw|GL=us_state,2026-06-19,geo_rep_2026-06-19_run063
us_state,TN,Tennessee,1,not_applicable,n_trials,453,,,453,144369,pass,,show,true,false,0.73,NCT02625181,18.73,false,,,2.61,CS=pooled50|GC=post_filter_trials|RM=drop|RI=none|TS=narrow|UG=on|EL=unrestricted|BS=both|ES=pw_raw|GL=us_state,2026-06-19,geo_rep_2026-06-19_run063
us_state,WA,Washington,1,not_applicable,n_trials,447,,,447,60948,pass,,show,false,false,0.98,NCT00115869,13.76,false,,,1.79,CS=pooled50|GC=post_filter_trials|RM=drop|RI=none|TS=narrow|UG=on|EL=unrestricted|BS=both|ES=pw_raw|GL=us_state,2026-06-19,geo_rep_2026-06-19_run063
us_state,IN,Indiana,1,not_applicable,n_trials,436,,,436,124414,pass,one trial supplies 45.9% of this geography's participants,badge_concentration,false,true,0.49,NCT01446705,45.87,true,,,1.3,CS=pooled50|GC=post_filter_trials|RM=drop|RI=none|TS=narrow|UG=on|EL=unrestricted|BS=both|ES=pw_raw|GL=us_state,2026-06-19,geo_rep_2026-06-19_run063
us_state,CO,Colorado,1,not_applicable,n_trials,380,,,380,56870,pass,,show,false,true,1.74,NCT03973931,16.3,false,,,3.22,CS=pooled50|GC=post_filter_trials|RM=drop|RI=none|TS=narrow|UG=on|EL=unrestricted|BS=both|ES=pw_raw|GL=us_state,2026-06-19,geo_rep_2026-06-19_run063
us_state,SC,South Carolina,1,not_applicable,n_trials,365,,,365,51052,pass,,show,false,true,1.18,NCT01156571,21.83,false,,,2.83,CS=pooled50|GC=post_filter_trials|RM=drop|RI=none|TS=narrow|UG=on|EL=unrestricted|BS=both|ES=pw_raw|GL=us_state,2026-06-19,geo_rep_2026-06-19_run063
us_state,WI,Wisconsin,1,not_applicable,n_trials,334,,,334,87524,pass,one trial supplies 60.7% of this geography's participants,badge_concentration,false,true,0.91,NCT02433496,60.71,true,,,4.54,CS=pooled50|GC=post_filter_trials|RM=drop|RI=none|TS=narrow|UG=on|EL=unrestricted|BS=both|ES=pw_raw|GL=us_state,2026-06-19,geo_rep_2026-06-19_run063
us_state,VA,Virginia,1,not_applicable,n_trials,313,,,313,24615,pass,,show,false,true,1.64,NCT01787838,10.19,false,,,3.42,CS=pooled50|GC=post_filter_trials|RM=drop|RI=none|TS=narrow|UG=on|EL=unrestricted|BS=both|ES=pw_raw|GL=us_state,2026-06-19,geo_rep_2026-06-19_run063
us_state,NJ,New Jersey,1,not_applicable,n_trials,311,,,311,52004,pass,,show,false,true,1.91,NCT02846779,10.76,false,,,5.38,CS=pooled50|GC=post_filter_trials|RM=drop|RI=none|TS=narrow|UG=on|EL=unrestricted|BS=both|ES=pw_raw|GL=us_state,2026-06-19,geo_rep_2026-06-19_run063
us_state,AL,Alabama,1,not_applicable,n_trials,250,,,250,32029,pass,,show,false,true,0.69,NCT02383173,20.27,false,,,5.48,CS=pooled50|GC=post_filter_trials|RM=drop|RI=none|TS=narrow|UG=on|EL=unrestricted|BS=both|ES=pw_raw|GL=us_state,2026-06-19,geo_rep_2026-06-19_run063
us_state,AZ,Arizona,1,not_applicable,n_trials,248,,,248,13820,pass,,show,false,true,5.85,NCT03517111,6.1,false,,,4.14,CS=pooled50|GC=post_filter_trials|RM=drop|RI=none|TS=narrow|UG=on|EL=unrestricted|BS=both|ES=pw_raw|GL=us_state,2026-06-19,geo_rep_2026-06-19_run063
us_state,OR,Oregon,1,not_applicable,n_trials,245,,,245,94399,pass,one trial supplies 48.7% of this geography's participants,badge_concentration,false,true,0.18,NCT02325531,48.68,true,,,2.47,CS=pooled50|GC=post_filter_trials|RM=drop|RI=none|TS=narrow|UG=on|EL=unrestricted|BS=both|ES=pw_raw|GL=us_state,2026-06-19,geo_rep_2026-06-19_run063
us_state,UT,Utah,1,not_applicable,n_trials,236,,,236,212995,pass,one trial supplies 84.7% of this geography's participants,badge_concentration,false,true,0.2,NCT04148989,84.7,true,,,6.75,CS=pooled50|GC=post_filter_trials|RM=drop|RI=none|TS=narrow|UG=on|EL=unrestricted|BS=both|ES=pw_raw|GL=us_state,2026-06-19,geo_rep_2026-06-19_run063
us_state,KY,Kentucky,1,not_applicable,n_trials,205,,,205,94769,pass,one trial supplies 67.8% of this geography's participants,badge_concentration,false,false,0.15,NCT06066541,67.84,true,,,2.34,CS=pooled50|GC=post_filter_trials|RM=drop|RI=none|TS=narrow|UG=on|EL=unrestricted|BS=both|ES=pw_raw|GL=us_state,2026-06-19,geo_rep_2026-06-19_run063
us_state,IA,Iowa,1,not_applicable,n_trials,193,,,193,13742,pass,,show,false,true,1.72,NCT01276171,5.45,false,,,4.78,CS=pooled50|GC=post_filter_trials|RM=drop|RI=none|TS=narrow|UG=on|EL=unrestricted|BS=both|ES=pw_raw|GL=us_state,2026-06-19,geo_rep_2026-06-19_run063
us_state,KS,Kansas,1,not_applicable,n_trials,165,,,165,13764,pass,,show,false,true,1.02,NCT02456636,10.22,false,,,1.82,CS=pooled50|GC=post_filter_trials|RM=drop|RI=none|TS=narrow|UG=on|EL=unrestricted|BS=both|ES=pw_raw|GL=us_state,2026-06-19,geo_rep_2026-06-19_run063
us_state,NE,Nebraska,1,not_applicable,n_trials,151,,,151,14911,pass,,show,false,true,1.21,NCT02265913,27.34,false,,,3.24,CS=pooled50|GC=post_filter_trials|RM=drop|RI=none|TS=narrow|UG=on|EL=unrestricted|BS=both|ES=pw_raw|GL=us_state,2026-06-19,geo_rep_2026-06-19_run063
us_state,RI,Rhode Island,1,not_applicable,n_trials,146,,,146,62591,pass,one trial supplies 72.1% of this geography's participants,badge_concentration,false,true,0.34,NCT05579600,72.14,true,,,2.92,CS=pooled50|GC=post_filter_trials|RM=drop|RI=none|TS=narrow|UG=on|EL=unrestricted|BS=both|ES=pw_raw|GL=us_state,2026-06-19,geo_rep_2026-06-19_run063
us_state,DC,District of Columbia,1,not_applicable,n_trials,145,,,145,12067,pass,,show,false,true,0.71,NCT05021757,10.04,false,,,4.19,CS=pooled50|GC=post_filter_trials|RM=drop|RI=none|TS=narrow|UG=on|EL=unrestricted|BS=both|ES=pw_raw|GL=us_state,2026-06-19,geo_rep_2026-06-19_run063
us_state,AR,Arkansas,1,not_applicable,n_trials,131,,,131,54499,pass,one trial supplies 81.3% of this geography's participants,badge_concentration,false,true,0.38,NCT01875861,81.35,true,,,0.59,CS=pooled50|GC=post_filter_trials|RM=drop|RI=none|TS=narrow|UG=on|EL=unrestricted|BS=both|ES=pw_raw|GL=us_state,2026-06-19,geo_rep_2026-06-19_run063
us_state,LA,Louisiana,1,not_applicable,n_trials,112,,,112,31910,pass,,show,false,true,0.97,NCT04748445,28.68,false,,,1.78,CS=pooled50|GC=post_filter_trials|RM=drop|RI=none|TS=narrow|UG=on|EL=unrestricted|BS=both|ES=pw_raw|GL=us_state,2026-06-19,geo_rep_2026-06-19_run063
us_state,NM,New Mexico,1,not_applicable,n_trials,96,,,96,8767,pass,,show,false,true,1.12,NCT02502383,11.3,false,,,4.55,CS=pooled50|GC=post_filter_trials|RM=drop|RI=none|TS=narrow|UG=on|EL=unrestricted|BS=both|ES=pw_raw|GL=us_state,2026-06-19,geo_rep_2026-06-19_run063
us_state,NH,New Hampshire,1,not_applicable,n_trials,84,,,84,5477,pass,,show,false,true,2.52,NCT03747302,18.22,false,,,5.67,CS=pooled50|GC=post_filter_trials|RM=drop|RI=none|TS=narrow|UG=on|EL=unrestricted|BS=both|ES=pw_raw|GL=us_state,2026-06-19,geo_rep_2026-06-19_run063
us_state,OK,Oklahoma,1,not_applicable,n_trials,78,,,78,8378,pass,,show,false,true,0.95,NCT00584558,28.89,false,,,5.18,CS=pooled50|GC=post_filter_trials|RM=drop|RI=none|TS=narrow|UG=on|EL=unrestricted|BS=both|ES=pw_raw|GL=us_state,2026-06-19,geo_rep_2026-06-19_run063
us_state,NV,Nevada,1,not_applicable,n_trials,61,,,61,6201,pass,,show,false,true,0.84,NCT03868124,9.03,false,,,2.79,CS=pooled50|GC=post_filter_trials|RM=drop|RI=none|TS=narrow|UG=on|EL=unrestricted|BS=both|ES=pw_raw|GL=us_state,2026-06-19,geo_rep_2026-06-19_run063
us_state,CA,California,1,not_applicable,n_participants,2293803,,,2509,2293803,pass,one trial supplies 71.1% of this geography's participants,badge_concentration,false,false,0.2,NCT03694392,71.08,true,,,1.55,CS=pooled50|GC=post_filter_trials|RM=drop|RI=none|TS=narrow|UG=on|EL=unrestricted|BS=both|ES=pw_raw|GL=us_state,2026-06-19,geo_rep_2026-06-19_run063
us_state,NY,New York,1,not_applicable,n_participants,3462731,,,2306,3462731,pass,,show,false,false,0.11,NCT04926233,39.6,false,,,1.19,CS=pooled50|GC=post_filter_trials|RM=drop|RI=none|TS=narrow|UG=on|EL=unrestricted|BS=both|ES=pw_raw|GL=us_state,2026-06-19,geo_rep_2026-06-19_run063
us_state,TX,Texas,1,not_applicable,n_participants,188476,,,2013,188476,pass,,show,false,true,1.2,NCT00138294,15.52,false,,,1.36,CS=pooled50|GC=post_filter_trials|RM=drop|RI=none|TS=narrow|UG=on|EL=unrestricted|BS=both|ES=pw_raw|GL=us_state,2026-06-19,geo_rep_2026-06-19_run063
us_state,MA,Massachusetts,1,not_applicable,n_participants,3809714,,,1723,3809714,pass,,show,false,false,0.06,NCT02138097,16.14,false,,,0.4,CS=pooled50|GC=post_filter_trials|RM=drop|RI=none|TS=narrow|UG=on|EL=unrestricted|BS=both|ES=pw_raw|GL=us_state,2026-06-19,geo_rep_2026-06-19_run063
us_state,PA,Pennsylvania,1,not_applicable,n_participants,1094730,,,1491,1094730,pass,,show,false,false,0.14,NCT04350866,17.92,false,,,1.26,CS=pooled50|GC=post_filter_trials|RM=drop|RI=none|TS=narrow|UG=on|EL=unrestricted|BS=both|ES=pw_raw|GL=us_state,2026-06-19,geo_rep_2026-06-19_run063
us_state,MD,Maryland,1,not_applicable,n_participants,487059,,,1434,487059,pass,,show,false,false,0.42,NCT01696968,31.8,false,,,1.23,CS=pooled50|GC=post_filter_trials|RM=drop|RI=none|TS=narrow|UG=on|EL=unrestricted|BS=both|ES=pw_raw|GL=us_state,2026-06-19,geo_rep_2026-06-19_run063
us_state,NC,North Carolina,1,not_applicable,n_participants,287435,,,1231,287435,pass,,show,false,false,0.5,NCT05465317,21.64,false,,,0.89,CS=pooled50|GC=post_filter_trials|RM=drop|RI=none|TS=narrow|UG=on|EL=unrestricted|BS=both|ES=pw_raw|GL=us_state,2026-06-19,geo_rep_2026-06-19_run063
us_state,FL,Florida,1,not_applicable,n_participants,81523,,,1082,81523,pass,,show,false,true,2.67,NCT02416011,3.55,false,,,0.74,CS=pooled50|GC=post_filter_trials|RM=drop|RI=none|TS=narrow|UG=on|EL=unrestricted|BS=both|ES=pw_raw|GL=us_state,2026-06-19,geo_rep_2026-06-19_run063
us_state,OH,Ohio,1,not_applicable,n_participants,128302,,,1009,128302,pass,,show,false,false,2.1,NCT00667186,7.46,false,,,3.83,CS=pooled50|GC=post_filter_trials|RM=drop|RI=none|TS=narrow|UG=on|EL=unrestricted|BS=both|ES=pw_raw|GL=us_state,2026-06-19,geo_rep_2026-06-19_run063
us_state,MN,Minnesota,1,not_applicable,n_participants,641365,,,845,641365,pass,one trial supplies 60.2% of this geography's participants,badge_concentration,true,false,0.14,NCT05214573,60.23,true,,,2.66,CS=pooled50|GC=post_filter_trials|RM=drop|RI=none|TS=narrow|UG=on|EL=unrestricted|BS=both|ES=pw_raw|GL=us_state,2026-06-19,geo_rep_2026-06-19_run063
us_state,IL,Illinois,1,not_applicable,n_participants,293816,,,790,293816,pass,,show,false,false,0.64,NCT03833804,22.12,false,,,3.74,CS=pooled50|GC=post_filter_trials|RM=drop|RI=none|TS=narrow|UG=on|EL=unrestricted|BS=both|ES=pw_raw|GL=us_state,2026-06-19,geo_rep_2026-06-19_run063
us_state,MI,Michigan,1,not_applicable,n_participants,249505,,,601,249505,pass,one trial supplies 58.4% of this geography's participants,badge_concentration,false,true,0.3,NCT05065502,58.39,true,,,0.67,CS=pooled50|GC=post_filter_trials|RM=drop|RI=none|TS=narrow|UG=on|EL=unrestricted|BS=both|ES=pw_raw|GL=us_state,2026-06-19,geo_rep_2026-06-19_run063
us_state,MO,Missouri,1,not_applicable,n_participants,79115,,,590,79115,pass,,show,false,true,0.85,NCT01280942,25.32,false,,,3.89,CS=pooled50|GC=post_filter_trials|RM=drop|RI=none|TS=narrow|UG=on|EL=unrestricted|BS=both|ES=pw_raw|GL=us_state,2026-06-19,geo_rep_2026-06-19_run063
us_state,CT,Connecticut,1,not_applicable,n_participants,208286,,,477,208286,pass,one trial supplies 55.2% of this geography's participants,badge_concentration,false,true,0.21,NCT05957198,55.17,true,,,5.89,CS=pooled50|GC=post_filter_trials|RM=drop|RI=none|TS=narrow|UG=on|EL=unrestricted|BS=both|ES=pw_raw|GL=us_state,2026-06-19,geo_rep_2026-06-19_run063
us_state,GA,Georgia,1,not_applicable,n_participants,88903,,,455,88903,pass,one trial supplies 63.4% of this geography's participants,badge_concentration,false,true,0.66,NCT02879812,63.36,true,,,1.74,CS=pooled50|GC=post_filter_trials|RM=drop|RI=none|TS=narrow|UG=on|EL=unrestricted|BS=both|ES=pw_raw|GL=us_state,2026-06-19,geo_rep_2026-06-19_run063
us_state,TN,Tennessee,1,not_applicable,n_participants,144369,,,453,144369,pass,,show,true,false,0.73,NCT02625181,18.73,false,,,2.61,CS=pooled50|GC=post_filter_trials|RM=drop|RI=none|TS=narrow|UG=on|EL=unrestricted|BS=both|ES=pw_raw|GL=us_state,2026-06-19,geo_rep_2026-06-19_run063
us_state,WA,Washington,1,not_applicable,n_participants,60948,,,447,60948,pass,,show,false,false,0.98,NCT00115869,13.76,false,,,1.79,CS=pooled50|GC=post_filter_trials|RM=drop|RI=none|TS=narrow|UG=on|EL=unrestricted|BS=both|ES=pw_raw|GL=us_state,2026-06-19,geo_rep_2026-06-19_run063
us_state,IN,Indiana,1,not_applicable,n_participants,124414,,,436,124414,pass,one trial supplies 45.9% of this geography's participants,badge_concentration,false,true,0.49,NCT01446705,45.87,true,,,1.3,CS=pooled50|GC=post_filter_trials|RM=drop|RI=none|TS=narrow|UG=on|EL=unrestricted|BS=both|ES=pw_raw|GL=us_state,2026-06-19,geo_rep_2026-06-19_run063
us_state,CO,Colorado,1,not_applicable,n_participants,56870,,,380,56870,pass,,show,false,true,1.74,NCT03973931,16.3,false,,,3.22,CS=pooled50|GC=post_filter_trials|RM=drop|RI=none|TS=narrow|UG=on|EL=unrestricted|BS=both|ES=pw_raw|GL=us_state,2026-06-19,geo_rep_2026-06-19_run063
us_state,SC,South Carolina,1,not_applicable,n_participants,51052,,,365,51052,pass,,show,false,true,1.18,NCT01156571,21.83,false,,,2.83,CS=pooled50|GC=post_filter_trials|RM=drop|RI=none|TS=narrow|UG=on|EL=unrestricted|BS=both|ES=pw_raw|GL=us_state,2026-06-19,geo_rep_2026-06-19_run063
us_state,WI,Wisconsin,1,not_applicable,n_participants,87524,,,334,87524,pass,one trial supplies 60.7% of this geography's participants,badge_concentration,false,true,0.91,NCT02433496,60.71,true,,,4.54,CS=pooled50|GC=post_filter_trials|RM=drop|RI=none|TS=narrow|UG=on|EL=unrestricted|BS=both|ES=pw_raw|GL=us_state,2026-06-19,geo_rep_2026-06-19_run063
us_state,VA,Virginia,1,not_applicable,n_participants,24615,,,313,24615,pass,,show,false,true,1.64,NCT01787838,10.19,false,,,3.42,CS=pooled50|GC=post_filter_trials|RM=drop|RI=none|TS=narrow|UG=on|EL=unrestricted|BS=both|ES=pw_raw|GL=us_state,2026-06-19,geo_rep_2026-06-19_run063
us_state,NJ,New Jersey,1,not_applicable,n_participants,52004,,,311,52004,pass,,show,false,true,1.91,NCT02846779,10.76,false,,,5.38,CS=pooled50|GC=post_filter_trials|RM=drop|RI=none|TS=narrow|UG=on|EL=unrestricted|BS=both|ES=pw_raw|GL=us_state,2026-06-19,geo_rep_2026-06-19_run063
us_state,AL,Alabama,1,not_applicable,n_participants,32029,,,250,32029,pass,,show,false,true,0.69,NCT02383173,20.27,false,,,5.48,CS=pooled50|GC=post_filter_trials|RM=drop|RI=none|TS=narrow|UG=on|EL=unrestricted|BS=both|ES=pw_raw|GL=us_state,2026-06-19,geo_rep_2026-06-19_run063
us_state,AZ,Arizona,1,not_applicable,n_participants,13820,,,248,13820,pass,,show,false,true,5.85,NCT03517111,6.1,false,,,4.14,CS=pooled50|GC=post_filter_trials|RM=drop|RI=none|TS=narrow|UG=on|EL=unrestricted|BS=both|ES=pw_raw|GL=us_state,2026-06-19,geo_rep_2026-06-19_run063
us_state,OR,Oregon,1,not_applicable,n_participants,94399,,,245,94399,pass,one trial supplies 48.7% of this geography's participants,badge_concentration,false,true,0.18,NCT02325531,48.68,true,,,2.47,CS=pooled50|GC=post_filter_trials|RM=drop|RI=none|TS=narrow|UG=on|EL=unrestricted|BS=both|ES=pw_raw|GL=us_state,2026-06-19,geo_rep_2026-06-19_run063
us_state,UT,Utah,1,not_applicable,n_participants,212995,,,236,212995,pass,one trial supplies 84.7% of this geography's participants,badge_concentration,false,true,0.2,NCT04148989,84.7,true,,,6.75,CS=pooled50|GC=post_filter_trials|RM=drop|RI=none|TS=narrow|UG=on|EL=unrestricted|BS=both|ES=pw_raw|GL=us_state,2026-06-19,geo_rep_2026-06-19_run063
us_state,KY,Kentucky,1,not_applicable,n_participants,94769,,,205,94769,pass,one trial supplies 67.8% of this geography's participants,badge_concentration,false,false,0.15,NCT06066541,67.84,true,,,2.34,CS=pooled50|GC=post_filter_trials|RM=drop|RI=none|TS=narrow|UG=on|EL=unrestricted|BS=both|ES=pw_raw|GL=us_state,2026-06-19,geo_rep_2026-06-19_run063
us_state,IA,Iowa,1,not_applicable,n_participants,13742,,,193,13742,pass,,show,false,true,1.72,NCT01276171,5.45,false,,,4.78,CS=pooled50|GC=post_filter_trials|RM=drop|RI=none|TS=narrow|UG=on|EL=unrestricted|BS=both|ES=pw_raw|GL=us_state,2026-06-19,geo_rep_2026-06-19_run063
us_state,KS,Kansas,1,not_applicable,n_participants,13764,,,165,13764,pass,,show,false,true,1.02,NCT02456636,10.22,false,,,1.82,CS=pooled50|GC=post_filter_trials|RM=drop|RI=none|TS=narrow|UG=on|EL=unrestricted|BS=both|ES=pw_raw|GL=us_state,2026-06-19,geo_rep_2026-06-19_run063
us_state,NE,Nebraska,1,not_applicable,n_participants,14911,,,151,14911,pass,,show,false,true,1.21,NCT02265913,27.34,false,,,3.24,CS=pooled50|GC=post_filter_trials|RM=drop|RI=none|TS=narrow|UG=on|EL=unrestricted|BS=both|ES=pw_raw|GL=us_state,2026-06-19,geo_rep_2026-06-19_run063
us_state,RI,Rhode Island,1,not_applicable,n_participants,62591,,,146,62591,pass,one trial supplies 72.1% of this geography's participants,badge_concentration,false,true,0.34,NCT05579600,72.14,true,,,2.92,CS=pooled50|GC=post_filter_trials|RM=drop|RI=none|TS=narrow|UG=on|EL=unrestricted|BS=both|ES=pw_raw|GL=us_state,2026-06-19,geo_rep_2026-06-19_run063
us_state,DC,District of Columbia,1,not_applicable,n_participants,12067,,,145,12067,pass,,show,false,true,0.71,NCT05021757,10.04,false,,,4.19,CS=pooled50|GC=post_filter_trials|RM=drop|RI=none|TS=narrow|UG=on|EL=unrestricted|BS=both|ES=pw_raw|GL=us_state,2026-06-19,geo_rep_2026-06-19_run063
us_state,AR,Arkansas,1,not_applicable,n_participants,54499,,,131,54499,pass,one trial supplies 81.3% of this geography's participants,badge_concentration,false,true,0.38,NCT01875861,81.35,true,,,0.59,CS=pooled50|GC=post_filter_trials|RM=drop|RI=none|TS=narrow|UG=on|EL=unrestricted|BS=both|ES=pw_raw|GL=us_state,2026-06-19,geo_rep_2026-06-19_run063
us_state,LA,Louisiana,1,not_applicable,n_participants,31910,,,112,31910,pass,,show,false,true,0.97,NCT04748445,28.68,false,,,1.78,CS=pooled50|GC=post_filter_trials|RM=drop|RI=none|TS=narrow|UG=on|EL=unrestricted|BS=both|ES=pw_raw|GL=us_state,2026-06-19,geo_rep_2026-06-19_run063
us_state,NM,New Mexico,1,not_applicable,n_participants,8767,,,96,8767,pass,,show,false,true,1.12,NCT02502383,11.3,false,,,4.55,CS=pooled50|GC=post_filter_trials|RM=drop|RI=none|TS=narrow|UG=on|EL=unrestricted|BS=both|ES=pw_raw|GL=us_state,2026-06-19,geo_rep_2026-06-19_run063
us_state,NH,New Hampshire,1,not_applicable,n_participants,5477,,,84,5477,pass,,show,false,true,2.52,NCT03747302,18.22,false,,,5.67,CS=pooled50|GC=post_filter_trials|RM=drop|RI=none|TS=narrow|UG=on|EL=unrestricted|BS=both|ES=pw_raw|GL=us_state,2026-06-19,geo_rep_2026-06-19_run063
us_state,OK,Oklahoma,1,not_applicable,n_participants,8378,,,78,8378,pass,,show,false,true,0.95,NCT00584558,28.89,false,,,5.18,CS=pooled50|GC=post_filter_trials|RM=drop|RI=none|TS=narrow|UG=on|EL=unrestricted|BS=both|ES=pw_raw|GL=us_state,2026-06-19,geo_rep_2026-06-19_run063
us_state,NV,Nevada,1,not_applicable,n_participants,6201,,,61,6201,pass,,show,false,true,0.84,NCT03868124,9.03,false,,,2.79,CS=pooled50|GC=post_filter_trials|RM=drop|RI=none|TS=narrow|UG=on|EL=unrestricted|BS=both|ES=pw_raw|GL=us_state,2026-06-19,geo_rep_2026-06-19_run063
us_state,CA,California,1,tw_median,iqr_width_pp,28,,,2509,2293803,pass,one trial supplies 71.1% of this geography's participants,badge_concentration,false,false,0.2,NCT03694392,71.08,true,,,1.55,CS=pooled50|GC=post_filter_trials|RM=drop|RI=none|TS=narrow|UG=on|EL=unrestricted|BS=both|ES=tw_median|GL=us_state,2026-06-19,geo_rep_2026-06-19_run063
us_state,NY,New York,1,tw_median,iqr_width_pp,29.34,,,2306,3462731,pass,,show,false,false,0.11,NCT04926233,39.6,false,,,1.19,CS=pooled50|GC=post_filter_trials|RM=drop|RI=none|TS=narrow|UG=on|EL=unrestricted|BS=both|ES=tw_median|GL=us_state,2026-06-19,geo_rep_2026-06-19_run063
us_state,TX,Texas,1,tw_median,iqr_width_pp,24.64,,,2013,188476,pass,,show,false,true,1.2,NCT00138294,15.52,false,,,1.36,CS=pooled50|GC=post_filter_trials|RM=drop|RI=none|TS=narrow|UG=on|EL=unrestricted|BS=both|ES=tw_median|GL=us_state,2026-06-19,geo_rep_2026-06-19_run063
us_state,MA,Massachusetts,1,tw_median,iqr_width_pp,26.36,,,1723,3809714,pass,,show,false,false,0.06,NCT02138097,16.14,false,,,0.4,CS=pooled50|GC=post_filter_trials|RM=drop|RI=none|TS=narrow|UG=on|EL=unrestricted|BS=both|ES=tw_median|GL=us_state,2026-06-19,geo_rep_2026-06-19_run063
us_state,PA,Pennsylvania,1,tw_median,iqr_width_pp,28.09,,,1491,1094730,pass,,show,false,false,0.14,NCT04350866,17.92,false,,,1.26,CS=pooled50|GC=post_filter_trials|RM=drop|RI=none|TS=narrow|UG=on|EL=unrestricted|BS=both|ES=tw_median|GL=us_state,2026-06-19,geo_rep_2026-06-19_run063
us_state,MD,Maryland,1,tw_median,iqr_width_pp,24.72,,,1434,487059,pass,,show,false,false,0.42,NCT01696968,31.8,false,,,1.23,CS=pooled50|GC=post_filter_trials|RM=drop|RI=none|TS=narrow|UG=on|EL=unrestricted|BS=both|ES=tw_median|GL=us_state,2026-06-19,geo_rep_2026-06-19_run063
us_state,NC,North Carolina,1,tw_median,iqr_width_pp,26.91,,,1231,287435,pass,,show,false,false,0.5,NCT05465317,21.64,false,,,0.89,CS=pooled50|GC=post_filter_trials|RM=drop|RI=none|TS=narrow|UG=on|EL=unrestricted|BS=both|ES=tw_median|GL=us_state,2026-06-19,geo_rep_2026-06-19_run063
us_state,FL,Florida,1,tw_median,iqr_width_pp,27.57,,,1082,81523,pass,,show,false,true,2.67,NCT02416011,3.55,false,,,0.74,CS=pooled50|GC=post_filter_trials|RM=drop|RI=none|TS=narrow|UG=on|EL=unrestricted|BS=both|ES=tw_median|GL=us_state,2026-06-19,geo_rep_2026-06-19_run063
us_state,OH,Ohio,1,tw_median,iqr_width_pp,26.67,,,1009,128302,pass,,show,false,false,2.1,NCT00667186,7.46,false,,,3.83,CS=pooled50|GC=post_filter_trials|RM=drop|RI=none|TS=narrow|UG=on|EL=unrestricted|BS=both|ES=tw_median|GL=us_state,2026-06-19,geo_rep_2026-06-19_run063
us_state,MN,Minnesota,1,tw_median,iqr_width_pp,24.04,,,845,641365,pass,one trial supplies 60.2% of this geography's participants,badge_concentration,true,false,0.14,NCT05214573,60.23,true,,,2.66,CS=pooled50|GC=post_filter_trials|RM=drop|RI=none|TS=narrow|UG=on|EL=unrestricted|BS=both|ES=tw_median|GL=us_state,2026-06-19,geo_rep_2026-06-19_run063
us_state,IL,Illinois,1,tw_median,iqr_width_pp,25.49,,,790,293816,pass,,show,false,false,0.64,NCT03833804,22.12,false,,,3.74,CS=pooled50|GC=post_filter_trials|RM=drop|RI=none|TS=narrow|UG=on|EL=unrestricted|BS=both|ES=tw_median|GL=us_state,2026-06-19,geo_rep_2026-06-19_run063
us_state,MI,Michigan,1,tw_median,iqr_width_pp,28.29,,,601,249505,pass,one trial supplies 58.4% of this geography's participants,badge_concentration,false,true,0.3,NCT05065502,58.39,true,,,0.67,CS=pooled50|GC=post_filter_trials|RM=drop|RI=none|TS=narrow|UG=on|EL=unrestricted|BS=both|ES=tw_median|GL=us_state,2026-06-19,geo_rep_2026-06-19_run063
us_state,MO,Missouri,1,tw_median,iqr_width_pp,27.69,,,590,79115,pass,,show,false,true,0.85,NCT01280942,25.32,false,,,3.89,CS=pooled50|GC=post_filter_trials|RM=drop|RI=none|TS=narrow|UG=on|EL=unrestricted|BS=both|ES=tw_median|GL=us_state,2026-06-19,geo_rep_2026-06-19_run063
us_state,CT,Connecticut,1,tw_median,iqr_width_pp,27.45,,,477,208286,pass,one trial supplies 55.2% of this geography's participants,badge_concentration,false,true,0.21,NCT05957198,55.17,true,,,5.89,CS=pooled50|GC=post_filter_trials|RM=drop|RI=none|TS=narrow|UG=on|EL=unrestricted|BS=both|ES=tw_median|GL=us_state,2026-06-19,geo_rep_2026-06-19_run063
us_state,GA,Georgia,1,tw_median,iqr_width_pp,26.09,,,455,88903,pass,one trial supplies 63.4% of this geography's participants,badge_concentration,false,true,0.66,NCT02879812,63.36,true,,,1.74,CS=pooled50|GC=post_filter_trials|RM=drop|RI=none|TS=narrow|UG=on|EL=unrestricted|BS=both|ES=tw_median|GL=us_state,2026-06-19,geo_rep_2026-06-19_run063
us_state,TN,Tennessee,1,tw_median,iqr_width_pp,22.07,,,453,144369,pass,,show,true,false,0.73,NCT02625181,18.73,false,,,2.61,CS=pooled50|GC=post_filter_trials|RM=drop|RI=none|TS=narrow|UG=on|EL=unrestricted|BS=both|ES=tw_median|GL=us_state,2026-06-19,geo_rep_2026-06-19_run063
us_state,WA,Washington,1,tw_median,iqr_width_pp,27.97,,,447,60948,pass,,show,false,false,0.98,NCT00115869,13.76,false,,,1.79,CS=pooled50|GC=post_filter_trials|RM=drop|RI=none|TS=narrow|UG=on|EL=unrestricted|BS=both|ES=tw_median|GL=us_state,2026-06-19,geo_rep_2026-06-19_run063
us_state,IN,Indiana,1,tw_median,iqr_width_pp,31.03,,,436,124414,pass,one trial supplies 45.9% of this geography's participants,badge_concentration,false,true,0.49,NCT01446705,45.87,true,,,1.3,CS=pooled50|GC=post_filter_trials|RM=drop|RI=none|TS=narrow|UG=on|EL=unrestricted|BS=both|ES=tw_median|GL=us_state,2026-06-19,geo_rep_2026-06-19_run063
us_state,CO,Colorado,1,tw_median,iqr_width_pp,27.8,,,380,56870,pass,,show,false,true,1.74,NCT03973931,16.3,false,,,3.22,CS=pooled50|GC=post_filter_trials|RM=drop|RI=none|TS=narrow|UG=on|EL=unrestricted|BS=both|ES=tw_median|GL=us_state,2026-06-19,geo_rep_2026-06-19_run063
us_state,SC,South Carolina,1,tw_median,iqr_width_pp,27.52,,,365,51052,pass,,show,false,true,1.18,NCT01156571,21.83,false,,,2.83,CS=pooled50|GC=post_filter_trials|RM=drop|RI=none|TS=narrow|UG=on|EL=unrestricted|BS=both|ES=tw_median|GL=us_state,2026-06-19,geo_rep_2026-06-19_run063
us_state,WI,Wisconsin,1,tw_median,iqr_width_pp,23.75,,,334,87524,pass,one trial supplies 60.7% of this geography's participants,badge_concentration,false,true,0.91,NCT02433496,60.71,true,,,4.54,CS=pooled50|GC=post_filter_trials|RM=drop|RI=none|TS=narrow|UG=on|EL=unrestricted|BS=both|ES=tw_median|GL=us_state,2026-06-19,geo_rep_2026-06-19_run063
us_state,VA,Virginia,1,tw_median,iqr_width_pp,25,,,313,24615,pass,,show,false,true,1.64,NCT01787838,10.19,false,,,3.42,CS=pooled50|GC=post_filter_trials|RM=drop|RI=none|TS=narrow|UG=on|EL=unrestricted|BS=both|ES=tw_median|GL=us_state,2026-06-19,geo_rep_2026-06-19_run063
us_state,NJ,New Jersey,1,tw_median,iqr_width_pp,26.02,,,311,52004,pass,,show,false,true,1.91,NCT02846779,10.76,false,,,5.38,CS=pooled50|GC=post_filter_trials|RM=drop|RI=none|TS=narrow|UG=on|EL=unrestricted|BS=both|ES=tw_median|GL=us_state,2026-06-19,geo_rep_2026-06-19_run063
us_state,AL,Alabama,1,tw_median,iqr_width_pp,29.1,,,250,32029,pass,,show,false,true,0.69,NCT02383173,20.27,false,,,5.48,CS=pooled50|GC=post_filter_trials|RM=drop|RI=none|TS=narrow|UG=on|EL=unrestricted|BS=both|ES=tw_median|GL=us_state,2026-06-19,geo_rep_2026-06-19_run063
us_state,AZ,Arizona,1,tw_median,iqr_width_pp,24.43,,,248,13820,pass,,show,false,true,5.85,NCT03517111,6.1,false,,,4.14,CS=pooled50|GC=post_filter_trials|RM=drop|RI=none|TS=narrow|UG=on|EL=unrestricted|BS=both|ES=tw_median|GL=us_state,2026-06-19,geo_rep_2026-06-19_run063
us_state,OR,Oregon,1,tw_median,iqr_width_pp,27.93,,,245,94399,pass,one trial supplies 48.7% of this geography's participants,badge_concentration,false,true,0.18,NCT02325531,48.68,true,,,2.47,CS=pooled50|GC=post_filter_trials|RM=drop|RI=none|TS=narrow|UG=on|EL=unrestricted|BS=both|ES=tw_median|GL=us_state,2026-06-19,geo_rep_2026-06-19_run063
us_state,UT,Utah,1,tw_median,iqr_width_pp,17.48,,,236,212995,pass,one trial supplies 84.7% of this geography's participants,badge_concentration,false,true,0.2,NCT04148989,84.7,true,,,6.75,CS=pooled50|GC=post_filter_trials|RM=drop|RI=none|TS=narrow|UG=on|EL=unrestricted|BS=both|ES=tw_median|GL=us_state,2026-06-19,geo_rep_2026-06-19_run063
us_state,KY,Kentucky,1,tw_median,iqr_width_pp,26.96,,,205,94769,pass,one trial supplies 67.8% of this geography's participants,badge_concentration,false,false,0.15,NCT06066541,67.84,true,,,2.34,CS=pooled50|GC=post_filter_trials|RM=drop|RI=none|TS=narrow|UG=on|EL=unrestricted|BS=both|ES=tw_median|GL=us_state,2026-06-19,geo_rep_2026-06-19_run063
us_state,IA,Iowa,1,tw_median,iqr_width_pp,26.39,,,193,13742,pass,,show,false,true,1.72,NCT01276171,5.45,false,,,4.78,CS=pooled50|GC=post_filter_trials|RM=drop|RI=none|TS=narrow|UG=on|EL=unrestricted|BS=both|ES=tw_median|GL=us_state,2026-06-19,geo_rep_2026-06-19_run063
us_state,KS,Kansas,1,tw_median,iqr_width_pp,29.25,,,165,13764,pass,,show,false,true,1.02,NCT02456636,10.22,false,,,1.82,CS=pooled50|GC=post_filter_trials|RM=drop|RI=none|TS=narrow|UG=on|EL=unrestricted|BS=both|ES=tw_median|GL=us_state,2026-06-19,geo_rep_2026-06-19_run063
us_state,NE,Nebraska,1,tw_median,iqr_width_pp,28.47,,,151,14911,pass,,show,false,true,1.21,NCT02265913,27.34,false,,,3.24,CS=pooled50|GC=post_filter_trials|RM=drop|RI=none|TS=narrow|UG=on|EL=unrestricted|BS=both|ES=tw_median|GL=us_state,2026-06-19,geo_rep_2026-06-19_run063
us_state,RI,Rhode Island,1,tw_median,iqr_width_pp,27.57,,,146,62591,pass,one trial supplies 72.1% of this geography's participants,badge_concentration,false,true,0.34,NCT05579600,72.14,true,,,2.92,CS=pooled50|GC=post_filter_trials|RM=drop|RI=none|TS=narrow|UG=on|EL=unrestricted|BS=both|ES=tw_median|GL=us_state,2026-06-19,geo_rep_2026-06-19_run063
us_state,DC,District of Columbia,1,tw_median,iqr_width_pp,28,,,145,12067,pass,,show,false,true,0.71,NCT05021757,10.04,false,,,4.19,CS=pooled50|GC=post_filter_trials|RM=drop|RI=none|TS=narrow|UG=on|EL=unrestricted|BS=both|ES=tw_median|GL=us_state,2026-06-19,geo_rep_2026-06-19_run063
us_state,AR,Arkansas,1,tw_median,iqr_width_pp,24.99,,,131,54499,pass,one trial supplies 81.3% of this geography's participants,badge_concentration,false,true,0.38,NCT01875861,81.35,true,,,0.59,CS=pooled50|GC=post_filter_trials|RM=drop|RI=none|TS=narrow|UG=on|EL=unrestricted|BS=both|ES=tw_median|GL=us_state,2026-06-19,geo_rep_2026-06-19_run063
us_state,LA,Louisiana,1,tw_median,iqr_width_pp,27.37,,,112,31910,pass,,show,false,true,0.97,NCT04748445,28.68,false,,,1.78,CS=pooled50|GC=post_filter_trials|RM=drop|RI=none|TS=narrow|UG=on|EL=unrestricted|BS=both|ES=tw_median|GL=us_state,2026-06-19,geo_rep_2026-06-19_run063
us_state,NM,New Mexico,1,tw_median,iqr_width_pp,23.62,,,96,8767,pass,,show,false,true,1.12,NCT02502383,11.3,false,,,4.55,CS=pooled50|GC=post_filter_trials|RM=drop|RI=none|TS=narrow|UG=on|EL=unrestricted|BS=both|ES=tw_median|GL=us_state,2026-06-19,geo_rep_2026-06-19_run063
us_state,NH,New Hampshire,1,tw_median,iqr_width_pp,25.21,,,84,5477,pass,,show,false,true,2.52,NCT03747302,18.22,false,,,5.67,CS=pooled50|GC=post_filter_trials|RM=drop|RI=none|TS=narrow|UG=on|EL=unrestricted|BS=both|ES=tw_median|GL=us_state,2026-06-19,geo_rep_2026-06-19_run063
us_state,OK,Oklahoma,1,tw_median,iqr_width_pp,36.07,,,78,8378,pass,,show,false,true,0.95,NCT00584558,28.89,false,,,5.18,CS=pooled50|GC=post_filter_trials|RM=drop|RI=none|TS=narrow|UG=on|EL=unrestricted|BS=both|ES=tw_median|GL=us_state,2026-06-19,geo_rep_2026-06-19_run063
us_state,NV,Nevada,1,tw_median,iqr_width_pp,29.47,,,61,6201,pass,,show,false,true,0.84,NCT03868124,9.03,false,,,2.79,CS=pooled50|GC=post_filter_trials|RM=drop|RI=none|TS=narrow|UG=on|EL=unrestricted|BS=both|ES=tw_median|GL=us_state,2026-06-19,geo_rep_2026-06-19_run063
us_state,CA,California,1,not_applicable,pct_single_sex_reported,8.03,,,2509,2293803,pass,one trial supplies 71.1% of this geography's participants,badge_concentration,false,false,0.2,NCT03694392,71.08,true,,,1.55,CS=pooled50|GC=post_filter_trials|RM=drop|RI=none|TS=narrow|UG=on|EL=unrestricted|BS=both|ES=pw_raw|GL=us_state,2026-06-19,geo_rep_2026-06-19_run063
us_state,NY,New York,1,not_applicable,pct_single_sex_reported,6.94,,,2306,3462731,pass,,show,false,false,0.11,NCT04926233,39.6,false,,,1.19,CS=pooled50|GC=post_filter_trials|RM=drop|RI=none|TS=narrow|UG=on|EL=unrestricted|BS=both|ES=pw_raw|GL=us_state,2026-06-19,geo_rep_2026-06-19_run063
us_state,TX,Texas,1,not_applicable,pct_single_sex_reported,7.79,,,2013,188476,pass,,show,false,true,1.2,NCT00138294,15.52,false,,,1.36,CS=pooled50|GC=post_filter_trials|RM=drop|RI=none|TS=narrow|UG=on|EL=unrestricted|BS=both|ES=pw_raw|GL=us_state,2026-06-19,geo_rep_2026-06-19_run063
us_state,MA,Massachusetts,1,not_applicable,pct_single_sex_reported,7.37,,,1723,3809714,pass,,show,false,false,0.06,NCT02138097,16.14,false,,,0.4,CS=pooled50|GC=post_filter_trials|RM=drop|RI=none|TS=narrow|UG=on|EL=unrestricted|BS=both|ES=pw_raw|GL=us_state,2026-06-19,geo_rep_2026-06-19_run063
us_state,PA,Pennsylvania,1,not_applicable,pct_single_sex_reported,5.69,,,1491,1094730,pass,,show,false,false,0.14,NCT04350866,17.92,false,,,1.26,CS=pooled50|GC=post_filter_trials|RM=drop|RI=none|TS=narrow|UG=on|EL=unrestricted|BS=both|ES=pw_raw|GL=us_state,2026-06-19,geo_rep_2026-06-19_run063
us_state,MD,Maryland,1,not_applicable,pct_single_sex_reported,7.78,,,1434,487059,pass,,show,false,false,0.42,NCT01696968,31.8,false,,,1.23,CS=pooled50|GC=post_filter_trials|RM=drop|RI=none|TS=narrow|UG=on|EL=unrestricted|BS=both|ES=pw_raw|GL=us_state,2026-06-19,geo_rep_2026-06-19_run063
us_state,NC,North Carolina,1,not_applicable,pct_single_sex_reported,5.16,,,1231,287435,pass,,show,false,false,0.5,NCT05465317,21.64,false,,,0.89,CS=pooled50|GC=post_filter_trials|RM=drop|RI=none|TS=narrow|UG=on|EL=unrestricted|BS=both|ES=pw_raw|GL=us_state,2026-06-19,geo_rep_2026-06-19_run063
us_state,FL,Florida,1,not_applicable,pct_single_sex_reported,6.8,,,1082,81523,pass,,show,false,true,2.67,NCT02416011,3.55,false,,,0.74,CS=pooled50|GC=post_filter_trials|RM=drop|RI=none|TS=narrow|UG=on|EL=unrestricted|BS=both|ES=pw_raw|GL=us_state,2026-06-19,geo_rep_2026-06-19_run063
us_state,OH,Ohio,1,not_applicable,pct_single_sex_reported,7.77,,,1009,128302,pass,,show,false,false,2.1,NCT00667186,7.46,false,,,3.83,CS=pooled50|GC=post_filter_trials|RM=drop|RI=none|TS=narrow|UG=on|EL=unrestricted|BS=both|ES=pw_raw|GL=us_state,2026-06-19,geo_rep_2026-06-19_run063
us_state,MN,Minnesota,1,not_applicable,pct_single_sex_reported,7.95,,,845,641365,pass,one trial supplies 60.2% of this geography's participants,badge_concentration,true,false,0.14,NCT05214573,60.23,true,,,2.66,CS=pooled50|GC=post_filter_trials|RM=drop|RI=none|TS=narrow|UG=on|EL=unrestricted|BS=both|ES=pw_raw|GL=us_state,2026-06-19,geo_rep_2026-06-19_run063
us_state,IL,Illinois,1,not_applicable,pct_single_sex_reported,6.18,,,790,293816,pass,,show,false,false,0.64,NCT03833804,22.12,false,,,3.74,CS=pooled50|GC=post_filter_trials|RM=drop|RI=none|TS=narrow|UG=on|EL=unrestricted|BS=both|ES=pw_raw|GL=us_state,2026-06-19,geo_rep_2026-06-19_run063
us_state,MI,Michigan,1,not_applicable,pct_single_sex_reported,6.09,,,601,249505,pass,one trial supplies 58.4% of this geography's participants,badge_concentration,false,true,0.3,NCT05065502,58.39,true,,,0.67,CS=pooled50|GC=post_filter_trials|RM=drop|RI=none|TS=narrow|UG=on|EL=unrestricted|BS=both|ES=pw_raw|GL=us_state,2026-06-19,geo_rep_2026-06-19_run063
us_state,MO,Missouri,1,not_applicable,pct_single_sex_reported,4.99,,,590,79115,pass,,show,false,true,0.85,NCT01280942,25.32,false,,,3.89,CS=pooled50|GC=post_filter_trials|RM=drop|RI=none|TS=narrow|UG=on|EL=unrestricted|BS=both|ES=pw_raw|GL=us_state,2026-06-19,geo_rep_2026-06-19_run063
us_state,CT,Connecticut,1,not_applicable,pct_single_sex_reported,4.79,,,477,208286,pass,one trial supplies 55.2% of this geography's participants,badge_concentration,false,true,0.21,NCT05957198,55.17,true,,,5.89,CS=pooled50|GC=post_filter_trials|RM=drop|RI=none|TS=narrow|UG=on|EL=unrestricted|BS=both|ES=pw_raw|GL=us_state,2026-06-19,geo_rep_2026-06-19_run063
us_state,GA,Georgia,1,not_applicable,pct_single_sex_reported,7.14,,,455,88903,pass,one trial supplies 63.4% of this geography's participants,badge_concentration,false,true,0.66,NCT02879812,63.36,true,,,1.74,CS=pooled50|GC=post_filter_trials|RM=drop|RI=none|TS=narrow|UG=on|EL=unrestricted|BS=both|ES=pw_raw|GL=us_state,2026-06-19,geo_rep_2026-06-19_run063
us_state,TN,Tennessee,1,not_applicable,pct_single_sex_reported,6.4,,,453,144369,pass,,show,true,false,0.73,NCT02625181,18.73,false,,,2.61,CS=pooled50|GC=post_filter_trials|RM=drop|RI=none|TS=narrow|UG=on|EL=unrestricted|BS=both|ES=pw_raw|GL=us_state,2026-06-19,geo_rep_2026-06-19_run063
us_state,WA,Washington,1,not_applicable,pct_single_sex_reported,10.6,,,447,60948,pass,,show,false,false,0.98,NCT00115869,13.76,false,,,1.79,CS=pooled50|GC=post_filter_trials|RM=drop|RI=none|TS=narrow|UG=on|EL=unrestricted|BS=both|ES=pw_raw|GL=us_state,2026-06-19,geo_rep_2026-06-19_run063
us_state,IN,Indiana,1,not_applicable,pct_single_sex_reported,6.03,,,436,124414,pass,one trial supplies 45.9% of this geography's participants,badge_concentration,false,true,0.49,NCT01446705,45.87,true,,,1.3,CS=pooled50|GC=post_filter_trials|RM=drop|RI=none|TS=narrow|UG=on|EL=unrestricted|BS=both|ES=pw_raw|GL=us_state,2026-06-19,geo_rep_2026-06-19_run063
us_state,CO,Colorado,1,not_applicable,pct_single_sex_reported,3.55,,,380,56870,pass,,show,false,true,1.74,NCT03973931,16.3,false,,,3.22,CS=pooled50|GC=post_filter_trials|RM=drop|RI=none|TS=narrow|UG=on|EL=unrestricted|BS=both|ES=pw_raw|GL=us_state,2026-06-19,geo_rep_2026-06-19_run063
us_state,SC,South Carolina,1,not_applicable,pct_single_sex_reported,4.45,,,365,51052,pass,,show,false,true,1.18,NCT01156571,21.83,false,,,2.83,CS=pooled50|GC=post_filter_trials|RM=drop|RI=none|TS=narrow|UG=on|EL=unrestricted|BS=both|ES=pw_raw|GL=us_state,2026-06-19,geo_rep_2026-06-19_run063
us_state,WI,Wisconsin,1,not_applicable,pct_single_sex_reported,7.99,,,334,87524,pass,one trial supplies 60.7% of this geography's participants,badge_concentration,false,true,0.91,NCT02433496,60.71,true,,,4.54,CS=pooled50|GC=post_filter_trials|RM=drop|RI=none|TS=narrow|UG=on|EL=unrestricted|BS=both|ES=pw_raw|GL=us_state,2026-06-19,geo_rep_2026-06-19_run063
us_state,VA,Virginia,1,not_applicable,pct_single_sex_reported,7.12,,,313,24615,pass,,show,false,true,1.64,NCT01787838,10.19,false,,,3.42,CS=pooled50|GC=post_filter_trials|RM=drop|RI=none|TS=narrow|UG=on|EL=unrestricted|BS=both|ES=pw_raw|GL=us_state,2026-06-19,geo_rep_2026-06-19_run063
us_state,NJ,New Jersey,1,not_applicable,pct_single_sex_reported,4.6,,,311,52004,pass,,show,false,true,1.91,NCT02846779,10.76,false,,,5.38,CS=pooled50|GC=post_filter_trials|RM=drop|RI=none|TS=narrow|UG=on|EL=unrestricted|BS=both|ES=pw_raw|GL=us_state,2026-06-19,geo_rep_2026-06-19_run063
us_state,AL,Alabama,1,not_applicable,pct_single_sex_reported,7.06,,,250,32029,pass,,show,false,true,0.69,NCT02383173,20.27,false,,,5.48,CS=pooled50|GC=post_filter_trials|RM=drop|RI=none|TS=narrow|UG=on|EL=unrestricted|BS=both|ES=pw_raw|GL=us_state,2026-06-19,geo_rep_2026-06-19_run063
us_state,AZ,Arizona,1,not_applicable,pct_single_sex_reported,7.12,,,248,13820,pass,,show,false,true,5.85,NCT03517111,6.1,false,,,4.14,CS=pooled50|GC=post_filter_trials|RM=drop|RI=none|TS=narrow|UG=on|EL=unrestricted|BS=both|ES=pw_raw|GL=us_state,2026-06-19,geo_rep_2026-06-19_run063
us_state,OR,Oregon,1,not_applicable,pct_single_sex_reported,5.77,,,245,94399,pass,one trial supplies 48.7% of this geography's participants,badge_concentration,false,true,0.18,NCT02325531,48.68,true,,,2.47,CS=pooled50|GC=post_filter_trials|RM=drop|RI=none|TS=narrow|UG=on|EL=unrestricted|BS=both|ES=pw_raw|GL=us_state,2026-06-19,geo_rep_2026-06-19_run063
us_state,UT,Utah,1,not_applicable,pct_single_sex_reported,8.88,,,236,212995,pass,one trial supplies 84.7% of this geography's participants,badge_concentration,false,true,0.2,NCT04148989,84.7,true,,,6.75,CS=pooled50|GC=post_filter_trials|RM=drop|RI=none|TS=narrow|UG=on|EL=unrestricted|BS=both|ES=pw_raw|GL=us_state,2026-06-19,geo_rep_2026-06-19_run063
us_state,KY,Kentucky,1,not_applicable,pct_single_sex_reported,8.89,,,205,94769,pass,one trial supplies 67.8% of this geography's participants,badge_concentration,false,false,0.15,NCT06066541,67.84,true,,,2.34,CS=pooled50|GC=post_filter_trials|RM=drop|RI=none|TS=narrow|UG=on|EL=unrestricted|BS=both|ES=pw_raw|GL=us_state,2026-06-19,geo_rep_2026-06-19_run063
us_state,IA,Iowa,1,not_applicable,pct_single_sex_reported,5.39,,,193,13742,pass,,show,false,true,1.72,NCT01276171,5.45,false,,,4.78,CS=pooled50|GC=post_filter_trials|RM=drop|RI=none|TS=narrow|UG=on|EL=unrestricted|BS=both|ES=pw_raw|GL=us_state,2026-06-19,geo_rep_2026-06-19_run063
us_state,KS,Kansas,1,not_applicable,pct_single_sex_reported,2.37,,,165,13764,pass,,show,false,true,1.02,NCT02456636,10.22,false,,,1.82,CS=pooled50|GC=post_filter_trials|RM=drop|RI=none|TS=narrow|UG=on|EL=unrestricted|BS=both|ES=pw_raw|GL=us_state,2026-06-19,geo_rep_2026-06-19_run063
us_state,NE,Nebraska,1,not_applicable,pct_single_sex_reported,7.36,,,151,14911,pass,,show,false,true,1.21,NCT02265913,27.34,false,,,3.24,CS=pooled50|GC=post_filter_trials|RM=drop|RI=none|TS=narrow|UG=on|EL=unrestricted|BS=both|ES=pw_raw|GL=us_state,2026-06-19,geo_rep_2026-06-19_run063
us_state,RI,Rhode Island,1,not_applicable,pct_single_sex_reported,3.31,,,146,62591,pass,one trial supplies 72.1% of this geography's participants,badge_concentration,false,true,0.34,NCT05579600,72.14,true,,,2.92,CS=pooled50|GC=post_filter_trials|RM=drop|RI=none|TS=narrow|UG=on|EL=unrestricted|BS=both|ES=pw_raw|GL=us_state,2026-06-19,geo_rep_2026-06-19_run063
us_state,DC,District of Columbia,1,not_applicable,pct_single_sex_reported,8.23,,,145,12067,pass,,show,false,true,0.71,NCT05021757,10.04,false,,,4.19,CS=pooled50|GC=post_filter_trials|RM=drop|RI=none|TS=narrow|UG=on|EL=unrestricted|BS=both|ES=pw_raw|GL=us_state,2026-06-19,geo_rep_2026-06-19_run063
us_state,AR,Arkansas,1,not_applicable,pct_single_sex_reported,10.88,,,131,54499,pass,one trial supplies 81.3% of this geography's participants,badge_concentration,false,true,0.38,NCT01875861,81.35,true,,,0.59,CS=pooled50|GC=post_filter_trials|RM=drop|RI=none|TS=narrow|UG=on|EL=unrestricted|BS=both|ES=pw_raw|GL=us_state,2026-06-19,geo_rep_2026-06-19_run063
us_state,LA,Louisiana,1,not_applicable,pct_single_sex_reported,5.88,,,112,31910,pass,,show,false,true,0.97,NCT04748445,28.68,false,,,1.78,CS=pooled50|GC=post_filter_trials|RM=drop|RI=none|TS=narrow|UG=on|EL=unrestricted|BS=both|ES=pw_raw|GL=us_state,2026-06-19,geo_rep_2026-06-19_run063
us_state,NM,New Mexico,1,not_applicable,pct_single_sex_reported,8.57,,,96,8767,pass,,show,false,true,1.12,NCT02502383,11.3,false,,,4.55,CS=pooled50|GC=post_filter_trials|RM=drop|RI=none|TS=narrow|UG=on|EL=unrestricted|BS=both|ES=pw_raw|GL=us_state,2026-06-19,geo_rep_2026-06-19_run063
us_state,NH,New Hampshire,1,not_applicable,pct_single_sex_reported,13.4,,,84,5477,pass,,show,false,true,2.52,NCT03747302,18.22,false,,,5.67,CS=pooled50|GC=post_filter_trials|RM=drop|RI=none|TS=narrow|UG=on|EL=unrestricted|BS=both|ES=pw_raw|GL=us_state,2026-06-19,geo_rep_2026-06-19_run063
us_state,OK,Oklahoma,1,not_applicable,pct_single_sex_reported,8.24,,,78,8378,pass,,show,false,true,0.95,NCT00584558,28.89,false,,,5.18,CS=pooled50|GC=post_filter_trials|RM=drop|RI=none|TS=narrow|UG=on|EL=unrestricted|BS=both|ES=pw_raw|GL=us_state,2026-06-19,geo_rep_2026-06-19_run063
us_state,NV,Nevada,1,not_applicable,pct_single_sex_reported,0,,,61,6201,pass,,show,false,true,0.84,NCT03868124,9.03,false,,,2.79,CS=pooled50|GC=post_filter_trials|RM=drop|RI=none|TS=narrow|UG=on|EL=unrestricted|BS=both|ES=pw_raw|GL=us_state,2026-06-19,geo_rep_2026-06-19_run063
country,USA,United States,3,pw_raw,portfolio_female_share_pct,45.9,,,3478,942142,n/a (tier 3 applies no gate),"tier 3 is portfolio exposure, a different quantity from tier 1: never rank it against tier 1",omit_from_ranking,not_applicable,not_applicable,,,,not_applicable,,,,CS=pooled50|GC=post_filter_trials|RM=drop|RI=none|TS=narrow|UG=on|EL=unrestricted|BS=both|ES=pw_raw|GL=country,2026-06-19,geo_rep_2026-06-19_run063
country,X-NIG,Niger,3,pw_raw,portfolio_female_share_pct,49.01,,,3,143667,n/a (tier 3 applies no gate),"tier 3 is portfolio exposure, a different quantity from tier 1: never rank it against tier 1",omit_from_ranking,not_applicable,not_applicable,,,,not_applicable,,,,CS=pooled50|GC=post_filter_trials|RM=drop|RI=none|TS=narrow|UG=on|EL=unrestricted|BS=both|ES=pw_raw|GL=country,2026-06-19,geo_rep_2026-06-19_run063
country,CAN,Canada,3,pw_raw,portfolio_female_share_pct,44.73,,,1642,106027,n/a (tier 3 applies no gate),"tier 3 is portfolio exposure, a different quantity from tier 1: never rank it against tier 1",omit_from_ranking,not_applicable,not_applicable,,,,not_applicable,,,,CS=pooled50|GC=post_filter_trials|RM=drop|RI=none|TS=narrow|UG=on|EL=unrestricted|BS=both|ES=pw_raw|GL=country,2026-06-19,geo_rep_2026-06-19_run063
country,BGD,Bangladesh,3,pw_raw,portfolio_female_share_pct,99.68,,,12,105832,n/a (tier 3 applies no gate),"tier 3 is portfolio exposure, a different quantity from tier 1: never rank it against tier 1",omit_from_ranking,not_applicable,not_applicable,,,,not_applicable,,,,CS=pooled50|GC=post_filter_trials|RM=drop|RI=none|TS=narrow|UG=on|EL=unrestricted|BS=both|ES=pw_raw|GL=country,2026-06-19,geo_rep_2026-06-19_run063
country,DEU,Germany,3,pw_raw,portfolio_female_share_pct,44.72,,,1603,94983,n/a (tier 3 applies no gate),"tier 3 is portfolio exposure, a different quantity from tier 1: never rank it against tier 1",omit_from_ranking,not_applicable,not_applicable,,,,not_applicable,,,,CS=pooled50|GC=post_filter_trials|RM=drop|RI=none|TS=narrow|UG=on|EL=unrestricted|BS=both|ES=pw_raw|GL=country,2026-06-19,geo_rep_2026-06-19_run063
country,MWI,Malawi,3,pw_raw,portfolio_female_share_pct,51.91,,,43,89566,n/a (tier 3 applies no gate),"tier 3 is portfolio exposure, a different quantity from tier 1: never rank it against tier 1",omit_from_ranking,not_applicable,not_applicable,,,,not_applicable,,,,CS=pooled50|GC=post_filter_trials|RM=drop|RI=none|TS=narrow|UG=on|EL=unrestricted|BS=both|ES=pw_raw|GL=country,2026-06-19,geo_rep_2026-06-19_run063
country,X-COM,Comoros,3,pw_raw,portfolio_female_share_pct,50.45,,,1,89506,n/a (tier 3 applies no gate),"tier 3 is portfolio exposure, a different quantity from tier 1: never rank it against tier 1",omit_from_ranking,not_applicable,not_applicable,,,,not_applicable,,,,CS=pooled50|GC=post_filter_trials|RM=drop|RI=none|TS=narrow|UG=on|EL=unrestricted|BS=both|ES=pw_raw|GL=country,2026-06-19,geo_rep_2026-06-19_run063
country,IND,India,3,pw_raw,portfolio_female_share_pct,76.32,,,317,81818,n/a (tier 3 applies no gate),"tier 3 is portfolio exposure, a different quantity from tier 1: never rank it against tier 1",omit_from_ranking,not_applicable,not_applicable,,,,not_applicable,,,,CS=pooled50|GC=post_filter_trials|RM=drop|RI=none|TS=narrow|UG=on|EL=unrestricted|BS=both|ES=pw_raw|GL=country,2026-06-19,geo_rep_2026-06-19_run063
country,ZAF,South Africa,3,pw_raw,portfolio_female_share_pct,76.68,,,367,77147,n/a (tier 3 applies no gate),"tier 3 is portfolio exposure, a different quantity from tier 1: never rank it against tier 1",omit_from_ranking,not_applicable,not_applicable,,,,not_applicable,,,,CS=pooled50|GC=post_filter_trials|RM=drop|RI=none|TS=narrow|UG=on|EL=unrestricted|BS=both|ES=pw_raw|GL=country,2026-06-19,geo_rep_2026-06-19_run063
country,POL,Poland,3,pw_raw,portfolio_female_share_pct,45.95,,,1057,74742,n/a (tier 3 applies no gate),"tier 3 is portfolio exposure, a different quantity from tier 1: never rank it against tier 1",omit_from_ranking,not_applicable,not_applicable,,,,not_applicable,,,,CS=pooled50|GC=post_filter_trials|RM=drop|RI=none|TS=narrow|UG=on|EL=unrestricted|BS=both|ES=pw_raw|GL=country,2026-06-19,geo_rep_2026-06-19_run063
country,FRA,France,3,pw_raw,portfolio_female_share_pct,45.6,,,1297,65791,n/a (tier 3 applies no gate),"tier 3 is portfolio exposure, a different quantity from tier 1: never rank it against tier 1",omit_from_ranking,not_applicable,not_applicable,,,,not_applicable,,,,CS=pooled50|GC=post_filter_trials|RM=drop|RI=none|TS=narrow|UG=on|EL=unrestricted|BS=both|ES=pw_raw|GL=country,2026-06-19,geo_rep_2026-06-19_run063
country,TZA,Tanzania,3,pw_raw,portfolio_female_share_pct,68.24,,,24,59609,n/a (tier 3 applies no gate),"tier 3 is portfolio exposure, a different quantity from tier 1: never rank it against tier 1",omit_from_ranking,not_applicable,not_applicable,,,,not_applicable,,,,CS=pooled50|GC=post_filter_trials|RM=drop|RI=none|TS=narrow|UG=on|EL=unrestricted|BS=both|ES=pw_raw|GL=country,2026-06-19,geo_rep_2026-06-19_run063
country,ESP,Spain,3,pw_raw,portfolio_female_share_pct,45.79,,,1366,56670,n/a (tier 3 applies no gate),"tier 3 is portfolio exposure, a different quantity from tier 1: never rank it against tier 1",omit_from_ranking,not_applicable,not_applicable,,,,not_applicable,,,,CS=pooled50|GC=post_filter_trials|RM=drop|RI=none|TS=narrow|UG=on|EL=unrestricted|BS=both|ES=pw_raw|GL=country,2026-06-19,geo_rep_2026-06-19_run063
country,AUS,Australia,3,pw_raw,portfolio_female_share_pct,44.38,,,970,56006,n/a (tier 3 applies no gate),"tier 3 is portfolio exposure, a different quantity from tier 1: never rank it against tier 1",omit_from_ranking,not_applicable,not_applicable,,,,not_applicable,,,,CS=pooled50|GC=post_filter_trials|RM=drop|RI=none|TS=narrow|UG=on|EL=unrestricted|BS=both|ES=pw_raw|GL=country,2026-06-19,geo_rep_2026-06-19_run063
country,GBR,United Kingdom,3,pw_raw,portfolio_female_share_pct,44.39,,,1402,52533,n/a (tier 3 applies no gate),"tier 3 is portfolio exposure, a different quantity from tier 1: never rank it against tier 1",omit_from_ranking,not_applicable,not_applicable,,,,not_applicable,,,,CS=pooled50|GC=post_filter_trials|RM=drop|RI=none|TS=narrow|UG=on|EL=unrestricted|BS=both|ES=pw_raw|GL=country,2026-06-19,geo_rep_2026-06-19_run063
country,ARG,Argentina,3,pw_raw,portfolio_female_share_pct,54.71,,,401,50220,n/a (tier 3 applies no gate),"tier 3 is portfolio exposure, a different quantity from tier 1: never rank it against tier 1",omit_from_ranking,not_applicable,not_applicable,,,,not_applicable,,,,CS=pooled50|GC=post_filter_trials|RM=drop|RI=none|TS=narrow|UG=on|EL=unrestricted|BS=both|ES=pw_raw|GL=country,2026-06-19,geo_rep_2026-06-19_run063
country,KEN,Kenya,3,pw_raw,portfolio_female_share_pct,85.33,,,48,49098,n/a (tier 3 applies no gate),"tier 3 is portfolio exposure, a different quantity from tier 1: never rank it against tier 1",omit_from_ranking,not_applicable,not_applicable,,,,not_applicable,,,,CS=pooled50|GC=post_filter_trials|RM=drop|RI=none|TS=narrow|UG=on|EL=unrestricted|BS=both|ES=pw_raw|GL=country,2026-06-19,geo_rep_2026-06-19_run063
country,ITA,Italy,3,pw_raw,portfolio_female_share_pct,42.68,,,1163,45324,n/a (tier 3 applies no gate),"tier 3 is portfolio exposure, a different quantity from tier 1: never rank it against tier 1",omit_from_ranking,not_applicable,not_applicable,,,,not_applicable,,,,CS=pooled50|GC=post_filter_trials|RM=drop|RI=none|TS=narrow|UG=on|EL=unrestricted|BS=both|ES=pw_raw|GL=country,2026-06-19,geo_rep_2026-06-19_run063
country,CHN,China,3,pw_raw,portfolio_female_share_pct,42.6,,,266,44627,n/a (tier 3 applies no gate),"tier 3 is portfolio exposure, a different quantity from tier 1: never rank it against tier 1",omit_from_ranking,not_applicable,not_applicable,,,,not_applicable,,,,CS=pooled50|GC=post_filter_trials|RM=drop|RI=none|TS=narrow|UG=on|EL=unrestricted|BS=both|ES=pw_raw|GL=country,2026-06-19,geo_rep_2026-06-19_run063
country,UKR,Ukraine,3,pw_raw,portfolio_female_share_pct,47.52,,,362,44256,n/a (tier 3 applies no gate),"tier 3 is portfolio exposure, a different quantity from tier 1: never rank it against tier 1",omit_from_ranking,not_applicable,not_applicable,,,,not_applicable,,,,CS=pooled50|GC=post_filter_trials|RM=drop|RI=none|TS=narrow|UG=on|EL=unrestricted|BS=both|ES=pw_raw|GL=country,2026-06-19,geo_rep_2026-06-19_run063
country,NGA,Nigeria,3,pw_raw,portfolio_female_share_pct,99.02,,,9,39223,n/a (tier 3 applies no gate),"tier 3 is portfolio exposure, a different quantity from tier 1: never rank it against tier 1",omit_from_ranking,not_applicable,not_applicable,,,,not_applicable,,,,CS=pooled50|GC=post_filter_trials|RM=drop|RI=none|TS=narrow|UG=on|EL=unrestricted|BS=both|ES=pw_raw|GL=country,2026-06-19,geo_rep_2026-06-19_run063
country,BRA,Brazil,3,pw_raw,portfolio_female_share_pct,45.85,,,421,37227,n/a (tier 3 applies no gate),"tier 3 is portfolio exposure, a different quantity from tier 1: never rank it against tier 1",omit_from_ranking,not_applicable,not_applicable,,,,not_applicable,,,,CS=pooled50|GC=post_filter_trials|RM=drop|RI=none|TS=narrow|UG=on|EL=unrestricted|BS=both|ES=pw_raw|GL=country,2026-06-19,geo_rep_2026-06-19_run063
country,JPN,Japan,3,pw_raw,portfolio_female_share_pct,45.24,,,445,35860,n/a (tier 3 applies no gate),"tier 3 is portfolio exposure, a different quantity from tier 1: never rank it against tier 1",omit_from_ranking,not_applicable,not_applicable,,,,not_applicable,,,,CS=pooled50|GC=post_filter_trials|RM=drop|RI=none|TS=narrow|UG=on|EL=unrestricted|BS=both|ES=pw_raw|GL=country,2026-06-19,geo_rep_2026-06-19_run063
country,RUS,Russia,3,pw_raw,portfolio_female_share_pct,49.34,,,338,35170,n/a (tier 3 applies no gate),"tier 3 is portfolio exposure, a different quantity from tier 1: never rank it against tier 1",omit_from_ranking,not_applicable,not_applicable,,,,not_applicable,,,,CS=pooled50|GC=post_filter_trials|RM=drop|RI=none|TS=narrow|UG=on|EL=unrestricted|BS=both|ES=pw_raw|GL=country,2026-06-19,geo_rep_2026-06-19_run063
country,MEX,Mexico,3,pw_raw,portfolio_female_share_pct,48.95,,,457,30277,n/a (tier 3 applies no gate),"tier 3 is portfolio exposure, a different quantity from tier 1: never rank it against tier 1",omit_from_ranking,not_applicable,not_applicable,,,,not_applicable,,,,CS=pooled50|GC=post_filter_trials|RM=drop|RI=none|TS=narrow|UG=on|EL=unrestricted|BS=both|ES=pw_raw|GL=country,2026-06-19,geo_rep_2026-06-19_run063
country,HUN,Hungary,3,pw_raw,portfolio_female_share_pct,45.63,,,622,27047,n/a (tier 3 applies no gate),"tier 3 is portfolio exposure, a different quantity from tier 1: never rank it against tier 1",omit_from_ranking,not_applicable,not_applicable,,,,not_applicable,,,,CS=pooled50|GC=post_filter_trials|RM=drop|RI=none|TS=narrow|UG=on|EL=unrestricted|BS=both|ES=pw_raw|GL=country,2026-06-19,geo_rep_2026-06-19_run063
country,NLD,Netherlands,3,pw_raw,portfolio_female_share_pct,37.28,,,771,26427,n/a (tier 3 applies no gate),"tier 3 is portfolio exposure, a different quantity from tier 1: never rank it against tier 1",omit_from_ranking,not_applicable,not_applicable,,,,not_applicable,,,,CS=pooled50|GC=post_filter_trials|RM=drop|RI=none|TS=narrow|UG=on|EL=unrestricted|BS=both|ES=pw_raw|GL=country,2026-06-19,geo_rep_2026-06-19_run063
country,BEL,Belgium,3,pw_raw,portfolio_female_share_pct,48.46,,,936,26360,n/a (tier 3 applies no gate),"tier 3 is portfolio exposure, a different quantity from tier 1: never rank it against tier 1",omit_from_ranking,not_applicable,not_applicable,,,,not_applicable,,,,CS=pooled50|GC=post_filter_trials|RM=drop|RI=none|TS=narrow|UG=on|EL=unrestricted|BS=both|ES=pw_raw|GL=country,2026-06-19,geo_rep_2026-06-19_run063
country,BGR,Bulgaria,3,pw_raw,portfolio_female_share_pct,44.59,,,338,23030,n/a (tier 3 applies no gate),"tier 3 is portfolio exposure, a different quantity from tier 1: never rank it against tier 1",omit_from_ranking,not_applicable,not_applicable,,,,not_applicable,,,,CS=pooled50|GC=post_filter_trials|RM=drop|RI=none|TS=narrow|UG=on|EL=unrestricted|BS=both|ES=pw_raw|GL=country,2026-06-19,geo_rep_2026-06-19_run063
country,UGA,Uganda,3,pw_raw,portfolio_female_share_pct,60.01,,,70,22450,n/a (tier 3 applies no gate),"tier 3 is portfolio exposure, a different quantity from tier 1: never rank it against tier 1",omit_from_ranking,not_applicable,not_applicable,,,,not_applicable,,,,CS=pooled50|GC=post_filter_trials|RM=drop|RI=none|TS=narrow|UG=on|EL=unrestricted|BS=both|ES=pw_raw|GL=country,2026-06-19,geo_rep_2026-06-19_run063
country,COL,Colombia,3,pw_raw,portfolio_female_share_pct,50.8,,,127,21689,n/a (tier 3 applies no gate),"tier 3 is portfolio exposure, a different quantity from tier 1: never rank it against tier 1",omit_from_ranking,not_applicable,not_applicable,,,,not_applicable,,,,CS=pooled50|GC=post_filter_trials|RM=drop|RI=none|TS=narrow|UG=on|EL=unrestricted|BS=both|ES=pw_raw|GL=country,2026-06-19,geo_rep_2026-06-19_run063
country,X-MAD,Madagascar,3,pw_raw,portfolio_female_share_pct,50.5,,,2,21218,n/a (tier 3 applies no gate),"tier 3 is portfolio exposure, a different quantity from tier 1: never rank it against tier 1",omit_from_ranking,not_applicable,not_applicable,,,,not_applicable,,,,CS=pooled50|GC=post_filter_trials|RM=drop|RI=none|TS=narrow|UG=on|EL=unrestricted|BS=both|ES=pw_raw|GL=country,2026-06-19,geo_rep_2026-06-19_run063
country,ISR,Israel,3,pw_raw,portfolio_female_share_pct,43.56,,,520,19463,n/a (tier 3 applies no gate),"tier 3 is portfolio exposure, a different quantity from tier 1: never rank it against tier 1",omit_from_ranking,not_applicable,not_applicable,,,,not_applicable,,,,CS=pooled50|GC=post_filter_trials|RM=drop|RI=none|TS=narrow|UG=on|EL=unrestricted|BS=both|ES=pw_raw|GL=country,2026-06-19,geo_rep_2026-06-19_run063
country,ROU,Romania,3,pw_raw,portfolio_female_share_pct,45.74,,,402,18241,n/a (tier 3 applies no gate),"tier 3 is portfolio exposure, a different quantity from tier 1: never rank it against tier 1",omit_from_ranking,not_applicable,not_applicable,,,,not_applicable,,,,CS=pooled50|GC=post_filter_trials|RM=drop|RI=none|TS=narrow|UG=on|EL=unrestricted|BS=both|ES=pw_raw|GL=country,2026-06-19,geo_rep_2026-06-19_run063
country,PHL,Philippines,3,pw_raw,portfolio_female_share_pct,50.1,,,95,17550,n/a (tier 3 applies no gate),"tier 3 is portfolio exposure, a different quantity from tier 1: never rank it against tier 1",omit_from_ranking,not_applicable,not_applicable,,,,not_applicable,,,,CS=pooled50|GC=post_filter_trials|RM=drop|RI=none|TS=narrow|UG=on|EL=unrestricted|BS=both|ES=pw_raw|GL=country,2026-06-19,geo_rep_2026-06-19_run063
country,NZL,New Zealand,3,pw_raw,portfolio_female_share_pct,37.09,,,327,17094,n/a (tier 3 applies no gate),"tier 3 is portfolio exposure, a different quantity from tier 1: never rank it against tier 1",omit_from_ranking,not_applicable,not_applicable,,,,not_applicable,,,,CS=pooled50|GC=post_filter_trials|RM=drop|RI=none|TS=narrow|UG=on|EL=unrestricted|BS=both|ES=pw_raw|GL=country,2026-06-19,geo_rep_2026-06-19_run063
country,PAK,Pakistan,3,pw_raw,portfolio_female_share_pct,97.14,,,11,16832,n/a (tier 3 applies no gate),"tier 3 is portfolio exposure, a different quantity from tier 1: never rank it against tier 1",omit_from_ranking,not_applicable,not_applicable,,,,not_applicable,,,,CS=pooled50|GC=post_filter_trials|RM=drop|RI=none|TS=narrow|UG=on|EL=unrestricted|BS=both|ES=pw_raw|GL=country,2026-06-19,geo_rep_2026-06-19_run063
country,DNK,Denmark,3,pw_raw,portfolio_female_share_pct,54.38,,,371,16799,n/a (tier 3 applies no gate),"tier 3 is portfolio exposure, a different quantity from tier 1: never rank it against tier 1",omit_from_ranking,not_applicable,not_applicable,,,,not_applicable,,,,CS=pooled50|GC=post_filter_trials|RM=drop|RI=none|TS=narrow|UG=on|EL=unrestricted|BS=both|ES=pw_raw|GL=country,2026-06-19,geo_rep_2026-06-19_run063
country,ZMB,Zambia,3,pw_raw,portfolio_female_share_pct,87.52,,,16,16745,n/a (tier 3 applies no gate),"tier 3 is portfolio exposure, a different quantity from tier 1: never rank it against tier 1",omit_from_ranking,not_applicable,not_applicable,,,,not_applicable,,,,CS=pooled50|GC=post_filter_trials|RM=drop|RI=none|TS=narrow|UG=on|EL=unrestricted|BS=both|ES=pw_raw|GL=country,2026-06-19,geo_rep_2026-06-19_run063
country,KOR,South Korea,3,pw_raw,portfolio_female_share_pct,42.5,,,355,16490,n/a (tier 3 applies no gate),"tier 3 is portfolio exposure, a different quantity from tier 1: never rank it against tier 1",omit_from_ranking,not_applicable,not_applicable,,,,not_applicable,,,,CS=pooled50|GC=post_filter_trials|RM=drop|RI=none|TS=narrow|UG=on|EL=unrestricted|BS=both|ES=pw_raw|GL=country,2026-06-19,geo_rep_2026-06-19_run063
country,THA,Thailand,3,pw_raw,portfolio_female_share_pct,44.87,,,181,16438,n/a (tier 3 applies no gate),"tier 3 is portfolio exposure, a different quantity from tier 1: never rank it against tier 1",omit_from_ranking,not_applicable,not_applicable,,,,not_applicable,,,,CS=pooled50|GC=post_filter_trials|RM=drop|RI=none|TS=narrow|UG=on|EL=unrestricted|BS=both|ES=pw_raw|GL=country,2026-06-19,geo_rep_2026-06-19_run063
country,X-CTE,Côte d’Ivoire,3,pw_raw,portfolio_female_share_pct,45.91,,,7,13820,n/a (tier 3 applies no gate),"tier 3 is portfolio exposure, a different quantity from tier 1: never rank it against tier 1",omit_from_ranking,not_applicable,not_applicable,,,,not_applicable,,,,CS=pooled50|GC=post_filter_trials|RM=drop|RI=none|TS=narrow|UG=on|EL=unrestricted|BS=both|ES=pw_raw|GL=country,2026-06-19,geo_rep_2026-06-19_run063
country,PAN,Panama,3,pw_raw,portfolio_female_share_pct,49.51,,,21,13532,n/a (tier 3 applies no gate),"tier 3 is portfolio exposure, a different quantity from tier 1: never rank it against tier 1",omit_from_ranking,not_applicable,not_applicable,,,,not_applicable,,,,CS=pooled50|GC=post_filter_trials|RM=drop|RI=none|TS=narrow|UG=on|EL=unrestricted|BS=both|ES=pw_raw|GL=country,2026-06-19,geo_rep_2026-06-19_run063
country,CZE,Czechia,3,pw_raw,portfolio_female_share_pct,48.65,,,360,12866,n/a (tier 3 applies no gate),"tier 3 is portfolio exposure, a different quantity from tier 1: never rank it against tier 1",omit_from_ranking,not_applicable,not_applicable,,,,not_applicable,,,,CS=pooled50|GC=post_filter_trials|RM=drop|RI=none|TS=narrow|UG=on|EL=unrestricted|BS=both|ES=pw_raw|GL=country,2026-06-19,geo_rep_2026-06-19_run063
country,TWN,Taiwan,3,pw_raw,portfolio_female_share_pct,44.11,,,389,12138,n/a (tier 3 applies no gate),"tier 3 is portfolio exposure, a different quantity from tier 1: never rank it against tier 1",omit_from_ranking,not_applicable,not_applicable,,,,not_applicable,,,,CS=pooled50|GC=post_filter_trials|RM=drop|RI=none|TS=narrow|UG=on|EL=unrestricted|BS=both|ES=pw_raw|GL=country,2026-06-19,geo_rep_2026-06-19_run063
country,AUT,Austria,3,pw_raw,portfolio_female_share_pct,45.06,,,531,11834,n/a (tier 3 applies no gate),"tier 3 is portfolio exposure, a different quantity from tier 1: never rank it against tier 1",omit_from_ranking,not_applicable,not_applicable,,,,not_applicable,,,,CS=pooled50|GC=post_filter_trials|RM=drop|RI=none|TS=narrow|UG=on|EL=unrestricted|BS=both|ES=pw_raw|GL=country,2026-06-19,geo_rep_2026-06-19_run063
country,SWE,Sweden,3,pw_raw,portfolio_female_share_pct,46.44,,,411,11239,n/a (tier 3 applies no gate),"tier 3 is portfolio exposure, a different quantity from tier 1: never rank it against tier 1",omit_from_ranking,not_applicable,not_applicable,,,,not_applicable,,,,CS=pooled50|GC=post_filter_trials|RM=drop|RI=none|TS=narrow|UG=on|EL=unrestricted|BS=both|ES=pw_raw|GL=country,2026-06-19,geo_rep_2026-06-19_run063
country,GTM,Guatemala,3,pw_raw,portfolio_female_share_pct,94.94,,,23,10933,n/a (tier 3 applies no gate),"tier 3 is portfolio exposure, a different quantity from tier 1: never rank it against tier 1",omit_from_ranking,not_applicable,not_applicable,,,,not_applicable,,,,CS=pooled50|GC=post_filter_trials|RM=drop|RI=none|TS=narrow|UG=on|EL=unrestricted|BS=both|ES=pw_raw|GL=country,2026-06-19,geo_rep_2026-06-19_run063
country,BFA,Burkina Faso,3,pw_raw,portfolio_female_share_pct,48.12,,,11,9498,n/a (tier 3 applies no gate),"tier 3 is portfolio exposure, a different quantity from tier 1: never rank it against tier 1",omit_from_ranking,not_applicable,not_applicable,,,,not_applicable,,,,CS=pooled50|GC=post_filter_trials|RM=drop|RI=none|TS=narrow|UG=on|EL=unrestricted|BS=both|ES=pw_raw|GL=country,2026-06-19,geo_rep_2026-06-19_run063
country,PER,Peru,3,pw_raw,portfolio_female_share_pct,41.09,,,95,8516,n/a (tier 3 applies no gate),"tier 3 is portfolio exposure, a different quantity from tier 1: never rank it against tier 1",omit_from_ranking,not_applicable,not_applicable,,,,not_applicable,,,,CS=pooled50|GC=post_filter_trials|RM=drop|RI=none|TS=narrow|UG=on|EL=unrestricted|BS=both|ES=pw_raw|GL=country,2026-06-19,geo_rep_2026-06-19_run063
country,SVK,Slovakia,3,pw_raw,portfolio_female_share_pct,42.98,,,222,8389,n/a (tier 3 applies no gate),"tier 3 is portfolio exposure, a different quantity from tier 1: never rank it against tier 1",omit_from_ranking,not_applicable,not_applicable,,,,not_applicable,,,,CS=pooled50|GC=post_filter_trials|RM=drop|RI=none|TS=narrow|UG=on|EL=unrestricted|BS=both|ES=pw_raw|GL=country,2026-06-19,geo_rep_2026-06-19_run063
country,GEO,Georgia,3,pw_raw,portfolio_female_share_pct,53.3,,,93,8120,n/a (tier 3 applies no gate),"tier 3 is portfolio exposure, a different quantity from tier 1: never rank it against tier 1",omit_from_ranking,not_applicable,not_applicable,,,,not_applicable,,,,CS=pooled50|GC=post_filter_trials|RM=drop|RI=none|TS=narrow|UG=on|EL=unrestricted|BS=both|ES=pw_raw|GL=country,2026-06-19,geo_rep_2026-06-19_run063
country,EST,Estonia,3,pw_raw,portfolio_female_share_pct,54.2,,,121,7756,n/a (tier 3 applies no gate),"tier 3 is portfolio exposure, a different quantity from tier 1: never rank it against tier 1",omit_from_ranking,not_applicable,not_applicable,,,,not_applicable,,,,CS=pooled50|GC=post_filter_trials|RM=drop|RI=none|TS=narrow|UG=on|EL=unrestricted|BS=both|ES=pw_raw|GL=country,2026-06-19,geo_rep_2026-06-19_run063
country,SRB,Serbia,3,pw_raw,portfolio_female_share_pct,49.87,,,197,7366,n/a (tier 3 applies no gate),"tier 3 is portfolio exposure, a different quantity from tier 1: never rank it against tier 1",omit_from_ranking,not_applicable,not_applicable,,,,not_applicable,,,,CS=pooled50|GC=post_filter_trials|RM=drop|RI=none|TS=narrow|UG=on|EL=unrestricted|BS=both|ES=pw_raw|GL=country,2026-06-19,geo_rep_2026-06-19_run063
country,MLI,Mali,3,pw_raw,portfolio_female_share_pct,49.34,,,7,7241,n/a (tier 3 applies no gate),"tier 3 is portfolio exposure, a different quantity from tier 1: never rank it against tier 1",omit_from_ranking,not_applicable,not_applicable,,,,not_applicable,,,,CS=pooled50|GC=post_filter_trials|RM=drop|RI=none|TS=narrow|UG=on|EL=unrestricted|BS=both|ES=pw_raw|GL=country,2026-06-19,geo_rep_2026-06-19_run063
country,ZWE,Zimbabwe,3,pw_raw,portfolio_female_share_pct,83.76,,,51,6973,n/a (tier 3 applies no gate),"tier 3 is portfolio exposure, a different quantity from tier 1: never rank it against tier 1",omit_from_ranking,not_applicable,not_applicable,,,,not_applicable,,,,CS=pooled50|GC=post_filter_trials|RM=drop|RI=none|TS=narrow|UG=on|EL=unrestricted|BS=both|ES=pw_raw|GL=country,2026-06-19,geo_rep_2026-06-19_run063
country,GRC,Greece,3,pw_raw,portfolio_female_share_pct,44.89,,,233,6650,n/a (tier 3 applies no gate),"tier 3 is portfolio exposure, a different quantity from tier 1: never rank it against tier 1",omit_from_ranking,not_applicable,not_applicable,,,,not_applicable,,,,CS=pooled50|GC=post_filter_trials|RM=drop|RI=none|TS=narrow|UG=on|EL=unrestricted|BS=both|ES=pw_raw|GL=country,2026-06-19,geo_rep_2026-06-19_run063
country,FIN,Finland,3,pw_raw,portfolio_female_share_pct,47.17,,,184,6590,n/a (tier 3 applies no gate),"tier 3 is portfolio exposure, a different quantity from tier 1: never rank it against tier 1",omit_from_ranking,not_applicable,not_applicable,,,,not_applicable,,,,CS=pooled50|GC=post_filter_trials|RM=drop|RI=none|TS=narrow|UG=on|EL=unrestricted|BS=both|ES=pw_raw|GL=country,2026-06-19,geo_rep_2026-06-19_run063
country,PRI,Puerto Rico,3,pw_raw,portfolio_female_share_pct,45.46,,,221,6297,n/a (tier 3 applies no gate),"tier 3 is portfolio exposure, a different quantity from tier 1: never rank it against tier 1",omit_from_ranking,not_applicable,not_applicable,,,,not_applicable,,,,CS=pooled50|GC=post_filter_trials|RM=drop|RI=none|TS=narrow|UG=on|EL=unrestricted|BS=both|ES=pw_raw|GL=country,2026-06-19,geo_rep_2026-06-19_run063
country,MYS,Malaysia,3,pw_raw,portfolio_female_share_pct,45.65,,,157,6093,n/a (tier 3 applies no gate),"tier 3 is portfolio exposure, a different quantity from tier 1: never rank it against tier 1",omit_from_ranking,not_applicable,not_applicable,,,,not_applicable,,,,CS=pooled50|GC=post_filter_trials|RM=drop|RI=none|TS=narrow|UG=on|EL=unrestricted|BS=both|ES=pw_raw|GL=country,2026-06-19,geo_rep_2026-06-19_run063
country,LTU,Lithuania,3,pw_raw,portfolio_female_share_pct,51.92,,,139,5991,n/a (tier 3 applies no gate),"tier 3 is portfolio exposure, a different quantity from tier 1: never rank it against tier 1",omit_from_ranking,not_applicable,not_applicable,,,,not_applicable,,,,CS=pooled50|GC=post_filter_trials|RM=drop|RI=none|TS=narrow|UG=on|EL=unrestricted|BS=both|ES=pw_raw|GL=country,2026-06-19,geo_rep_2026-06-19_run063
country,CHE,Switzerland,3,pw_raw,portfolio_female_share_pct,43.87,,,299,5954,n/a (tier 3 applies no gate),"tier 3 is portfolio exposure, a different quantity from tier 1: never rank it against tier 1",omit_from_ranking,not_applicable,not_applicable,,,,not_applicable,,,,CS=pooled50|GC=post_filter_trials|RM=drop|RI=none|TS=narrow|UG=on|EL=unrestricted|BS=both|ES=pw_raw|GL=country,2026-06-19,geo_rep_2026-06-19_run063
country,CHL,Chile,3,pw_raw,portfolio_female_share_pct,48.09,,,140,5226,n/a (tier 3 applies no gate),"tier 3 is portfolio exposure, a different quantity from tier 1: never rank it against tier 1",omit_from_ranking,not_applicable,not_applicable,,,,not_applicable,,,,CS=pooled50|GC=post_filter_trials|RM=drop|RI=none|TS=narrow|UG=on|EL=unrestricted|BS=both|ES=pw_raw|GL=country,2026-06-19,geo_rep_2026-06-19_run063
country,HKG,Hong Kong,3,pw_raw,portfolio_female_share_pct,46.51,,,156,4012,n/a (tier 3 applies no gate),"tier 3 is portfolio exposure, a different quantity from tier 1: never rank it against tier 1",omit_from_ranking,not_applicable,not_applicable,,,,not_applicable,,,,CS=pooled50|GC=post_filter_trials|RM=drop|RI=none|TS=narrow|UG=on|EL=unrestricted|BS=both|ES=pw_raw|GL=country,2026-06-19,geo_rep_2026-06-19_run063
country,HRV,Croatia,3,pw_raw,portfolio_female_share_pct,42.05,,,130,3928,n/a (tier 3 applies no gate),"tier 3 is portfolio exposure, a different quantity from tier 1: never rank it against tier 1",omit_from_ranking,not_applicable,not_applicable,,,,not_applicable,,,,CS=pooled50|GC=post_filter_trials|RM=drop|RI=none|TS=narrow|UG=on|EL=unrestricted|BS=both|ES=pw_raw|GL=country,2026-06-19,geo_rep_2026-06-19_run063
country,X-HON,Honduras,3,pw_raw,portfolio_female_share_pct,51.25,,,9,3907,n/a (tier 3 applies no gate),"tier 3 is portfolio exposure, a different quantity from tier 1: never rank it against tier 1",omit_from_ranking,not_applicable,not_applicable,,,,not_applicable,,,,CS=pooled50|GC=post_filter_trials|RM=drop|RI=none|TS=narrow|UG=on|EL=unrestricted|BS=both|ES=pw_raw|GL=country,2026-06-19,geo_rep_2026-06-19_run063
country,PRT,Portugal,3,pw_raw,portfolio_female_share_pct,37.97,,,204,3755,n/a (tier 3 applies no gate),"tier 3 is portfolio exposure, a different quantity from tier 1: never rank it against tier 1",omit_from_ranking,not_applicable,not_applicable,,,,not_applicable,,,,CS=pooled50|GC=post_filter_trials|RM=drop|RI=none|TS=narrow|UG=on|EL=unrestricted|BS=both|ES=pw_raw|GL=country,2026-06-19,geo_rep_2026-06-19_run063
country,BWA,Botswana,3,pw_raw,portfolio_female_share_pct,67.97,,,24,3732,n/a (tier 3 applies no gate),"tier 3 is portfolio exposure, a different quantity from tier 1: never rank it against tier 1",omit_from_ranking,not_applicable,not_applicable,,,,not_applicable,,,,CS=pooled50|GC=post_filter_trials|RM=drop|RI=none|TS=narrow|UG=on|EL=unrestricted|BS=both|ES=pw_raw|GL=country,2026-06-19,geo_rep_2026-06-19_run063
country,NOR,Norway,3,pw_raw,portfolio_female_share_pct,45.53,,,137,3728,n/a (tier 3 applies no gate),"tier 3 is portfolio exposure, a different quantity from tier 1: never rank it against tier 1",omit_from_ranking,not_applicable,not_applicable,,,,not_applicable,,,,CS=pooled50|GC=post_filter_trials|RM=drop|RI=none|TS=narrow|UG=on|EL=unrestricted|BS=both|ES=pw_raw|GL=country,2026-06-19,geo_rep_2026-06-19_run063
country,LVA,Latvia,3,pw_raw,portfolio_female_share_pct,51.06,,,124,3560,n/a (tier 3 applies no gate),"tier 3 is portfolio exposure, a different quantity from tier 1: never rank it against tier 1",omit_from_ranking,not_applicable,not_applicable,,,,not_applicable,,,,CS=pooled50|GC=post_filter_trials|RM=drop|RI=none|TS=narrow|UG=on|EL=unrestricted|BS=both|ES=pw_raw|GL=country,2026-06-19,geo_rep_2026-06-19_run063
country,VNM,Vietnam,3,pw_raw,portfolio_female_share_pct,52.03,,,16,3081,n/a (tier 3 applies no gate),"tier 3 is portfolio exposure, a different quantity from tier 1: never rank it against tier 1",omit_from_ranking,not_applicable,not_applicable,,,,not_applicable,,,,CS=pooled50|GC=post_filter_trials|RM=drop|RI=none|TS=narrow|UG=on|EL=unrestricted|BS=both|ES=pw_raw|GL=country,2026-06-19,geo_rep_2026-06-19_run063
country,DOM,Dominican Republic,3,pw_raw,portfolio_female_share_pct,47.48,,,25,3041,n/a (tier 3 applies no gate),"tier 3 is portfolio exposure, a different quantity from tier 1: never rank it against tier 1",omit_from_ranking,not_applicable,not_applicable,,,,not_applicable,,,,CS=pooled50|GC=post_filter_trials|RM=drop|RI=none|TS=narrow|UG=on|EL=unrestricted|BS=both|ES=pw_raw|GL=country,2026-06-19,geo_rep_2026-06-19_run063
country,X-GUI,Guinea,3,pw_raw,portfolio_female_share_pct,46.38,,,6,2950,n/a (tier 3 applies no gate),"tier 3 is portfolio exposure, a different quantity from tier 1: never rank it against tier 1",omit_from_ranking,not_applicable,not_applicable,,,,not_applicable,,,,CS=pooled50|GC=post_filter_trials|RM=drop|RI=none|TS=narrow|UG=on|EL=unrestricted|BS=both|ES=pw_raw|GL=country,2026-06-19,geo_rep_2026-06-19_run063
country,LKA,Sri Lanka,3,pw_raw,portfolio_female_share_pct,50.09,,,11,2871,n/a (tier 3 applies no gate),"tier 3 is portfolio exposure, a different quantity from tier 1: never rank it against tier 1",omit_from_ranking,not_applicable,not_applicable,,,,not_applicable,,,,CS=pooled50|GC=post_filter_trials|RM=drop|RI=none|TS=narrow|UG=on|EL=unrestricted|BS=both|ES=pw_raw|GL=country,2026-06-19,geo_rep_2026-06-19_run063
country,SGP,Singapore,3,pw_raw,portfolio_female_share_pct,39.11,,,171,2738,n/a (tier 3 applies no gate),"tier 3 is portfolio exposure, a different quantity from tier 1: never rank it against tier 1",omit_from_ranking,not_applicable,not_applicable,,,,not_applicable,,,,CS=pooled50|GC=post_filter_trials|RM=drop|RI=none|TS=narrow|UG=on|EL=unrestricted|BS=both|ES=pw_raw|GL=country,2026-06-19,geo_rep_2026-06-19_run063
country,IDN,Indonesia,3,pw_raw,portfolio_female_share_pct,49.14,,,15,2244,n/a (tier 3 applies no gate),"tier 3 is portfolio exposure, a different quantity from tier 1: never rank it against tier 1",omit_from_ranking,not_applicable,not_applicable,,,,not_applicable,,,,CS=pooled50|GC=post_filter_trials|RM=drop|RI=none|TS=narrow|UG=on|EL=unrestricted|BS=both|ES=pw_raw|GL=country,2026-06-19,geo_rep_2026-06-19_run063
country,KAZ,Kazakhstan,3,pw_raw,portfolio_female_share_pct,60.08,,,15,1732,n/a (tier 3 applies no gate),"tier 3 is portfolio exposure, a different quantity from tier 1: never rank it against tier 1",omit_from_ranking,not_applicable,not_applicable,,,,not_applicable,,,,CS=pooled50|GC=post_filter_trials|RM=drop|RI=none|TS=narrow|UG=on|EL=unrestricted|BS=both|ES=pw_raw|GL=country,2026-06-19,geo_rep_2026-06-19_run063
country,EGY,Egypt,3,pw_raw,portfolio_female_share_pct,41.92,,,32,1603,n/a (tier 3 applies no gate),"tier 3 is portfolio exposure, a different quantity from tier 1: never rank it against tier 1",omit_from_ranking,not_applicable,not_applicable,,,,not_applicable,,,,CS=pooled50|GC=post_filter_trials|RM=drop|RI=none|TS=narrow|UG=on|EL=unrestricted|BS=both|ES=pw_raw|GL=country,2026-06-19,geo_rep_2026-06-19_run063
country,GHA,Ghana,3,pw_raw,portfolio_female_share_pct,51.26,,,9,1539,n/a (tier 3 applies no gate),"tier 3 is portfolio exposure, a different quantity from tier 1: never rank it against tier 1",omit_from_ranking,not_applicable,not_applicable,,,,not_applicable,,,,CS=pooled50|GC=post_filter_trials|RM=drop|RI=none|TS=narrow|UG=on|EL=unrestricted|BS=both|ES=pw_raw|GL=country,2026-06-19,geo_rep_2026-06-19_run063
country,BLR,Belarus,3,pw_raw,portfolio_female_share_pct,46.23,,,54,1449,n/a (tier 3 applies no gate),"tier 3 is portfolio exposure, a different quantity from tier 1: never rank it against tier 1",omit_from_ranking,not_applicable,not_applicable,,,,not_applicable,,,,CS=pooled50|GC=post_filter_trials|RM=drop|RI=none|TS=narrow|UG=on|EL=unrestricted|BS=both|ES=pw_raw|GL=country,2026-06-19,geo_rep_2026-06-19_run063
country,IRL,Ireland,3,pw_raw,portfolio_female_share_pct,48.81,,,116,1444,n/a (tier 3 applies no gate),"tier 3 is portfolio exposure, a different quantity from tier 1: never rank it against tier 1",omit_from_ranking,not_applicable,not_applicable,,,,not_applicable,,,,CS=pooled50|GC=post_filter_trials|RM=drop|RI=none|TS=narrow|UG=on|EL=unrestricted|BS=both|ES=pw_raw|GL=country,2026-06-19,geo_rep_2026-06-19_run063
country,X-HAI,Haiti,3,pw_raw,portfolio_female_share_pct,55.44,,,18,1173,n/a (tier 3 applies no gate),"tier 3 is portfolio exposure, a different quantity from tier 1: never rank it against tier 1",omit_from_ranking,not_applicable,not_applicable,,,,not_applicable,,,,CS=pooled50|GC=post_filter_trials|RM=drop|RI=none|TS=narrow|UG=on|EL=unrestricted|BS=both|ES=pw_raw|GL=country,2026-06-19,geo_rep_2026-06-19_run063
country,CRI,Costa Rica,3,pw_raw,portfolio_female_share_pct,46.57,,,8,1159,n/a (tier 3 applies no gate),"tier 3 is portfolio exposure, a different quantity from tier 1: never rank it against tier 1",omit_from_ranking,not_applicable,not_applicable,,,,not_applicable,,,,CS=pooled50|GC=post_filter_trials|RM=drop|RI=none|TS=narrow|UG=on|EL=unrestricted|BS=both|ES=pw_raw|GL=country,2026-06-19,geo_rep_2026-06-19_run063
country,X-LIB,Liberia,3,pw_raw,portfolio_female_share_pct,45.49,,,2,1138,n/a (tier 3 applies no gate),"tier 3 is portfolio exposure, a different quantity from tier 1: never rank it against tier 1",omit_from_ranking,not_applicable,not_applicable,,,,not_applicable,,,,CS=pooled50|GC=post_filter_trials|RM=drop|RI=none|TS=narrow|UG=on|EL=unrestricted|BS=both|ES=pw_raw|GL=country,2026-06-19,geo_rep_2026-06-19_run063
country,SAU,Saudi Arabia,3,pw_raw,portfolio_female_share_pct,30.73,,,34,1048,n/a (tier 3 applies no gate),"tier 3 is portfolio exposure, a different quantity from tier 1: never rank it against tier 1",omit_from_ranking,not_applicable,not_applicable,,,,not_applicable,,,,CS=pooled50|GC=post_filter_trials|RM=drop|RI=none|TS=narrow|UG=on|EL=unrestricted|BS=both|ES=pw_raw|GL=country,2026-06-19,geo_rep_2026-06-19_run063
country,X-REP,Republic of the Congo,3,pw_raw,portfolio_female_share_pct,52.57,,,1,1030,n/a (tier 3 applies no gate),"tier 3 is portfolio exposure, a different quantity from tier 1: never rank it against tier 1",omit_from_ranking,not_applicable,not_applicable,,,,not_applicable,,,,CS=pooled50|GC=post_filter_trials|RM=drop|RI=none|TS=narrow|UG=on|EL=unrestricted|BS=both|ES=pw_raw|GL=country,2026-06-19,geo_rep_2026-06-19_run063
country,SEN,Senegal,3,pw_raw,portfolio_female_share_pct,57.61,,,7,883,n/a (tier 3 applies no gate),"tier 3 is portfolio exposure, a different quantity from tier 1: never rank it against tier 1",omit_from_ranking,not_applicable,not_applicable,,,,not_applicable,,,,CS=pooled50|GC=post_filter_trials|RM=drop|RI=none|TS=narrow|UG=on|EL=unrestricted|BS=both|ES=pw_raw|GL=country,2026-06-19,geo_rep_2026-06-19_run063
country,X-SIE,Sierra Leone,3,pw_raw,portfolio_female_share_pct,46.17,,,3,817,n/a (tier 3 applies no gate),"tier 3 is portfolio exposure, a different quantity from tier 1: never rank it against tier 1",omit_from_ranking,not_applicable,not_applicable,,,,not_applicable,,,,CS=pooled50|GC=post_filter_trials|RM=drop|RI=none|TS=narrow|UG=on|EL=unrestricted|BS=both|ES=pw_raw|GL=country,2026-06-19,geo_rep_2026-06-19_run063
country,X-CAM,Cambodia,3,pw_raw,portfolio_female_share_pct,21.04,,,4,816,n/a (tier 3 applies no gate),"tier 3 is portfolio exposure, a different quantity from tier 1: never rank it against tier 1",omit_from_ranking,not_applicable,not_applicable,,,,not_applicable,,,,CS=pooled50|GC=post_filter_trials|RM=drop|RI=none|TS=narrow|UG=on|EL=unrestricted|BS=both|ES=pw_raw|GL=country,2026-06-19,geo_rep_2026-06-19_run063
country,X-JAM,Jamaica,3,pw_raw,portfolio_female_share_pct,97.19,,,6,814,n/a (tier 3 applies no gate),"tier 3 is portfolio exposure, a different quantity from tier 1: never rank it against tier 1",omit_from_ranking,not_applicable,not_applicable,,,,not_applicable,,,,CS=pooled50|GC=post_filter_trials|RM=drop|RI=none|TS=narrow|UG=on|EL=unrestricted|BS=both|ES=pw_raw|GL=country,2026-06-19,geo_rep_2026-06-19_run063
country,TUN,Tunisia,3,pw_raw,portfolio_female_share_pct,39.52,,,30,755,n/a (tier 3 applies no gate),"tier 3 is portfolio exposure, a different quantity from tier 1: never rank it against tier 1",omit_from_ranking,not_applicable,not_applicable,,,,not_applicable,,,,CS=pooled50|GC=post_filter_trials|RM=drop|RI=none|TS=narrow|UG=on|EL=unrestricted|BS=both|ES=pw_raw|GL=country,2026-06-19,geo_rep_2026-06-19_run063
country,X-NIC,Nicaragua,3,pw_raw,portfolio_female_share_pct,49.48,,,1,751,n/a (tier 3 applies no gate),"tier 3 is portfolio exposure, a different quantity from tier 1: never rank it against tier 1",omit_from_ranking,not_applicable,not_applicable,,,,not_applicable,,,,CS=pooled50|GC=post_filter_trials|RM=drop|RI=none|TS=narrow|UG=on|EL=unrestricted|BS=both|ES=pw_raw|GL=country,2026-06-19,geo_rep_2026-06-19_run063
country,ARM,Armenia,3,pw_raw,portfolio_female_share_pct,59.96,,,2,715,n/a (tier 3 applies no gate),"tier 3 is portfolio exposure, a different quantity from tier 1: never rank it against tier 1",omit_from_ranking,not_applicable,not_applicable,,,,not_applicable,,,,CS=pooled50|GC=post_filter_trials|RM=drop|RI=none|TS=narrow|UG=on|EL=unrestricted|BS=both|ES=pw_raw|GL=country,2026-06-19,geo_rep_2026-06-19_run063
country,X-MOL,Moldova,3,pw_raw,portfolio_female_share_pct,56.84,,,25,678,n/a (tier 3 applies no gate),"tier 3 is portfolio exposure, a different quantity from tier 1: never rank it against tier 1",omit_from_ranking,not_applicable,not_applicable,,,,not_applicable,,,,CS=pooled50|GC=post_filter_trials|RM=drop|RI=none|TS=narrow|UG=on|EL=unrestricted|BS=both|ES=pw_raw|GL=country,2026-06-19,geo_rep_2026-06-19_run063
country,ETH,Ethiopia,3,pw_raw,portfolio_female_share_pct,51.3,,,3,629,n/a (tier 3 applies no gate),"tier 3 is portfolio exposure, a different quantity from tier 1: never rank it against tier 1",omit_from_ranking,not_applicable,not_applicable,,,,not_applicable,,,,CS=pooled50|GC=post_filter_trials|RM=drop|RI=none|TS=narrow|UG=on|EL=unrestricted|BS=both|ES=pw_raw|GL=country,2026-06-19,geo_rep_2026-06-19_run063
country,SVN,Slovenia,3,pw_raw,portfolio_female_share_pct,41.01,,,45,605,n/a (tier 3 applies no gate),"tier 3 is portfolio exposure, a different quantity from tier 1: never rank it against tier 1",omit_from_ranking,not_applicable,not_applicable,,,,not_applicable,,,,CS=pooled50|GC=post_filter_trials|RM=drop|RI=none|TS=narrow|UG=on|EL=unrestricted|BS=both|ES=pw_raw|GL=country,2026-06-19,geo_rep_2026-06-19_run063
country,NPL,Nepal,3,pw_raw,portfolio_female_share_pct,41.17,,,4,580,n/a (tier 3 applies no gate),"tier 3 is portfolio exposure, a different quantity from tier 1: never rank it against tier 1",omit_from_ranking,not_applicable,not_applicable,,,,not_applicable,,,,CS=pooled50|GC=post_filter_trials|RM=drop|RI=none|TS=narrow|UG=on|EL=unrestricted|BS=both|ES=pw_raw|GL=country,2026-06-19,geo_rep_2026-06-19_run063
country,MOZ,Mozambique,3,pw_raw,portfolio_female_share_pct,55.41,,,7,561,n/a (tier 3 applies no gate),"tier 3 is portfolio exposure, a different quantity from tier 1: never rank it against tier 1",omit_from_ranking,not_applicable,not_applicable,,,,not_applicable,,,,CS=pooled50|GC=post_filter_trials|RM=drop|RI=none|TS=narrow|UG=on|EL=unrestricted|BS=both|ES=pw_raw|GL=country,2026-06-19,geo_rep_2026-06-19_run063
country,X-ELS,El Salvador,3,pw_raw,portfolio_female_share_pct,85.45,,,5,541,n/a (tier 3 applies no gate),"tier 3 is portfolio exposure, a different quantity from tier 1: never rank it against tier 1",omit_from_ranking,not_applicable,not_applicable,,,,not_applicable,,,,CS=pooled50|GC=post_filter_trials|RM=drop|RI=none|TS=narrow|UG=on|EL=unrestricted|BS=both|ES=pw_raw|GL=country,2026-06-19,geo_rep_2026-06-19_run063
country,LBN,Lebanon,3,pw_raw,portfolio_female_share_pct,53.74,,,21,516,n/a (tier 3 applies no gate),"tier 3 is portfolio exposure, a different quantity from tier 1: never rank it against tier 1",omit_from_ranking,not_applicable,not_applicable,,,,not_applicable,,,,CS=pooled50|GC=post_filter_trials|RM=drop|RI=none|TS=narrow|UG=on|EL=unrestricted|BS=both|ES=pw_raw|GL=country,2026-06-19,geo_rep_2026-06-19_run063
country,X-UZB,Uzbekistan,3,pw_raw,portfolio_female_share_pct,78.68,,,5,442,n/a (tier 3 applies no gate),"tier 3 is portfolio exposure, a different quantity from tier 1: never rank it against tier 1",omit_from_ranking,not_applicable,not_applicable,,,,not_applicable,,,,CS=pooled50|GC=post_filter_trials|RM=drop|RI=none|TS=narrow|UG=on|EL=unrestricted|BS=both|ES=pw_raw|GL=country,2026-06-19,geo_rep_2026-06-19_run063
country,X-BOS,Bosnia and Herzegovina,3,pw_raw,portfolio_female_share_pct,56.96,,,16,414,n/a (tier 3 applies no gate),"tier 3 is portfolio exposure, a different quantity from tier 1: never rank it against tier 1",omit_from_ranking,not_applicable,not_applicable,,,,not_applicable,,,,CS=pooled50|GC=post_filter_trials|RM=drop|RI=none|TS=narrow|UG=on|EL=unrestricted|BS=both|ES=pw_raw|GL=country,2026-06-19,geo_rep_2026-06-19_run063
country,X-GUA,Guadeloupe,3,pw_raw,portfolio_female_share_pct,60.36,,,3,352,n/a (tier 3 applies no gate),"tier 3 is portfolio exposure, a different quantity from tier 1: never rank it against tier 1",omit_from_ranking,not_applicable,not_applicable,,,,not_applicable,,,,CS=pooled50|GC=post_filter_trials|RM=drop|RI=none|TS=narrow|UG=on|EL=unrestricted|BS=both|ES=pw_raw|GL=country,2026-06-19,geo_rep_2026-06-19_run063
country,X-GAB,Gabon,3,pw_raw,portfolio_female_share_pct,49.94,,,3,323,n/a (tier 3 applies no gate),"tier 3 is portfolio exposure, a different quantity from tier 1: never rank it against tier 1",omit_from_ranking,not_applicable,not_applicable,,,,not_applicable,,,,CS=pooled50|GC=post_filter_trials|RM=drop|RI=none|TS=narrow|UG=on|EL=unrestricted|BS=both|ES=pw_raw|GL=country,2026-06-19,geo_rep_2026-06-19_run063
country,CMR,Cameroon,3,pw_raw,portfolio_female_share_pct,50.39,,,4,321,n/a (tier 3 applies no gate),"tier 3 is portfolio exposure, a different quantity from tier 1: never rank it against tier 1",omit_from_ranking,not_applicable,not_applicable,,,,not_applicable,,,,CS=pooled50|GC=post_filter_trials|RM=drop|RI=none|TS=narrow|UG=on|EL=unrestricted|BS=both|ES=pw_raw|GL=country,2026-06-19,geo_rep_2026-06-19_run063
country,ISL,Iceland,3,pw_raw,portfolio_female_share_pct,39.21,,,15,319,n/a (tier 3 applies no gate),"tier 3 is portfolio exposure, a different quantity from tier 1: never rank it against tier 1",omit_from_ranking,not_applicable,not_applicable,,,,not_applicable,,,,CS=pooled50|GC=post_filter_trials|RM=drop|RI=none|TS=narrow|UG=on|EL=unrestricted|BS=both|ES=pw_raw|GL=country,2026-06-19,geo_rep_2026-06-19_run063
country,ARE,United Arab Emirates,3,pw_raw,portfolio_female_share_pct,75.46,,,11,307,n/a (tier 3 applies no gate),"tier 3 is portfolio exposure, a different quantity from tier 1: never rank it against tier 1",omit_from_ranking,not_applicable,not_applicable,,,,not_applicable,,,,CS=pooled50|GC=post_filter_trials|RM=drop|RI=none|TS=narrow|UG=on|EL=unrestricted|BS=both|ES=pw_raw|GL=country,2026-06-19,geo_rep_2026-06-19_run063
country,VEN,Venezuela,3,pw_raw,portfolio_female_share_pct,43.79,,,6,217,n/a (tier 3 applies no gate),"tier 3 is portfolio exposure, a different quantity from tier 1: never rank it against tier 1",omit_from_ranking,not_applicable,not_applicable,,,,not_applicable,,,,CS=pooled50|GC=post_filter_trials|RM=drop|RI=none|TS=narrow|UG=on|EL=unrestricted|BS=both|ES=pw_raw|GL=country,2026-06-19,geo_rep_2026-06-19_run063
country,JOR,Jordan,3,pw_raw,portfolio_female_share_pct,42.64,,,9,214,n/a (tier 3 applies no gate),"tier 3 is portfolio exposure, a different quantity from tier 1: never rank it against tier 1",omit_from_ranking,not_applicable,not_applicable,,,,not_applicable,,,,CS=pooled50|GC=post_filter_trials|RM=drop|RI=none|TS=narrow|UG=on|EL=unrestricted|BS=both|ES=pw_raw|GL=country,2026-06-19,geo_rep_2026-06-19_run063
country,X-ESW,Eswatini,3,pw_raw,portfolio_female_share_pct,72.22,,,1,209,n/a (tier 3 applies no gate),"tier 3 is portfolio exposure, a different quantity from tier 1: never rank it against tier 1",omit_from_ranking,not_applicable,not_applicable,,,,not_applicable,,,,CS=pooled50|GC=post_filter_trials|RM=drop|RI=none|TS=narrow|UG=on|EL=unrestricted|BS=both|ES=pw_raw|GL=country,2026-06-19,geo_rep_2026-06-19_run063
country,RWA,Rwanda,3,pw_raw,portfolio_female_share_pct,52.01,,,5,206,n/a (tier 3 applies no gate),"tier 3 is portfolio exposure, a different quantity from tier 1: never rank it against tier 1",omit_from_ranking,not_applicable,not_applicable,,,,not_applicable,,,,CS=pooled50|GC=post_filter_trials|RM=drop|RI=none|TS=narrow|UG=on|EL=unrestricted|BS=both|ES=pw_raw|GL=country,2026-06-19,geo_rep_2026-06-19_run063
country,X-ANG,Angola,3,pw_raw,portfolio_female_share_pct,48.84,,,1,202,n/a (tier 3 applies no gate),"tier 3 is portfolio exposure, a different quantity from tier 1: never rank it against tier 1",omit_from_ranking,not_applicable,not_applicable,,,,not_applicable,,,,CS=pooled50|GC=post_filter_trials|RM=drop|RI=none|TS=narrow|UG=on|EL=unrestricted|BS=both|ES=pw_raw|GL=country,2026-06-19,geo_rep_2026-06-19_run063
country,X-PAP,Papua New Guinea,3,pw_raw,portfolio_female_share_pct,29.33,,,1,183,n/a (tier 3 applies no gate),"tier 3 is portfolio exposure, a different quantity from tier 1: never rank it against tier 1",omit_from_ranking,not_applicable,not_applicable,,,,not_applicable,,,,CS=pooled50|GC=post_filter_trials|RM=drop|RI=none|TS=narrow|UG=on|EL=unrestricted|BS=both|ES=pw_raw|GL=country,2026-06-19,geo_rep_2026-06-19_run063
country,X-LES,Lesotho,3,pw_raw,portfolio_female_share_pct,50.21,,,1,167,n/a (tier 3 applies no gate),"tier 3 is portfolio exposure, a different quantity from tier 1: never rank it against tier 1",omit_from_ranking,not_applicable,not_applicable,,,,not_applicable,,,,CS=pooled50|GC=post_filter_trials|RM=drop|RI=none|TS=narrow|UG=on|EL=unrestricted|BS=both|ES=pw_raw|GL=country,2026-06-19,geo_rep_2026-06-19_run063
country,X-NOR,North Macedonia,3,pw_raw,portfolio_female_share_pct,56.71,,,10,158,n/a (tier 3 applies no gate),"tier 3 is portfolio exposure, a different quantity from tier 1: never rank it against tier 1",omit_from_ranking,not_applicable,not_applicable,,,,not_applicable,,,,CS=pooled50|GC=post_filter_trials|RM=drop|RI=none|TS=narrow|UG=on|EL=unrestricted|BS=both|ES=pw_raw|GL=country,2026-06-19,geo_rep_2026-06-19_run063
country,URY,Uruguay,3,pw_raw,portfolio_female_share_pct,66.77,,,4,142,n/a (tier 3 applies no gate),"tier 3 is portfolio exposure, a different quantity from tier 1: never rank it against tier 1",omit_from_ranking,not_applicable,not_applicable,,,,not_applicable,,,,CS=pooled50|GC=post_filter_trials|RM=drop|RI=none|TS=narrow|UG=on|EL=unrestricted|BS=both|ES=pw_raw|GL=country,2026-06-19,geo_rep_2026-06-19_run063
country,X-MON,Mongolia,3,pw_raw,portfolio_female_share_pct,40.14,,,1,130,n/a (tier 3 applies no gate),"tier 3 is portfolio exposure, a different quantity from tier 1: never rank it against tier 1",omit_from_ranking,not_applicable,not_applicable,,,,not_applicable,,,,CS=pooled50|GC=post_filter_trials|RM=drop|RI=none|TS=narrow|UG=on|EL=unrestricted|BS=both|ES=pw_raw|GL=country,2026-06-19,geo_rep_2026-06-19_run063
country,MAR,Morocco,3,pw_raw,portfolio_female_share_pct,33.04,,,10,127,n/a (tier 3 applies no gate),"tier 3 is portfolio exposure, a different quantity from tier 1: never rank it against tier 1",omit_from_ranking,not_applicable,not_applicable,,,,not_applicable,,,,CS=pooled50|GC=post_filter_trials|RM=drop|RI=none|TS=narrow|UG=on|EL=unrestricted|BS=both|ES=pw_raw|GL=country,2026-06-19,geo_rep_2026-06-19_run063
country,ECU,Ecuador,3,pw_raw,portfolio_female_share_pct,68.09,,,8,104,n/a (tier 3 applies no gate),"tier 3 is portfolio exposure, a different quantity from tier 1: never rank it against tier 1",omit_from_ranking,not_applicable,not_applicable,,,,not_applicable,,,,CS=pooled50|GC=post_filter_trials|RM=drop|RI=none|TS=narrow|UG=on|EL=unrestricted|BS=both|ES=pw_raw|GL=country,2026-06-19,geo_rep_2026-06-19_run063
country,X-MAU,Mauritius,3,pw_raw,portfolio_female_share_pct,74.5,,,4,80,n/a (tier 3 applies no gate),"tier 3 is portfolio exposure, a different quantity from tier 1: never rank it against tier 1",omit_from_ranking,not_applicable,not_applicable,,,,not_applicable,,,,CS=pooled50|GC=post_filter_trials|RM=drop|RI=none|TS=narrow|UG=on|EL=unrestricted|BS=both|ES=pw_raw|GL=country,2026-06-19,geo_rep_2026-06-19_run063
country,X-ALB,Albania,3,pw_raw,portfolio_female_share_pct,43.91,,,2,67,n/a (tier 3 applies no gate),"tier 3 is portfolio exposure, a different quantity from tier 1: never rank it against tier 1",omit_from_ranking,not_applicable,not_applicable,,,,not_applicable,,,,CS=pooled50|GC=post_filter_trials|RM=drop|RI=none|TS=narrow|UG=on|EL=unrestricted|BS=both|ES=pw_raw|GL=country,2026-06-19,geo_rep_2026-06-19_run063
country,LUX,Luxembourg,3,pw_raw,portfolio_female_share_pct,54.89,,,7,64,n/a (tier 3 applies no gate),"tier 3 is portfolio exposure, a different quantity from tier 1: never rank it against tier 1",omit_from_ranking,not_applicable,not_applicable,,,,not_applicable,,,,CS=pooled50|GC=post_filter_trials|RM=drop|RI=none|TS=narrow|UG=on|EL=unrestricted|BS=both|ES=pw_raw|GL=country,2026-06-19,geo_rep_2026-06-19_run063
country,X-BEL,Belize,3,pw_raw,portfolio_female_share_pct,28.27,,,1,55,n/a (tier 3 applies no gate),"tier 3 is portfolio exposure, a different quantity from tier 1: never rank it against tier 1",omit_from_ranking,not_applicable,not_applicable,,,,not_applicable,,,,CS=pooled50|GC=post_filter_trials|RM=drop|RI=none|TS=narrow|UG=on|EL=unrestricted|BS=both|ES=pw_raw|GL=country,2026-06-19,geo_rep_2026-06-19_run063
country,MLT,Malta,3,pw_raw,portfolio_female_share_pct,41.06,,,5,44,n/a (tier 3 applies no gate),"tier 3 is portfolio exposure, a different quantity from tier 1: never rank it against tier 1",omit_from_ranking,not_applicable,not_applicable,,,,not_applicable,,,,CS=pooled50|GC=post_filter_trials|RM=drop|RI=none|TS=narrow|UG=on|EL=unrestricted|BS=both|ES=pw_raw|GL=country,2026-06-19,geo_rep_2026-06-19_run063
country,X-JER,Jersey,3,pw_raw,portfolio_female_share_pct,36.27,,,1,39,n/a (tier 3 applies no gate),"tier 3 is portfolio exposure, a different quantity from tier 1: never rank it against tier 1",omit_from_ranking,not_applicable,not_applicable,,,,not_applicable,,,,CS=pooled50|GC=post_filter_trials|RM=drop|RI=none|TS=narrow|UG=on|EL=unrestricted|BS=both|ES=pw_raw|GL=country,2026-06-19,geo_rep_2026-06-19_run063
country,OMN,Oman,3,pw_raw,portfolio_female_share_pct,56.58,,,4,36,n/a (tier 3 applies no gate),"tier 3 is portfolio exposure, a different quantity from tier 1: never rank it against tier 1",omit_from_ranking,not_applicable,not_applicable,,,,not_applicable,,,,CS=pooled50|GC=post_filter_trials|RM=drop|RI=none|TS=narrow|UG=on|EL=unrestricted|BS=both|ES=pw_raw|GL=country,2026-06-19,geo_rep_2026-06-19_run063
country,IRN,Iran,3,pw_raw,portfolio_female_share_pct,0,,,1,32,n/a (tier 3 applies no gate),"tier 3 is portfolio exposure, a different quantity from tier 1: never rank it against tier 1",omit_from_ranking,not_applicable,not_applicable,,,,not_applicable,,,,CS=pooled50|GC=post_filter_trials|RM=drop|RI=none|TS=narrow|UG=on|EL=unrestricted|BS=both|ES=pw_raw|GL=country,2026-06-19,geo_rep_2026-06-19_run063
country,X-MAR,Martinique,3,pw_raw,portfolio_female_share_pct,50.36,,,2,31,n/a (tier 3 applies no gate),"tier 3 is portfolio exposure, a different quantity from tier 1: never rank it against tier 1",omit_from_ranking,not_applicable,not_applicable,,,,not_applicable,,,,CS=pooled50|GC=post_filter_trials|RM=drop|RI=none|TS=narrow|UG=on|EL=unrestricted|BS=both|ES=pw_raw|GL=country,2026-06-19,geo_rep_2026-06-19_run063
country,PRY,Paraguay,3,pw_raw,portfolio_female_share_pct,44.73,,,6,31,n/a (tier 3 applies no gate),"tier 3 is portfolio exposure, a different quantity from tier 1: never rank it against tier 1",omit_from_ranking,not_applicable,not_applicable,,,,not_applicable,,,,CS=pooled50|GC=post_filter_trials|RM=drop|RI=none|TS=narrow|UG=on|EL=unrestricted|BS=both|ES=pw_raw|GL=country,2026-06-19,geo_rep_2026-06-19_run063
country,X-BRU,Brunei,3,pw_raw,portfolio_female_share_pct,17.64,,,1,30,n/a (tier 3 applies no gate),"tier 3 is portfolio exposure, a different quantity from tier 1: never rank it against tier 1",omit_from_ranking,not_applicable,not_applicable,,,,not_applicable,,,,CS=pooled50|GC=post_filter_trials|RM=drop|RI=none|TS=narrow|UG=on|EL=unrestricted|BS=both|ES=pw_raw|GL=country,2026-06-19,geo_rep_2026-06-19_run063
country,CYP,Cyprus,3,pw_raw,portfolio_female_share_pct,64.31,,,3,21,n/a (tier 3 applies no gate),"tier 3 is portfolio exposure, a different quantity from tier 1: never rank it against tier 1",omit_from_ranking,not_applicable,not_applicable,,,,not_applicable,,,,CS=pooled50|GC=post_filter_trials|RM=drop|RI=none|TS=narrow|UG=on|EL=unrestricted|BS=both|ES=pw_raw|GL=country,2026-06-19,geo_rep_2026-06-19_run063
country,QAT,Qatar,3,pw_raw,portfolio_female_share_pct,33.15,,,3,15,n/a (tier 3 applies no gate),"tier 3 is portfolio exposure, a different quantity from tier 1: never rank it against tier 1",omit_from_ranking,not_applicable,not_applicable,,,,not_applicable,,,,CS=pooled50|GC=post_filter_trials|RM=drop|RI=none|TS=narrow|UG=on|EL=unrestricted|BS=both|ES=pw_raw|GL=country,2026-06-19,geo_rep_2026-06-19_run063
country,KWT,Kuwait,3,pw_raw,portfolio_female_share_pct,43.28,,,5,12,n/a (tier 3 applies no gate),"tier 3 is portfolio exposure, a different quantity from tier 1: never rank it against tier 1",omit_from_ranking,not_applicable,not_applicable,,,,not_applicable,,,,CS=pooled50|GC=post_filter_trials|RM=drop|RI=none|TS=narrow|UG=on|EL=unrestricted|BS=both|ES=pw_raw|GL=country,2026-06-19,geo_rep_2026-06-19_run063
country,X-MON,Montenegro,3,pw_raw,portfolio_female_share_pct,32.62,,,1,8,n/a (tier 3 applies no gate),"tier 3 is portfolio exposure, a different quantity from tier 1: never rank it against tier 1",omit_from_ranking,not_applicable,not_applicable,,,,not_applicable,,,,CS=pooled50|GC=post_filter_trials|RM=drop|RI=none|TS=narrow|UG=on|EL=unrestricted|BS=both|ES=pw_raw|GL=country,2026-06-19,geo_rep_2026-06-19_run063
country,X-MON,Monaco,3,pw_raw,portfolio_female_share_pct,37.65,,,2,7,n/a (tier 3 applies no gate),"tier 3 is portfolio exposure, a different quantity from tier 1: never rank it against tier 1",omit_from_ranking,not_applicable,not_applicable,,,,not_applicable,,,,CS=pooled50|GC=post_filter_trials|RM=drop|RI=none|TS=narrow|UG=on|EL=unrestricted|BS=both|ES=pw_raw|GL=country,2026-06-19,geo_rep_2026-06-19_run063
country,X-NET,Netherlands Antilles,3,pw_raw,portfolio_female_share_pct,24.43,,,1,4,n/a (tier 3 applies no gate),"tier 3 is portfolio exposure, a different quantity from tier 1: never rank it against tier 1",omit_from_ranking,not_applicable,not_applicable,,,,not_applicable,,,,CS=pooled50|GC=post_filter_trials|RM=drop|RI=none|TS=narrow|UG=on|EL=unrestricted|BS=both|ES=pw_raw|GL=country,2026-06-19,geo_rep_2026-06-19_run063
country,X-BER,Bermuda,3,pw_raw,portfolio_female_share_pct,47,,,1,1,n/a (tier 3 applies no gate),"tier 3 is portfolio exposure, a different quantity from tier 1: never rank it against tier 1",omit_from_ranking,not_applicable,not_applicable,,,,not_applicable,,,,CS=pooled50|GC=post_filter_trials|RM=drop|RI=none|TS=narrow|UG=on|EL=unrestricted|BS=both|ES=pw_raw|GL=country,2026-06-19,geo_rep_2026-06-19_run063
country,X-FRE,French Polynesia,3,pw_raw,portfolio_female_share_pct,47,,,1,1,n/a (tier 3 applies no gate),"tier 3 is portfolio exposure, a different quantity from tier 1: never rank it against tier 1",omit_from_ranking,not_applicable,not_applicable,,,,not_applicable,,,,CS=pooled50|GC=post_filter_trials|RM=drop|RI=none|TS=narrow|UG=on|EL=unrestricted|BS=both|ES=pw_raw|GL=country,2026-06-19,geo_rep_2026-06-19_run063
country,X-GUA,Guam,3,pw_raw,portfolio_female_share_pct,57.62,,,1,1,n/a (tier 3 applies no gate),"tier 3 is portfolio exposure, a different quantity from tier 1: never rank it against tier 1",omit_from_ranking,not_applicable,not_applicable,,,,not_applicable,,,,CS=pooled50|GC=post_filter_trials|RM=drop|RI=none|TS=narrow|UG=on|EL=unrestricted|BS=both|ES=pw_raw|GL=country,2026-06-19,geo_rep_2026-06-19_run063
country,CZE,Czechia,1,not_applicable,no_value_gate_failed,,,,,,fail,fewer than 50 trials on the spine after the filter chain,omit_from_ranking,not_applicable,not_applicable,,,,not_applicable,,,,CS=pooled50|GC=post_filter_trials|RM=drop|RI=none|TS=narrow|UG=on|EL=unrestricted|BS=both|ES=pw_raw|GL=country,2026-06-19,geo_rep_2026-06-19_run063
country,TUR,Turkey (T<c3><bc>rkiye),1,not_applicable,no_value_gate_failed,,,,,,fail,fewer than 50 trials on the spine after the filter chain,omit_from_ranking,not_applicable,not_applicable,,,,not_applicable,,,,CS=pooled50|GC=post_filter_trials|RM=drop|RI=none|TS=narrow|UG=on|EL=unrestricted|BS=both|ES=pw_raw|GL=country,2026-06-19,geo_rep_2026-06-19_run063
country,MYS,Malaysia,1,not_applicable,no_value_gate_failed,,,,,,fail,fewer than 50 trials on the spine after the filter chain,omit_from_ranking,not_applicable,not_applicable,,,,not_applicable,,,,CS=pooled50|GC=post_filter_trials|RM=drop|RI=none|TS=narrow|UG=on|EL=unrestricted|BS=both|ES=pw_raw|GL=country,2026-06-19,geo_rep_2026-06-19_run063
country,KEN,Kenya,1,not_applicable,no_value_gate_failed,,,,,,fail,fewer than 50 trials on the spine after the filter chain,omit_from_ranking,not_applicable,not_applicable,,,,not_applicable,,,,CS=pooled50|GC=post_filter_trials|RM=drop|RI=none|TS=narrow|UG=on|EL=unrestricted|BS=both|ES=pw_raw|GL=country,2026-06-19,geo_rep_2026-06-19_run063
country,NZL,New Zealand,1,not_applicable,no_value_gate_failed,,,,,,fail,fewer than 50 trials on the spine after the filter chain,omit_from_ranking,not_applicable,not_applicable,,,,not_applicable,,,,CS=pooled50|GC=post_filter_trials|RM=drop|RI=none|TS=narrow|UG=on|EL=unrestricted|BS=both|ES=pw_raw|GL=country,2026-06-19,geo_rep_2026-06-19_run063
country,IRL,Ireland,1,not_applicable,no_value_gate_failed,,,,,,fail,fewer than 50 trials on the spine after the filter chain,omit_from_ranking,not_applicable,not_applicable,,,,not_applicable,,,,CS=pooled50|GC=post_filter_trials|RM=drop|RI=none|TS=narrow|UG=on|EL=unrestricted|BS=both|ES=pw_raw|GL=country,2026-06-19,geo_rep_2026-06-19_run063
country,PRT,Portugal,1,not_applicable,no_value_gate_failed,,,,,,fail,fewer than 50 trials on the spine after the filter chain,omit_from_ranking,not_applicable,not_applicable,,,,not_applicable,,,,CS=pooled50|GC=post_filter_trials|RM=drop|RI=none|TS=narrow|UG=on|EL=unrestricted|BS=both|ES=pw_raw|GL=country,2026-06-19,geo_rep_2026-06-19_run063
country,HUN,Hungary,1,not_applicable,no_value_gate_failed,,,,,,fail,fewer than 50 trials on the spine after the filter chain,omit_from_ranking,not_applicable,not_applicable,,,,not_applicable,,,,CS=pooled50|GC=post_filter_trials|RM=drop|RI=none|TS=narrow|UG=on|EL=unrestricted|BS=both|ES=pw_raw|GL=country,2026-06-19,geo_rep_2026-06-19_run063
country,ROU,Romania,1,not_applicable,no_value_gate_failed,,,,,,fail,fewer than 50 trials on the spine after the filter chain,omit_from_ranking,not_applicable,not_applicable,,,,not_applicable,,,,CS=pooled50|GC=post_filter_trials|RM=drop|RI=none|TS=narrow|UG=on|EL=unrestricted|BS=both|ES=pw_raw|GL=country,2026-06-19,geo_rep_2026-06-19_run063
country,UKR,Ukraine,1,not_applicable,no_value_gate_failed,,,,,,fail,fewer than 50 trials on the spine after the filter chain,omit_from_ranking,not_applicable,not_applicable,,,,not_applicable,,,,CS=pooled50|GC=post_filter_trials|RM=drop|RI=none|TS=narrow|UG=on|EL=unrestricted|BS=both|ES=pw_raw|GL=country,2026-06-19,geo_rep_2026-06-19_run063
country,ARG,Argentina,1,not_applicable,no_value_gate_failed,,,,,,fail,fewer than 50 trials on the spine after the filter chain,omit_from_ranking,not_applicable,not_applicable,,,,not_applicable,,,,CS=pooled50|GC=post_filter_trials|RM=drop|RI=none|TS=narrow|UG=on|EL=unrestricted|BS=both|ES=pw_raw|GL=country,2026-06-19,geo_rep_2026-06-19_run063
country,CHL,Chile,1,not_applicable,no_value_gate_failed,,,,,,fail,fewer than 50 trials on the spine after the filter chain,omit_from_ranking,not_applicable,not_applicable,,,,not_applicable,,,,CS=pooled50|GC=post_filter_trials|RM=drop|RI=none|TS=narrow|UG=on|EL=unrestricted|BS=both|ES=pw_raw|GL=country,2026-06-19,geo_rep_2026-06-19_run063
country,COL,Colombia,1,not_applicable,no_value_gate_failed,,,,,,fail,fewer than 50 trials on the spine after the filter chain,omit_from_ranking,not_applicable,not_applicable,,,,not_applicable,,,,CS=pooled50|GC=post_filter_trials|RM=drop|RI=none|TS=narrow|UG=on|EL=unrestricted|BS=both|ES=pw_raw|GL=country,2026-06-19,geo_rep_2026-06-19_run063
country,PER,Peru,1,not_applicable,no_value_gate_failed,,,,,,fail,fewer than 50 trials on the spine after the filter chain,omit_from_ranking,not_applicable,not_applicable,,,,not_applicable,,,,CS=pooled50|GC=post_filter_trials|RM=drop|RI=none|TS=narrow|UG=on|EL=unrestricted|BS=both|ES=pw_raw|GL=country,2026-06-19,geo_rep_2026-06-19_run063
country,IDN,Indonesia,1,not_applicable,no_value_gate_failed,,,,,,fail,fewer than 50 trials on the spine after the filter chain,omit_from_ranking,not_applicable,not_applicable,,,,not_applicable,,,,CS=pooled50|GC=post_filter_trials|RM=drop|RI=none|TS=narrow|UG=on|EL=unrestricted|BS=both|ES=pw_raw|GL=country,2026-06-19,geo_rep_2026-06-19_run063
country,PHL,Philippines,1,not_applicable,no_value_gate_failed,,,,,,fail,fewer than 50 trials on the spine after the filter chain,omit_from_ranking,not_applicable,not_applicable,,,,not_applicable,,,,CS=pooled50|GC=post_filter_trials|RM=drop|RI=none|TS=narrow|UG=on|EL=unrestricted|BS=both|ES=pw_raw|GL=country,2026-06-19,geo_rep_2026-06-19_run063
country,VNM,Vietnam,1,not_applicable,no_value_gate_failed,,,,,,fail,fewer than 50 trials on the spine after the filter chain,omit_from_ranking,not_applicable,not_applicable,,,,not_applicable,,,,CS=pooled50|GC=post_filter_trials|RM=drop|RI=none|TS=narrow|UG=on|EL=unrestricted|BS=both|ES=pw_raw|GL=country,2026-06-19,geo_rep_2026-06-19_run063
country,IRN,"Iran, Islamic Republic of",1,not_applicable,no_value_gate_failed,,,,,,fail,fewer than 50 trials on the spine after the filter chain,omit_from_ranking,not_applicable,not_applicable,,,,not_applicable,,,,CS=pooled50|GC=post_filter_trials|RM=drop|RI=none|TS=narrow|UG=on|EL=unrestricted|BS=both|ES=pw_raw|GL=country,2026-06-19,geo_rep_2026-06-19_run063
country,IRN,Iran,1,not_applicable,no_value_gate_failed,,,,,,fail,fewer than 50 trials on the spine after the filter chain,omit_from_ranking,not_applicable,not_applicable,,,,not_applicable,,,,CS=pooled50|GC=post_filter_trials|RM=drop|RI=none|TS=narrow|UG=on|EL=unrestricted|BS=both|ES=pw_raw|GL=country,2026-06-19,geo_rep_2026-06-19_run063
country,SAU,Saudi Arabia,1,not_applicable,no_value_gate_failed,,,,,,fail,fewer than 50 trials on the spine after the filter chain,omit_from_ranking,not_applicable,not_applicable,,,,not_applicable,,,,CS=pooled50|GC=post_filter_trials|RM=drop|RI=none|TS=narrow|UG=on|EL=unrestricted|BS=both|ES=pw_raw|GL=country,2026-06-19,geo_rep_2026-06-19_run063
country,NGA,Nigeria,1,not_applicable,no_value_gate_failed,,,,,,fail,fewer than 50 trials on the spine after the filter chain,omit_from_ranking,not_applicable,not_applicable,,,,not_applicable,,,,CS=pooled50|GC=post_filter_trials|RM=drop|RI=none|TS=narrow|UG=on|EL=unrestricted|BS=both|ES=pw_raw|GL=country,2026-06-19,geo_rep_2026-06-19_run063
country,TUR,Turkey,1,not_applicable,no_value_gate_failed,,,,,,fail,fewer than 50 trials on the spine after the filter chain,omit_from_ranking,not_applicable,not_applicable,,,,not_applicable,,,,CS=pooled50|GC=post_filter_trials|RM=drop|RI=none|TS=narrow|UG=on|EL=unrestricted|BS=both|ES=pw_raw|GL=country,2026-06-19,geo_rep_2026-06-19_run063
country,KOR,Republic of Korea,1,not_applicable,no_value_gate_failed,,,,,,fail,fewer than 50 trials on the spine after the filter chain,omit_from_ranking,not_applicable,not_applicable,,,,not_applicable,,,,CS=pooled50|GC=post_filter_trials|RM=drop|RI=none|TS=narrow|UG=on|EL=unrestricted|BS=both|ES=pw_raw|GL=country,2026-06-19,geo_rep_2026-06-19_run063
country,KOR,"Korea, Republic of",1,not_applicable,no_value_gate_failed,,,,,,fail,fewer than 50 trials on the spine after the filter chain,omit_from_ranking,not_applicable,not_applicable,,,,not_applicable,,,,CS=pooled50|GC=post_filter_trials|RM=drop|RI=none|TS=narrow|UG=on|EL=unrestricted|BS=both|ES=pw_raw|GL=country,2026-06-19,geo_rep_2026-06-19_run063
country,CZE,Czech Republic,1,not_applicable,no_value_gate_failed,,,,,,fail,fewer than 50 trials on the spine after the filter chain,omit_from_ranking,not_applicable,not_applicable,,,,not_applicable,,,,CS=pooled50|GC=post_filter_trials|RM=drop|RI=none|TS=narrow|UG=on|EL=unrestricted|BS=both|ES=pw_raw|GL=country,2026-06-19,geo_rep_2026-06-19_run063
country,RUS,Russian Federation,1,not_applicable,no_value_gate_failed,,,,,,fail,fewer than 50 trials on the spine after the filter chain,omit_from_ranking,not_applicable,not_applicable,,,,not_applicable,,,,CS=pooled50|GC=post_filter_trials|RM=drop|RI=none|TS=narrow|UG=on|EL=unrestricted|BS=both|ES=pw_raw|GL=country,2026-06-19,geo_rep_2026-06-19_run063
country,SVK,Slovakia,1,not_applicable,no_value_gate_failed,,,,,,fail,fewer than 50 trials on the spine after the filter chain,omit_from_ranking,not_applicable,not_applicable,,,,not_applicable,,,,CS=pooled50|GC=post_filter_trials|RM=drop|RI=none|TS=narrow|UG=on|EL=unrestricted|BS=both|ES=pw_raw|GL=country,2026-06-19,geo_rep_2026-06-19_run063
country,SVN,Slovenia,1,not_applicable,no_value_gate_failed,,,,,,fail,fewer than 50 trials on the spine after the filter chain,omit_from_ranking,not_applicable,not_applicable,,,,not_applicable,,,,CS=pooled50|GC=post_filter_trials|RM=drop|RI=none|TS=narrow|UG=on|EL=unrestricted|BS=both|ES=pw_raw|GL=country,2026-06-19,geo_rep_2026-06-19_run063
country,HRV,Croatia,1,not_applicable,no_value_gate_failed,,,,,,fail,fewer than 50 trials on the spine after the filter chain,omit_from_ranking,not_applicable,not_applicable,,,,not_applicable,,,,CS=pooled50|GC=post_filter_trials|RM=drop|RI=none|TS=narrow|UG=on|EL=unrestricted|BS=both|ES=pw_raw|GL=country,2026-06-19,geo_rep_2026-06-19_run063
country,BGR,Bulgaria,1,not_applicable,no_value_gate_failed,,,,,,fail,fewer than 50 trials on the spine after the filter chain,omit_from_ranking,not_applicable,not_applicable,,,,not_applicable,,,,CS=pooled50|GC=post_filter_trials|RM=drop|RI=none|TS=narrow|UG=on|EL=unrestricted|BS=both|ES=pw_raw|GL=country,2026-06-19,geo_rep_2026-06-19_run063
country,SRB,Serbia,1,not_applicable,no_value_gate_failed,,,,,,fail,fewer than 50 trials on the spine after the filter chain,omit_from_ranking,not_applicable,not_applicable,,,,not_applicable,,,,CS=pooled50|GC=post_filter_trials|RM=drop|RI=none|TS=narrow|UG=on|EL=unrestricted|BS=both|ES=pw_raw|GL=country,2026-06-19,geo_rep_2026-06-19_run063
country,EST,Estonia,1,not_applicable,no_value_gate_failed,,,,,,fail,fewer than 50 trials on the spine after the filter chain,omit_from_ranking,not_applicable,not_applicable,,,,not_applicable,,,,CS=pooled50|GC=post_filter_trials|RM=drop|RI=none|TS=narrow|UG=on|EL=unrestricted|BS=both|ES=pw_raw|GL=country,2026-06-19,geo_rep_2026-06-19_run063
country,LVA,Latvia,1,not_applicable,no_value_gate_failed,,,,,,fail,fewer than 50 trials on the spine after the filter chain,omit_from_ranking,not_applicable,not_applicable,,,,not_applicable,,,,CS=pooled50|GC=post_filter_trials|RM=drop|RI=none|TS=narrow|UG=on|EL=unrestricted|BS=both|ES=pw_raw|GL=country,2026-06-19,geo_rep_2026-06-19_run063
country,LTU,Lithuania,1,not_applicable,no_value_gate_failed,,,,,,fail,fewer than 50 trials on the spine after the filter chain,omit_from_ranking,not_applicable,not_applicable,,,,not_applicable,,,,CS=pooled50|GC=post_filter_trials|RM=drop|RI=none|TS=narrow|UG=on|EL=unrestricted|BS=both|ES=pw_raw|GL=country,2026-06-19,geo_rep_2026-06-19_run063
country,ISL,Iceland,1,not_applicable,no_value_gate_failed,,,,,,fail,fewer than 50 trials on the spine after the filter chain,omit_from_ranking,not_applicable,not_applicable,,,,not_applicable,,,,CS=pooled50|GC=post_filter_trials|RM=drop|RI=none|TS=narrow|UG=on|EL=unrestricted|BS=both|ES=pw_raw|GL=country,2026-06-19,geo_rep_2026-06-19_run063
country,LUX,Luxembourg,1,not_applicable,no_value_gate_failed,,,,,,fail,fewer than 50 trials on the spine after the filter chain,omit_from_ranking,not_applicable,not_applicable,,,,not_applicable,,,,CS=pooled50|GC=post_filter_trials|RM=drop|RI=none|TS=narrow|UG=on|EL=unrestricted|BS=both|ES=pw_raw|GL=country,2026-06-19,geo_rep_2026-06-19_run063
country,CYP,Cyprus,1,not_applicable,no_value_gate_failed,,,,,,fail,fewer than 50 trials on the spine after the filter chain,omit_from_ranking,not_applicable,not_applicable,,,,not_applicable,,,,CS=pooled50|GC=post_filter_trials|RM=drop|RI=none|TS=narrow|UG=on|EL=unrestricted|BS=both|ES=pw_raw|GL=country,2026-06-19,geo_rep_2026-06-19_run063
country,MLT,Malta,1,not_applicable,no_value_gate_failed,,,,,,fail,fewer than 50 trials on the spine after the filter chain,omit_from_ranking,not_applicable,not_applicable,,,,not_applicable,,,,CS=pooled50|GC=post_filter_trials|RM=drop|RI=none|TS=narrow|UG=on|EL=unrestricted|BS=both|ES=pw_raw|GL=country,2026-06-19,geo_rep_2026-06-19_run063
country,GEO,Georgia,1,not_applicable,no_value_gate_failed,,,,,,fail,fewer than 50 trials on the spine after the filter chain,omit_from_ranking,not_applicable,not_applicable,,,,not_applicable,,,,CS=pooled50|GC=post_filter_trials|RM=drop|RI=none|TS=narrow|UG=on|EL=unrestricted|BS=both|ES=pw_raw|GL=country,2026-06-19,geo_rep_2026-06-19_run063
country,ARM,Armenia,1,not_applicable,no_value_gate_failed,,,,,,fail,fewer than 50 trials on the spine after the filter chain,omit_from_ranking,not_applicable,not_applicable,,,,not_applicable,,,,CS=pooled50|GC=post_filter_trials|RM=drop|RI=none|TS=narrow|UG=on|EL=unrestricted|BS=both|ES=pw_raw|GL=country,2026-06-19,geo_rep_2026-06-19_run063
country,KAZ,Kazakhstan,1,not_applicable,no_value_gate_failed,,,,,,fail,fewer than 50 trials on the spine after the filter chain,omit_from_ranking,not_applicable,not_applicable,,,,not_applicable,,,,CS=pooled50|GC=post_filter_trials|RM=drop|RI=none|TS=narrow|UG=on|EL=unrestricted|BS=both|ES=pw_raw|GL=country,2026-06-19,geo_rep_2026-06-19_run063
country,BLR,Belarus,1,not_applicable,no_value_gate_failed,,,,,,fail,fewer than 50 trials on the spine after the filter chain,omit_from_ranking,not_applicable,not_applicable,,,,not_applicable,,,,CS=pooled50|GC=post_filter_trials|RM=drop|RI=none|TS=narrow|UG=on|EL=unrestricted|BS=both|ES=pw_raw|GL=country,2026-06-19,geo_rep_2026-06-19_run063
country,JOR,Jordan,1,not_applicable,no_value_gate_failed,,,,,,fail,fewer than 50 trials on the spine after the filter chain,omit_from_ranking,not_applicable,not_applicable,,,,not_applicable,,,,CS=pooled50|GC=post_filter_trials|RM=drop|RI=none|TS=narrow|UG=on|EL=unrestricted|BS=both|ES=pw_raw|GL=country,2026-06-19,geo_rep_2026-06-19_run063
country,LBN,Lebanon,1,not_applicable,no_value_gate_failed,,,,,,fail,fewer than 50 trials on the spine after the filter chain,omit_from_ranking,not_applicable,not_applicable,,,,not_applicable,,,,CS=pooled50|GC=post_filter_trials|RM=drop|RI=none|TS=narrow|UG=on|EL=unrestricted|BS=both|ES=pw_raw|GL=country,2026-06-19,geo_rep_2026-06-19_run063
country,KWT,Kuwait,1,not_applicable,no_value_gate_failed,,,,,,fail,fewer than 50 trials on the spine after the filter chain,omit_from_ranking,not_applicable,not_applicable,,,,not_applicable,,,,CS=pooled50|GC=post_filter_trials|RM=drop|RI=none|TS=narrow|UG=on|EL=unrestricted|BS=both|ES=pw_raw|GL=country,2026-06-19,geo_rep_2026-06-19_run063
country,QAT,Qatar,1,not_applicable,no_value_gate_failed,,,,,,fail,fewer than 50 trials on the spine after the filter chain,omit_from_ranking,not_applicable,not_applicable,,,,not_applicable,,,,CS=pooled50|GC=post_filter_trials|RM=drop|RI=none|TS=narrow|UG=on|EL=unrestricted|BS=both|ES=pw_raw|GL=country,2026-06-19,geo_rep_2026-06-19_run063
country,ARE,United Arab Emirates,1,not_applicable,no_value_gate_failed,,,,,,fail,fewer than 50 trials on the spine after the filter chain,omit_from_ranking,not_applicable,not_applicable,,,,not_applicable,,,,CS=pooled50|GC=post_filter_trials|RM=drop|RI=none|TS=narrow|UG=on|EL=unrestricted|BS=both|ES=pw_raw|GL=country,2026-06-19,geo_rep_2026-06-19_run063
country,OMN,Oman,1,not_applicable,no_value_gate_failed,,,,,,fail,fewer than 50 trials on the spine after the filter chain,omit_from_ranking,not_applicable,not_applicable,,,,not_applicable,,,,CS=pooled50|GC=post_filter_trials|RM=drop|RI=none|TS=narrow|UG=on|EL=unrestricted|BS=both|ES=pw_raw|GL=country,2026-06-19,geo_rep_2026-06-19_run063
country,BHR,Bahrain,1,not_applicable,no_value_gate_failed,,,,,,fail,fewer than 50 trials on the spine after the filter chain,omit_from_ranking,not_applicable,not_applicable,,,,not_applicable,,,,CS=pooled50|GC=post_filter_trials|RM=drop|RI=none|TS=narrow|UG=on|EL=unrestricted|BS=both|ES=pw_raw|GL=country,2026-06-19,geo_rep_2026-06-19_run063
country,MAR,Morocco,1,not_applicable,no_value_gate_failed,,,,,,fail,fewer than 50 trials on the spine after the filter chain,omit_from_ranking,not_applicable,not_applicable,,,,not_applicable,,,,CS=pooled50|GC=post_filter_trials|RM=drop|RI=none|TS=narrow|UG=on|EL=unrestricted|BS=both|ES=pw_raw|GL=country,2026-06-19,geo_rep_2026-06-19_run063
country,TUN,Tunisia,1,not_applicable,no_value_gate_failed,,,,,,fail,fewer than 50 trials on the spine after the filter chain,omit_from_ranking,not_applicable,not_applicable,,,,not_applicable,,,,CS=pooled50|GC=post_filter_trials|RM=drop|RI=none|TS=narrow|UG=on|EL=unrestricted|BS=both|ES=pw_raw|GL=country,2026-06-19,geo_rep_2026-06-19_run063
country,DZA,Algeria,1,not_applicable,no_value_gate_failed,,,,,,fail,fewer than 50 trials on the spine after the filter chain,omit_from_ranking,not_applicable,not_applicable,,,,not_applicable,,,,CS=pooled50|GC=post_filter_trials|RM=drop|RI=none|TS=narrow|UG=on|EL=unrestricted|BS=both|ES=pw_raw|GL=country,2026-06-19,geo_rep_2026-06-19_run063
country,SEN,Senegal,1,not_applicable,no_value_gate_failed,,,,,,fail,fewer than 50 trials on the spine after the filter chain,omit_from_ranking,not_applicable,not_applicable,,,,not_applicable,,,,CS=pooled50|GC=post_filter_trials|RM=drop|RI=none|TS=narrow|UG=on|EL=unrestricted|BS=both|ES=pw_raw|GL=country,2026-06-19,geo_rep_2026-06-19_run063
country,CMR,Cameroon,1,not_applicable,no_value_gate_failed,,,,,,fail,fewer than 50 trials on the spine after the filter chain,omit_from_ranking,not_applicable,not_applicable,,,,not_applicable,,,,CS=pooled50|GC=post_filter_trials|RM=drop|RI=none|TS=narrow|UG=on|EL=unrestricted|BS=both|ES=pw_raw|GL=country,2026-06-19,geo_rep_2026-06-19_run063
country,CIV,Ivory Coast,1,not_applicable,no_value_gate_failed,,,,,,fail,fewer than 50 trials on the spine after the filter chain,omit_from_ranking,not_applicable,not_applicable,,,,not_applicable,,,,CS=pooled50|GC=post_filter_trials|RM=drop|RI=none|TS=narrow|UG=on|EL=unrestricted|BS=both|ES=pw_raw|GL=country,2026-06-19,geo_rep_2026-06-19_run063
country,RWA,Rwanda,1,not_applicable,no_value_gate_failed,,,,,,fail,fewer than 50 trials on the spine after the filter chain,omit_from_ranking,not_applicable,not_applicable,,,,not_applicable,,,,CS=pooled50|GC=post_filter_trials|RM=drop|RI=none|TS=narrow|UG=on|EL=unrestricted|BS=both|ES=pw_raw|GL=country,2026-06-19,geo_rep_2026-06-19_run063
country,BWA,Botswana,1,not_applicable,no_value_gate_failed,,,,,,fail,fewer than 50 trials on the spine after the filter chain,omit_from_ranking,not_applicable,not_applicable,,,,not_applicable,,,,CS=pooled50|GC=post_filter_trials|RM=drop|RI=none|TS=narrow|UG=on|EL=unrestricted|BS=both|ES=pw_raw|GL=country,2026-06-19,geo_rep_2026-06-19_run063
country,NAM,Namibia,1,not_applicable,no_value_gate_failed,,,,,,fail,fewer than 50 trials on the spine after the filter chain,omit_from_ranking,not_applicable,not_applicable,,,,not_applicable,,,,CS=pooled50|GC=post_filter_trials|RM=drop|RI=none|TS=narrow|UG=on|EL=unrestricted|BS=both|ES=pw_raw|GL=country,2026-06-19,geo_rep_2026-06-19_run063
country,MOZ,Mozambique,1,not_applicable,no_value_gate_failed,,,,,,fail,fewer than 50 trials on the spine after the filter chain,omit_from_ranking,not_applicable,not_applicable,,,,not_applicable,,,,CS=pooled50|GC=post_filter_trials|RM=drop|RI=none|TS=narrow|UG=on|EL=unrestricted|BS=both|ES=pw_raw|GL=country,2026-06-19,geo_rep_2026-06-19_run063
country,BFA,Burkina Faso,1,not_applicable,no_value_gate_failed,,,,,,fail,fewer than 50 trials on the spine after the filter chain,omit_from_ranking,not_applicable,not_applicable,,,,not_applicable,,,,CS=pooled50|GC=post_filter_trials|RM=drop|RI=none|TS=narrow|UG=on|EL=unrestricted|BS=both|ES=pw_raw|GL=country,2026-06-19,geo_rep_2026-06-19_run063
country,MLI,Mali,1,not_applicable,no_value_gate_failed,,,,,,fail,fewer than 50 trials on the spine after the filter chain,omit_from_ranking,not_applicable,not_applicable,,,,not_applicable,,,,CS=pooled50|GC=post_filter_trials|RM=drop|RI=none|TS=narrow|UG=on|EL=unrestricted|BS=both|ES=pw_raw|GL=country,2026-06-19,geo_rep_2026-06-19_run063
country,COD,Democratic Republic of the Congo,1,not_applicable,no_value_gate_failed,,,,,,fail,fewer than 50 trials on the spine after the filter chain,omit_from_ranking,not_applicable,not_applicable,,,,not_applicable,,,,CS=pooled50|GC=post_filter_trials|RM=drop|RI=none|TS=narrow|UG=on|EL=unrestricted|BS=both|ES=pw_raw|GL=country,2026-06-19,geo_rep_2026-06-19_run063
country,CRI,Costa Rica,1,not_applicable,no_value_gate_failed,,,,,,fail,fewer than 50 trials on the spine after the filter chain,omit_from_ranking,not_applicable,not_applicable,,,,not_applicable,,,,CS=pooled50|GC=post_filter_trials|RM=drop|RI=none|TS=narrow|UG=on|EL=unrestricted|BS=both|ES=pw_raw|GL=country,2026-06-19,geo_rep_2026-06-19_run063
country,PAN,Panama,1,not_applicable,no_value_gate_failed,,,,,,fail,fewer than 50 trials on the spine after the filter chain,omit_from_ranking,not_applicable,not_applicable,,,,not_applicable,,,,CS=pooled50|GC=post_filter_trials|RM=drop|RI=none|TS=narrow|UG=on|EL=unrestricted|BS=both|ES=pw_raw|GL=country,2026-06-19,geo_rep_2026-06-19_run063
country,GTM,Guatemala,1,not_applicable,no_value_gate_failed,,,,,,fail,fewer than 50 trials on the spine after the filter chain,omit_from_ranking,not_applicable,not_applicable,,,,not_applicable,,,,CS=pooled50|GC=post_filter_trials|RM=drop|RI=none|TS=narrow|UG=on|EL=unrestricted|BS=both|ES=pw_raw|GL=country,2026-06-19,geo_rep_2026-06-19_run063
country,ECU,Ecuador,1,not_applicable,no_value_gate_failed,,,,,,fail,fewer than 50 trials on the spine after the filter chain,omit_from_ranking,not_applicable,not_applicable,,,,not_applicable,,,,CS=pooled50|GC=post_filter_trials|RM=drop|RI=none|TS=narrow|UG=on|EL=unrestricted|BS=both|ES=pw_raw|GL=country,2026-06-19,geo_rep_2026-06-19_run063
country,URY,Uruguay,1,not_applicable,no_value_gate_failed,,,,,,fail,fewer than 50 trials on the spine after the filter chain,omit_from_ranking,not_applicable,not_applicable,,,,not_applicable,,,,CS=pooled50|GC=post_filter_trials|RM=drop|RI=none|TS=narrow|UG=on|EL=unrestricted|BS=both|ES=pw_raw|GL=country,2026-06-19,geo_rep_2026-06-19_run063
country,DOM,Dominican Republic,1,not_applicable,no_value_gate_failed,,,,,,fail,fewer than 50 trials on the spine after the filter chain,omit_from_ranking,not_applicable,not_applicable,,,,not_applicable,,,,CS=pooled50|GC=post_filter_trials|RM=drop|RI=none|TS=narrow|UG=on|EL=unrestricted|BS=both|ES=pw_raw|GL=country,2026-06-19,geo_rep_2026-06-19_run063
country,PRI,Puerto Rico,1,not_applicable,no_value_gate_failed,,,,,,fail,fewer than 50 trials on the spine after the filter chain,omit_from_ranking,not_applicable,not_applicable,,,,not_applicable,,,,CS=pooled50|GC=post_filter_trials|RM=drop|RI=none|TS=narrow|UG=on|EL=unrestricted|BS=both|ES=pw_raw|GL=country,2026-06-19,geo_rep_2026-06-19_run063
country,VEN,Venezuela,1,not_applicable,no_value_gate_failed,,,,,,fail,fewer than 50 trials on the spine after the filter chain,omit_from_ranking,not_applicable,not_applicable,,,,not_applicable,,,,CS=pooled50|GC=post_filter_trials|RM=drop|RI=none|TS=narrow|UG=on|EL=unrestricted|BS=both|ES=pw_raw|GL=country,2026-06-19,geo_rep_2026-06-19_run063
country,BOL,Bolivia,1,not_applicable,no_value_gate_failed,,,,,,fail,fewer than 50 trials on the spine after the filter chain,omit_from_ranking,not_applicable,not_applicable,,,,not_applicable,,,,CS=pooled50|GC=post_filter_trials|RM=drop|RI=none|TS=narrow|UG=on|EL=unrestricted|BS=both|ES=pw_raw|GL=country,2026-06-19,geo_rep_2026-06-19_run063
country,PRY,Paraguay,1,not_applicable,no_value_gate_failed,,,,,,fail,fewer than 50 trials on the spine after the filter chain,omit_from_ranking,not_applicable,not_applicable,,,,not_applicable,,,,CS=pooled50|GC=post_filter_trials|RM=drop|RI=none|TS=narrow|UG=on|EL=unrestricted|BS=both|ES=pw_raw|GL=country,2026-06-19,geo_rep_2026-06-19_run063
country,GHA,Ghana,1,not_applicable,no_value_gate_failed,,,,,,fail,fewer than 50 trials on the spine after the filter chain,omit_from_ranking,not_applicable,not_applicable,,,,not_applicable,,,,CS=pooled50|GC=post_filter_trials|RM=drop|RI=none|TS=narrow|UG=on|EL=unrestricted|BS=both|ES=pw_raw|GL=country,2026-06-19,geo_rep_2026-06-19_run063
country,TZA,Tanzania,1,not_applicable,no_value_gate_failed,,,,,,fail,fewer than 50 trials on the spine after the filter chain,omit_from_ranking,not_applicable,not_applicable,,,,not_applicable,,,,CS=pooled50|GC=post_filter_trials|RM=drop|RI=none|TS=narrow|UG=on|EL=unrestricted|BS=both|ES=pw_raw|GL=country,2026-06-19,geo_rep_2026-06-19_run063
country,ZMB,Zambia,1,not_applicable,no_value_gate_failed,,,,,,fail,fewer than 50 trials on the spine after the filter chain,omit_from_ranking,not_applicable,not_applicable,,,,not_applicable,,,,CS=pooled50|GC=post_filter_trials|RM=drop|RI=none|TS=narrow|UG=on|EL=unrestricted|BS=both|ES=pw_raw|GL=country,2026-06-19,geo_rep_2026-06-19_run063
country,ZWE,Zimbabwe,1,not_applicable,no_value_gate_failed,,,,,,fail,fewer than 50 trials on the spine after the filter chain,omit_from_ranking,not_applicable,not_applicable,,,,not_applicable,,,,CS=pooled50|GC=post_filter_trials|RM=drop|RI=none|TS=narrow|UG=on|EL=unrestricted|BS=both|ES=pw_raw|GL=country,2026-06-19,geo_rep_2026-06-19_run063
country,MWI,Malawi,1,not_applicable,no_value_gate_failed,,,,,,fail,fewer than 50 trials on the spine after the filter chain,omit_from_ranking,not_applicable,not_applicable,,,,not_applicable,,,,CS=pooled50|GC=post_filter_trials|RM=drop|RI=none|TS=narrow|UG=on|EL=unrestricted|BS=both|ES=pw_raw|GL=country,2026-06-19,geo_rep_2026-06-19_run063
country,ETH,Ethiopia,1,not_applicable,no_value_gate_failed,,,,,,fail,fewer than 50 trials on the spine after the filter chain,omit_from_ranking,not_applicable,not_applicable,,,,not_applicable,,,,CS=pooled50|GC=post_filter_trials|RM=drop|RI=none|TS=narrow|UG=on|EL=unrestricted|BS=both|ES=pw_raw|GL=country,2026-06-19,geo_rep_2026-06-19_run063
country,PAK,Pakistan,1,not_applicable,no_value_gate_failed,,,,,,fail,fewer than 50 trials on the spine after the filter chain,omit_from_ranking,not_applicable,not_applicable,,,,not_applicable,,,,CS=pooled50|GC=post_filter_trials|RM=drop|RI=none|TS=narrow|UG=on|EL=unrestricted|BS=both|ES=pw_raw|GL=country,2026-06-19,geo_rep_2026-06-19_run063
country,BGD,Bangladesh,1,not_applicable,no_value_gate_failed,,,,,,fail,fewer than 50 trials on the spine after the filter chain,omit_from_ranking,not_applicable,not_applicable,,,,not_applicable,,,,CS=pooled50|GC=post_filter_trials|RM=drop|RI=none|TS=narrow|UG=on|EL=unrestricted|BS=both|ES=pw_raw|GL=country,2026-06-19,geo_rep_2026-06-19_run063
country,LKA,Sri Lanka,1,not_applicable,no_value_gate_failed,,,,,,fail,fewer than 50 trials on the spine after the filter chain,omit_from_ranking,not_applicable,not_applicable,,,,not_applicable,,,,CS=pooled50|GC=post_filter_trials|RM=drop|RI=none|TS=narrow|UG=on|EL=unrestricted|BS=both|ES=pw_raw|GL=country,2026-06-19,geo_rep_2026-06-19_run063
country,NPL,Nepal,1,not_applicable,no_value_gate_failed,,,,,,fail,fewer than 50 trials on the spine after the filter chain,omit_from_ranking,not_applicable,not_applicable,,,,not_applicable,,,,CS=pooled50|GC=post_filter_trials|RM=drop|RI=none|TS=narrow|UG=on|EL=unrestricted|BS=both|ES=pw_raw|GL=country,2026-06-19,geo_rep_2026-06-19_run063
us_state,WV,West Virginia,1,not_applicable,no_value_gate_failed,,,,,,fail,fewer than 50 trials on the spine after the filter chain,omit_from_ranking,not_applicable,not_applicable,,,,not_applicable,,,,CS=pooled50|GC=post_filter_trials|RM=drop|RI=none|TS=narrow|UG=on|EL=unrestricted|BS=both|ES=pw_raw|GL=us_state,2026-06-19,geo_rep_2026-06-19_run063
us_state,ND,North Dakota,1,not_applicable,no_value_gate_failed,,,,,,fail,fewer than 50 trials on the spine after the filter chain,omit_from_ranking,not_applicable,not_applicable,,,,not_applicable,,,,CS=pooled50|GC=post_filter_trials|RM=drop|RI=none|TS=narrow|UG=on|EL=unrestricted|BS=both|ES=pw_raw|GL=us_state,2026-06-19,geo_rep_2026-06-19_run063
us_state,VT,Vermont,1,not_applicable,no_value_gate_failed,,,,,,fail,fewer than 50 trials on the spine after the filter chain,omit_from_ranking,not_applicable,not_applicable,,,,not_applicable,,,,CS=pooled50|GC=post_filter_trials|RM=drop|RI=none|TS=narrow|UG=on|EL=unrestricted|BS=both|ES=pw_raw|GL=us_state,2026-06-19,geo_rep_2026-06-19_run063
us_state,DE,Delaware,1,not_applicable,no_value_gate_failed,,,,,,fail,fewer than 50 trials on the spine after the filter chain,omit_from_ranking,not_applicable,not_applicable,,,,not_applicable,,,,CS=pooled50|GC=post_filter_trials|RM=drop|RI=none|TS=narrow|UG=on|EL=unrestricted|BS=both|ES=pw_raw|GL=us_state,2026-06-19,geo_rep_2026-06-19_run063
us_state,MT,Montana,1,not_applicable,no_value_gate_failed,,,,,,fail,fewer than 50 trials on the spine after the filter chain,omit_from_ranking,not_applicable,not_applicable,,,,not_applicable,,,,CS=pooled50|GC=post_filter_trials|RM=drop|RI=none|TS=narrow|UG=on|EL=unrestricted|BS=both|ES=pw_raw|GL=us_state,2026-06-19,geo_rep_2026-06-19_run063
us_state,HI,Hawaii,1,not_applicable,no_value_gate_failed,,,,,,fail,fewer than 50 trials on the spine after the filter chain,omit_from_ranking,not_applicable,not_applicable,,,,not_applicable,,,,CS=pooled50|GC=post_filter_trials|RM=drop|RI=none|TS=narrow|UG=on|EL=unrestricted|BS=both|ES=pw_raw|GL=us_state,2026-06-19,geo_rep_2026-06-19_run063
us_state,MS,Mississippi,1,not_applicable,no_value_gate_failed,,,,,,fail,fewer than 50 trials on the spine after the filter chain,omit_from_ranking,not_applicable,not_applicable,,,,not_applicable,,,,CS=pooled50|GC=post_filter_trials|RM=drop|RI=none|TS=narrow|UG=on|EL=unrestricted|BS=both|ES=pw_raw|GL=us_state,2026-06-19,geo_rep_2026-06-19_run063
us_state,ME,Maine,1,not_applicable,no_value_gate_failed,,,,,,fail,fewer than 50 trials on the spine after the filter chain,omit_from_ranking,not_applicable,not_applicable,,,,not_applicable,,,,CS=pooled50|GC=post_filter_trials|RM=drop|RI=none|TS=narrow|UG=on|EL=unrestricted|BS=both|ES=pw_raw|GL=us_state,2026-06-19,geo_rep_2026-06-19_run063
us_state,SD,South Dakota,1,not_applicable,no_value_gate_failed,,,,,,fail,fewer than 50 trials on the spine after the filter chain,omit_from_ranking,not_applicable,not_applicable,,,,not_applicable,,,,CS=pooled50|GC=post_filter_trials|RM=drop|RI=none|TS=narrow|UG=on|EL=unrestricted|BS=both|ES=pw_raw|GL=us_state,2026-06-19,geo_rep_2026-06-19_run063
us_state,PR,Puerto Rico,1,not_applicable,no_value_gate_failed,,,,,,fail,fewer than 50 trials on the spine after the filter chain,omit_from_ranking,not_applicable,not_applicable,,,,not_applicable,,,,CS=pooled50|GC=post_filter_trials|RM=drop|RI=none|TS=narrow|UG=on|EL=unrestricted|BS=both|ES=pw_raw|GL=us_state,2026-06-19,geo_rep_2026-06-19_run063
us_state,ID,Idaho,1,not_applicable,no_value_gate_failed,,,,,,fail,fewer than 50 trials on the spine after the filter chain,omit_from_ranking,not_applicable,not_applicable,,,,not_applicable,,,,CS=pooled50|GC=post_filter_trials|RM=drop|RI=none|TS=narrow|UG=on|EL=unrestricted|BS=both|ES=pw_raw|GL=us_state,2026-06-19,geo_rep_2026-06-19_run063
us_state,AK,Alaska,1,not_applicable,no_value_gate_failed,,,,,,fail,fewer than 50 trials on the spine after the filter chain,omit_from_ranking,not_applicable,not_applicable,,,,not_applicable,,,,CS=pooled50|GC=post_filter_trials|RM=drop|RI=none|TS=narrow|UG=on|EL=unrestricted|BS=both|ES=pw_raw|GL=us_state,2026-06-19,geo_rep_2026-06-19_run063
us_state,AS,American Samoa,1,not_applicable,no_value_gate_failed,,,,,,fail,fewer than 50 trials on the spine after the filter chain,omit_from_ranking,not_applicable,not_applicable,,,,not_applicable,,,,CS=pooled50|GC=post_filter_trials|RM=drop|RI=none|TS=narrow|UG=on|EL=unrestricted|BS=both|ES=pw_raw|GL=us_state,2026-06-19,geo_rep_2026-06-19_run063
us_state,UM,U.S. Minor Outlying Islands,1,not_applicable,no_value_gate_failed,,,,,,fail,fewer than 50 trials on the spine after the filter chain,omit_from_ranking,not_applicable,not_applicable,,,,not_applicable,,,,CS=pooled50|GC=post_filter_trials|RM=drop|RI=none|TS=narrow|UG=on|EL=unrestricted|BS=both|ES=pw_raw|GL=us_state,2026-06-19,geo_rep_2026-06-19_run063
us_state,WY,Wyoming,1,not_applicable,no_value_gate_failed,,,,,,fail,fewer than 50 trials on the spine after the filter chain,omit_from_ranking,not_applicable,not_applicable,,,,not_applicable,,,,CS=pooled50|GC=post_filter_trials|RM=drop|RI=none|TS=narrow|UG=on|EL=unrestricted|BS=both|ES=pw_raw|GL=us_state,2026-06-19,geo_rep_2026-06-19_run063
us_state,GU,Guam,1,not_applicable,no_value_gate_failed,,,,,,fail,fewer than 50 trials on the spine after the filter chain,omit_from_ranking,not_applicable,not_applicable,,,,not_applicable,,,,CS=pooled50|GC=post_filter_trials|RM=drop|RI=none|TS=narrow|UG=on|EL=unrestricted|BS=both|ES=pw_raw|GL=us_state,2026-06-19,geo_rep_2026-06-19_run063
us_state,MP,Northern Mariana Islands,1,not_applicable,no_value_gate_failed,,,,,,fail,fewer than 50 trials on the spine after the filter chain,omit_from_ranking,not_applicable,not_applicable,,,,not_applicable,,,,CS=pooled50|GC=post_filter_trials|RM=drop|RI=none|TS=narrow|UG=on|EL=unrestricted|BS=both|ES=pw_raw|GL=us_state,2026-06-19,geo_rep_2026-06-19_run063
us_state,VI,U.S. Virgin Islands,1,not_applicable,no_value_gate_failed,,,,,,fail,fewer than 50 trials on the spine after the filter chain,omit_from_ranking,not_applicable,not_applicable,,,,not_applicable,,,,CS=pooled50|GC=post_filter_trials|RM=drop|RI=none|TS=narrow|UG=on|EL=unrestricted|BS=both|ES=pw_raw|GL=us_state,2026-06-19,geo_rep_2026-06-19_run063
