Date of Final Decision,Submission Number,Device,Company,Panel (Lead),Primary Product Code,pdf_url,local_pdf_path
12/30/25,K253532,TruSPECT Processing Station,"Spectrum Dynamics Medical, Ltd.",Radiology,QIH,https://www.accessdata.fda.gov/cdrh_docs/pdf25/K253532.pdf,Not Found
12/23/25,K253091,ART-Plan+ (v3.1.0),Therapanacea Sas,Radiology,MUJ,https://www.accessdata.fda.gov/cdrh_docs/pdf25/K253091.pdf,Not Found
12/23/25,K252379,AIR Recon DL,"Ge Medical Systems, LLC",Radiology,LNH,https://www.accessdata.fda.gov/cdrh_docs/pdf25/K252379.pdf,Not Found
12/22/25,K252557,Lumify Diagnostic Ultrasound System,"Philips Ultrasound, LLC",Radiology,IYN,https://www.accessdata.fda.gov/cdrh_docs/pdf25/K252557.pdf,Not Found
12/22/25,K252856,PeekMed web,"Peek Health, S.A.",Radiology,QIH,https://www.accessdata.fda.gov/cdrh_docs/pdf25/K252856.pdf,Not Found
12/22/25,K253664,SKOUT system,Iterative Health,Gastroenterology-Urology,QNP,https://www.accessdata.fda.gov/cdrh_docs/pdf25/K253664.pdf,Not Found
12/22/25,K250959,BioticsAI,"Bioticsai, Inc.",Radiology,IYN,https://www.accessdata.fda.gov/cdrh_docs/pdf25/K250959.pdf,Not Found
12/19/25,K252670,Alzevita,TOPIA MEDTECH LIMITED,Radiology,QIH,https://www.accessdata.fda.gov/cdrh_docs/pdf25/K252670.pdf,Not Found
12/19/25,K252029,AI-CVD,HeartLung Corporation,Radiology,QIH,https://www.accessdata.fda.gov/cdrh_docs/pdf25/K252029.pdf,Not Found
12/19/25,K252284,eMurmur Heart AI,Csd Labs,Cardiovascular,DQD,https://www.accessdata.fda.gov/cdrh_docs/pdf25/K252284.pdf,Not Found
12/19/25,K252838,MAGNETOM Sola; MAGNETOM Altea; MAGNETOM Sola Fit; MAGNETOM Viato.Mobile; MAGNETOM Vida; MAGNETOM Lumina; MAGNETOM Vida Fit; MAGNETOM Flow.Elite; MAGNETOM Flow.Neo; MAGNETOM Flow.Rise,Siemens Healthcare GmbH,Radiology,LNH,https://www.accessdata.fda.gov/cdrh_docs/pdf25/K252838.pdf,Not Found
12/18/25,K253516,Assert-IQ (DM5100),Abbott Medical,Cardiovascular,MXD,https://www.accessdata.fda.gov/cdrh_docs/pdf25/K253516.pdf,Not Found
12/18/25,K250914,MediAI-BA,"Crescom Co., Ltd.",Radiology,QIH,https://www.accessdata.fda.gov/cdrh_docs/pdf25/K250914.pdf,Not Found
12/18/25,K252235,PVAD IQ Software,"Ultrasight , Ltd.",Radiology,QIH,https://www.accessdata.fda.gov/cdrh_docs/pdf25/K252235.pdf,Not Found
12/17/25,K251416,UltraSight Guidance,"Ultrasight , Ltd.",Radiology,QJU,https://www.accessdata.fda.gov/cdrh_docs/pdf25/K251416.pdf,Not Found
12/17/25,K252922,Neosoma Brain Mets,"Neosoma, Inc.",Radiology,QIH,https://www.accessdata.fda.gov/cdrh_docs/pdf25/K252922.pdf,Not Found
12/16/25,K252204,prolaio eVO2peak Module (Version 1.0),"Prolaio, Inc.",Cardiovascular,PPW,https://www.accessdata.fda.gov/cdrh_docs/pdf25/K252204.pdf,Not Found
12/16/25,K251763,IRISeg,"Intuitive Surgical, Inc.",Radiology,QIH,https://www.accessdata.fda.gov/cdrh_docs/pdf25/K251763.pdf,Not Found
12/12/25,K253489,Swoop® Portable MR Imaging® System,"Hyperfine, Inc.",Radiology,LNH,https://www.accessdata.fda.gov/cdrh_docs/pdf25/K253489.pdf,Not Found
12/11/25,K253141,DeepRhythmAI,Medicalgorithmics S.A.,Cardiovascular,DQK,https://www.accessdata.fda.gov/cdrh_docs/pdf25/K253141.pdf,Not Found
12/11/25,K252482,CogNet AI-MT+,"Medcognetics, Inc.",Radiology,QFM,https://www.accessdata.fda.gov/cdrh_docs/pdf25/K252482.pdf,Not Found
12/10/25,K252497,SANSA HSAT,Huxley Medical,Anesthesiology,MNR,https://www.accessdata.fda.gov/cdrh_docs/pdf25/K252497.pdf,Not Found
12/9/25,K243449,INFINITT DPS,"Infinitt Healthcare Co., Ltd.",Pathology,QKQ,https://www.accessdata.fda.gov/cdrh_docs/pdf24/K243449.pdf,Not Found
12/8/25,K252294,Fetal EchoScan (v1.2),Brightheart,Radiology,POK,https://www.accessdata.fda.gov/cdrh_docs/pdf25/K252294.pdf,Not Found
12/8/25,K251936,Ceribell Delirium Monitor System,"Ceribell, Inc.",Neurology,NCG,https://www.accessdata.fda.gov/cdrh_docs/pdf25/K251936.pdf,Not Found
12/5/25,K251514,Overjet CBCT Assist,"Overjet, Inc.",Radiology,QIH,https://www.accessdata.fda.gov/cdrh_docs/pdf25/K251514.pdf,Not Found
12/5/25,K252504,Gastric Alimetry,"Alimetry , Ltd.",Gastroenterology-Urology,MYE,https://www.accessdata.fda.gov/cdrh_docs/pdf25/K252504.pdf,Not Found
12/5/25,K251657,Personalized Therapy Comfort Settings (PTCS),ResMed Corp,Anesthesiology,BZD,https://www.accessdata.fda.gov/cdrh_docs/pdf25/K251657.pdf,Not Found
12/5/25,K250780,ARTAssistant,"Manteia Technologies Co., Ltd.",Radiology,QKB,https://www.accessdata.fda.gov/cdrh_docs/pdf25/K250780.pdf,Not Found
12/3/25,K251203,AVIEW Lung Nodule CAD,"Coreline Soft Co.,Ltd",Radiology,OEB,https://www.accessdata.fda.gov/cdrh_docs/pdf25/K251203.pdf,Not Found
12/2/25,K252103,Acorn 3D Software (AC-SEG-4009); Acorn 3DP Model (AC-101-XX),Mighty Oak Medical,Radiology,QIH,https://www.accessdata.fda.gov/cdrh_docs/pdf25/K252103.pdf,Not Found
12/1/25,K251370,Cartesion Prime (PCD-1000A/3) V10.21,Canon Medical Systems Corporation,Radiology,KPS,https://www.accessdata.fda.gov/cdrh_docs/pdf25/K251370.pdf,Not Found
11/28/25,K252217,CT VScore+,"Canon Medical Informatics, Inc.",Radiology,JAK,https://www.accessdata.fda.gov/cdrh_docs/pdf25/K252217.pdf,Not Found
11/26/25,K253269,OEC One CFD,"Ge Hualun Medical Systems Co. , Ltd.",Radiology,OXO,https://www.accessdata.fda.gov/cdrh_docs/pdf25/K253269.pdf,Not Found
11/25/25,K253310,7600 Ultrasound System (MyLabC25); 7600 Ultrasound System (MyLabC30),"Esaote, S.P.A.",Radiology,IYN,https://www.accessdata.fda.gov/cdrh_docs/pdf25/K253310.pdf,Not Found
11/25/25,K250694,Scaida BrainCT-ICH (v1.0),Mlhealth 360,Radiology,QAS,https://www.accessdata.fda.gov/cdrh_docs/pdf25/K250694.pdf,Not Found
11/24/25,K252328,Voluson Expert 18; Voluson Expert 20; Voluson Expert 22,Ge Medical Systems Ultrasound and Primary Care Diagnostics,Radiology,IYN,https://www.accessdata.fda.gov/cdrh_docs/pdf25/K252328.pdf,Not Found
11/24/25,K252366,a2z-Unified-Triage,"A2z Radiology Ai, Inc.",Radiology,QAS,https://www.accessdata.fda.gov/cdrh_docs/pdf25/K252366.pdf,Not Found
11/21/25,K251506,Nelli (Version 7.11),Neuro Event Labs OY,Neurology,POS,https://www.accessdata.fda.gov/cdrh_docs/pdf25/K251506.pdf,Not Found
11/21/25,K251293,CardioVision,Icardio.Ai,Cardiovascular,QUO,https://www.accessdata.fda.gov/cdrh_docs/pdf25/K251293.pdf,Not Found
11/20/25,K251822,MAGNETOM Free.Max; MAGNETOM Free.Star,"Siemens Shenzhen Magnetic Resonance , Ltd.",Radiology,LNH,https://www.accessdata.fda.gov/cdrh_docs/pdf25/K251822.pdf,Not Found
11/17/25,K252086,DTX Studio Assist,Nobel Biocare C/O Medicim NV,Radiology,MYN,https://www.accessdata.fda.gov/cdrh_docs/pdf25/K252086.pdf,Not Found
11/17/25,K252330,DeepRESP,Nox Medical Ehf,Neurology,OLZ,https://www.accessdata.fda.gov/cdrh_docs/pdf25/K252330.pdf,Not Found
11/14/25,K250525,Second Opinion® Panoramic,"Pearl, Inc.",Radiology,MYN,https://www.accessdata.fda.gov/cdrh_docs/pdf25/K250525.pdf,Not Found
11/14/25,K251078,AutoDensity,Eos Imaging,Radiology,QIH,https://www.accessdata.fda.gov/cdrh_docs/pdf25/K251078.pdf,Not Found
11/12/25,K252452,PeekMed web,"Peek Health, S.A.",Radiology,QIH,https://www.accessdata.fda.gov/cdrh_docs/pdf25/K252452.pdf,Not Found
11/7/25,K250264,SugarBug (1.x),"Bench7, Inc.",Radiology,MYN,https://www.accessdata.fda.gov/cdrh_docs/pdf25/K250264.pdf,Not Found
11/7/25,K252041,Fibresolve (with PCCP),"Imvaria, Inc.",Radiology,QWO,https://www.accessdata.fda.gov/cdrh_docs/pdf25/K252041.pdf,Not Found
11/6/25,K253265,BriefCase-Triage,"Aidoc Medical , Ltd.",Radiology,QAS,https://www.accessdata.fda.gov/cdrh_docs/pdf25/K253265.pdf,Not Found
11/3/25,K251532,Acorn 3D Software (AC-SEG-4009); Acorn 3DP Model (AC-101-XX),Mighty Oak Medical,Radiology,LLZ,https://www.accessdata.fda.gov/cdrh_docs/pdf25/K251532.pdf,Not Found
11/3/25,K250330,3mensio Workstation,Pie Medical Imaging BV,Radiology,QIH,https://www.accessdata.fda.gov/cdrh_docs/pdf25/K250330.pdf,Not Found
10/31/25,K252074,"Aplio i900, Aplio i800 and Aplio i700 Software V9.0 Diagnostic Ultrasound System",Canon Medical Systems Corporation,Radiology,IYN,https://www.accessdata.fda.gov/cdrh_docs/pdf25/K252074.pdf,Not Found
10/30/25,K250337,AiORTA - Plan,"ViTAA Medical Solutions, Inc.",Radiology,QIH,https://www.accessdata.fda.gov/cdrh_docs/pdf25/K250337.pdf,Not Found
10/29/25,K251963,LOGIQ E10s,Ge Medical Systems Ultrasound and Primary Care Diagnostics,Radiology,IYN,https://www.accessdata.fda.gov/cdrh_docs/pdf25/K251963.pdf,Not Found
10/29/25,K250882,SANSA HSAT,Huxley Medical,Anesthesiology,MNR,https://www.accessdata.fda.gov/cdrh_docs/pdf25/K250882.pdf,Not Found
10/29/25,K251985,LOGIQ E10,Ge Medical Systems Ultrasound and Primary Care Diagnostics,Radiology,IYN,https://www.accessdata.fda.gov/cdrh_docs/pdf25/K251985.pdf,Not Found
10/27/25,K251027,cvi42 Coronary Plaque Software Application,"Circle Cardiovascular Imaging, Inc.",Radiology,QIH,https://www.accessdata.fda.gov/cdrh_docs/pdf25/K251027.pdf,Not Found
10/24/25,K251059,Syngo Carbon Clinicals (VA41),Siemens Healthineers AG,Radiology,QIH,https://www.accessdata.fda.gov/cdrh_docs/pdf25/K251059.pdf,Not Found
10/23/25,K250288,TeraRecon Cardiovascular.Calcification.CT,"Terarecon,Inc.",Radiology,QIH,https://www.accessdata.fda.gov/cdrh_docs/pdf25/K250288.pdf,Not Found
10/22/25,K252298,ANDI 2.0,"Imeka Solutions, Inc.",Radiology,QIH,https://www.accessdata.fda.gov/cdrh_docs/pdf25/K252298.pdf,Not Found
10/20/25,K252665,brAIn Shoulder Positioning,Avatar Medical,Radiology,QIH,https://www.accessdata.fda.gov/cdrh_docs/pdf25/K252665.pdf,Not Found
10/17/25,K251673,X9 Ultrasound System,"X9, Inc.",Radiology,SGH,https://www.accessdata.fda.gov/cdrh_docs/pdf25/K251673.pdf,Not Found
10/17/25,K251355,X1-FFR,"Spectrawave, Inc.",Radiology,QHA,https://www.accessdata.fda.gov/cdrh_docs/pdf25/K251355.pdf,Not Found
10/10/25,K251082,HYDROS Robotic System (HY1000); HYDROS Handpiece (HH1000); HYDROS TRUS Probe (HU1000),Procept Biorobotics,General and Plastic Surgery,PZP,https://www.accessdata.fda.gov/cdrh_docs/pdf25/K251082.pdf,Not Found
10/10/25,K251602,"Alphenix, INFX-8000V/B, INFX-8000V/S, V9.6 with aEvolve Imaging",Canon Medical Systems Corporation,Radiology,OWB,https://www.accessdata.fda.gov/cdrh_docs/pdf25/K251602.pdf,Not Found
10/9/25,K251651,EPIQ Series Diagnostic Ultrasound System; Affiniti Series Diagnostic Ultrasound System,"Philips Ultrasound, LLC",Radiology,IYN,https://www.accessdata.fda.gov/cdrh_docs/pdf25/K251651.pdf,Not Found
10/7/25,K252214,AIAS Cephalon,Metamorphosis GmbH,Radiology,QIH,https://www.accessdata.fda.gov/cdrh_docs/pdf25/K252214.pdf,Not Found
10/6/25,K252007,BlineSlide,"Deep Breathe, Inc.",Radiology,QIH,https://www.accessdata.fda.gov/cdrh_docs/pdf25/K252007.pdf,Not Found
10/3/25,K252178,MAGENTIQ-COLO (ME-APDS),"Magentiq Eye, Ltd.",Gastroenterology-Urology,QNP,https://www.accessdata.fda.gov/cdrh_docs/pdf25/K252178.pdf,Not Found
10/3/25,K251639,xvision Spine system,"Augmedics, Ltd.",Neurology,SBF,https://www.accessdata.fda.gov/cdrh_docs/pdf25/K251639.pdf,Not Found
10/3/25,K250662,Bunkerhill MAC,Bunkerhill Health,Radiology,JAK,https://www.accessdata.fda.gov/cdrh_docs/pdf25/K250662.pdf,Not Found
10/2/25,K250766,LungQ 4,Thirona BV,Radiology,JAK,https://www.accessdata.fda.gov/cdrh_docs/pdf25/K250766.pdf,Not Found
9/29/25,K250023,SMART PCFD,Disior Ltd,Radiology,QIH,https://www.accessdata.fda.gov/cdrh_docs/pdf25/K250023.pdf,Not Found
9/29/25,K252054,SpineAR SNAP (SyncAR Spine),"Surgical Theater, Inc.",Neurology,SBF,https://www.accessdata.fda.gov/cdrh_docs/pdf25/K252054.pdf,Not Found
9/26/25,K252105,Ligence Heart,"Ligence, UAB",Radiology,QIH,https://www.accessdata.fda.gov/cdrh_docs/pdf25/K252105.pdf,Not Found
9/25/25,K251527,Brain WMH,Quantib BV,Radiology,QIH,https://www.accessdata.fda.gov/cdrh_docs/pdf25/K251527.pdf,Not Found
9/25/25,K252371,uMR 680,"Shanghai United Imaging Healthcare Co., Ltd.",Radiology,LNH,https://www.accessdata.fda.gov/cdrh_docs/pdf25/K252371.pdf,Not Found
9/23/25,K251483,SwiftSight-Brain,AIRS Medical Inc.,Radiology,QIH,https://www.accessdata.fda.gov/cdrh_docs/pdf25/K251483.pdf,Not Found
9/23/25,K251987,Rapid Aortic Measurements,"iSchemaView, Inc.",Radiology,QIH,https://www.accessdata.fda.gov/cdrh_docs/pdf25/K251987.pdf,Not Found
9/19/25,K251167,uDR Aurora CX,"Shanghai United Imaging Healthcare Co., Ltd.",Radiology,KPR,https://www.accessdata.fda.gov/cdrh_docs/pdf25/K251167.pdf,Not Found
9/19/25,K251002,Videa Dental AI,VideaHealth Inc.,Radiology,MYN,https://www.accessdata.fda.gov/cdrh_docs/pdf25/K251002.pdf,Not Found
9/19/25,K250649,Bunkerhill ECG-EF,BunkerHill Health,Cardiovascular,QYE,https://www.accessdata.fda.gov/cdrh_docs/pdf25/K250649.pdf,Not Found
9/18/25,K250369,Axial3D Insight,Axial Medical Printing Limited,Radiology,QIH,https://www.accessdata.fda.gov/cdrh_docs/pdf25/K250369.pdf,Not Found
9/17/25,K251386,ECHELON Synergy,Fujifilm Corporation,Radiology,LNH,https://www.accessdata.fda.gov/cdrh_docs/pdf25/K251386.pdf,Not Found
9/17/25,K251221,Assert-IQ  (DM5000); Assert-IQ (DM5300); Assert-IQ (DM5500); Merlin.net (MN7000),Abbott,Cardiovascular,MXD,https://www.accessdata.fda.gov/cdrh_docs/pdf25/K251221.pdf,Not Found
9/15/25,K250237,InferOperate Suite,"Beijing Infervision Healthcare Medical Technology Co., Ltd.",Radiology,QIH,https://www.accessdata.fda.gov/cdrh_docs/pdf25/K250237.pdf,Not Found
9/12/25,K251368,FETOLY,Diagnoly,Radiology,IYN,https://www.accessdata.fda.gov/cdrh_docs/pdf25/K251368.pdf,Not Found
9/12/25,K251518,Volta AF-Xplorer II,Volta Medical,Cardiovascular,DQK,https://www.accessdata.fda.gov/cdrh_docs/pdf25/K251518.pdf,Not Found
9/12/25,K252586,CADDIE,Odin Medical Limited,Gastroenterology-Urology,QNP,https://www.accessdata.fda.gov/cdrh_docs/pdf25/K252586.pdf,Not Found
9/11/25,K251399,SIGNA Sprint,"GE Medical Systems, LLC",Radiology,LNH,https://www.accessdata.fda.gov/cdrh_docs/pdf25/K251399.pdf,Not Found
9/11/25,K250507,Hypertension Notification Feature (HTNF),Apple Inc.,Cardiovascular,SFR,https://www.accessdata.fda.gov/cdrh_docs/pdf25/K250507.pdf,Not Found
9/11/25,K251316,Mazor X System / Mazor X Stealth Edition,Mazor Robotics Ltd.,Neurology,OLO,https://www.accessdata.fda.gov/cdrh_docs/pdf25/K251316.pdf,Not Found
9/10/25,K244002,AngioWaveNet,"Angiowave Imaging, Inc.",Radiology,QIH,https://www.accessdata.fda.gov/cdrh_docs/pdf24/K244002.pdf,Not Found
9/9/25,K251682,MuscleView 2.0,"Springbok, Inc. (dba Springbok Analytics)",Radiology,LNH,https://www.accessdata.fda.gov/cdrh_docs/pdf25/K251682.pdf,Not Found
9/9/25,K251072,Segmentron Viewer,"DGNCT, LLC",Radiology,QIH,https://www.accessdata.fda.gov/cdrh_docs/pdf25/K251072.pdf,Not Found
9/8/25,K251610,qER-CTA (v1.0),Qure.ai Technologies,Radiology,QAS,https://www.accessdata.fda.gov/cdrh_docs/pdf25/K251610.pdf,Not Found
9/8/25,K251931,BioTraceIO Vision  (V1.7),Techsomed Medical Technologies,Radiology,QTZ,https://www.accessdata.fda.gov/cdrh_docs/pdf25/K251931.pdf,Not Found
9/4/25,K251656,Careverse CoronaryDoc (Careverse CoronaryDoc),Careverse Technology Pte. Ltd.,Radiology,QIH,https://www.accessdata.fda.gov/cdrh_docs/pdf25/K251656.pdf,Not Found
9/4/25,K250064,Dose+ (1.0),Mvision AI Oy,Radiology,MUJ,https://www.accessdata.fda.gov/cdrh_docs/pdf25/K250064.pdf,Not Found
9/4/25,K251533,"Rapid Obstructive Hydrocephalus, Rapid OH",iSchemaView Inc.,Radiology,QAS,https://www.accessdata.fda.gov/cdrh_docs/pdf25/K251533.pdf,Not Found
9/3/25,K252539,Tempus Pixel,"Arterys, Inc.",Radiology,QIH,https://www.accessdata.fda.gov/cdrh_docs/pdf25/K252539.pdf,Not Found
9/2/25,K251408,OsteoSight Hip (v1),Naitive Technologies Ltd,Radiology,SAO,https://www.accessdata.fda.gov/cdrh_docs/pdf25/K251408.pdf,Not Found
9/2/25,K250753,VELMENI for DENTISTS (V4D),Velmeni Inc.,Radiology,MYN,https://www.accessdata.fda.gov/cdrh_docs/pdf25/K250753.pdf,Not Found
8/29/25,K243859,PRAEVAorta®2,Nurea,Radiology,QIH,https://www.accessdata.fda.gov/cdrh_docs/pdf24/K243859.pdf,Not Found
8/29/25,K251106,Sonosite LX and Sonosite PX Ultrasound Systems,Fujifilm Sonosite Inc,Radiology,IYN,https://www.accessdata.fda.gov/cdrh_docs/pdf25/K251106.pdf,Not Found
8/29/25,K250003,GENESEEQPRIME NGS Tumor Profiling Assay (FFPE) (GS6005),Geneseeq Technology Inc.,Pathology,PZM,https://www.accessdata.fda.gov/cdrh_docs/pdf25/K250003.pdf,Not Found
8/29/25,K250290,SurgiTwin,Twinsight,Radiology,LLZ,https://www.accessdata.fda.gov/cdrh_docs/pdf25/K250290.pdf,Not Found
8/28/25,K250788,Definium Tempo Select,"GE Hualun Medical Systems Co., Ltd",Radiology,KPR,https://www.accessdata.fda.gov/cdrh_docs/pdf25/K250788.pdf,Not Found
8/27/25,K243687,Vital Signs,Oxehealth Limited,Cardiovascular,QME,https://www.accessdata.fda.gov/cdrh_docs/pdf24/K243687.pdf,Not Found
8/26/25,K251983,Brainomix 360 Triage Stroke,Brainomix Limited,Radiology,QAS,https://www.accessdata.fda.gov/cdrh_docs/pdf25/K251983.pdf,Not Found
8/22/25,K243685,MammoScreen BD,Therapixel,Radiology,QIH,https://www.accessdata.fda.gov/cdrh_docs/pdf24/K243685.pdf,Not Found
8/22/25,K252362,GBrain MRI,"Galileo CDS, Inc",Radiology,QIH,https://www.accessdata.fda.gov/cdrh_docs/pdf25/K252362.pdf,Not Found
8/21/25,K251029,"Vista OS, Vista AI Scan, RTHawk","Vista AI, Inc.",Radiology,LNH,https://www.accessdata.fda.gov/cdrh_docs/pdf25/K251029.pdf,Not Found
8/20/25,K251481,ACUSON Sequoia Diagnostic Ultrasound System; ACUSON Sequoia Select Diagnostic Ultrasound System; ACUSON Origin Diagnostic Ultrasound System; ACUSON Origin ICE Diagnostic Ultrasound System,"Siemens Medical Solutions USA, Inc.",Radiology,IYN,https://www.accessdata.fda.gov/cdrh_docs/pdf25/K251481.pdf,Not Found
8/20/25,K251590,Methinks CTA Stroke,Methinks Software S.L.,Radiology,QAS,https://www.accessdata.fda.gov/cdrh_docs/pdf25/K251590.pdf,Not Found
8/20/25,K251837,Salix Coronary Plaque (V1.0.0),Artrya Limited,Radiology,QIH,https://www.accessdata.fda.gov/cdrh_docs/pdf25/K251837.pdf,Not Found
8/15/25,K243851,CHLOE BLAST,Fairtility Ltd.,Obstetrics and Gynecology,PBH,https://www.accessdata.fda.gov/cdrh_docs/pdf24/K243851.pdf,Not Found
8/15/25,K250818,Nerveblox,Smart Alfa Teknoloji San. Ve Tic. A.S.,Anesthesiology,QRG,https://www.accessdata.fda.gov/cdrh_docs/pdf25/K250818.pdf,Not Found
8/15/25,K251747,VEA Align; spineEOS,EOS imaging,Radiology,QIH,https://www.accessdata.fda.gov/cdrh_docs/pdf25/K251747.pdf,Not Found
8/12/25,K250755,DS Core Diagnosis,Dentsply Sirona Inc.,Radiology,QIH,https://www.accessdata.fda.gov/cdrh_docs/pdf25/K250755.pdf,Not Found
8/12/25,K251494,Eko Foundation Analysis Software with Transformers (EFAST),"Eko Health, Inc.",Cardiovascular,DQD,https://www.accessdata.fda.gov/cdrh_docs/pdf25/K251494.pdf,Not Found
8/11/25,K251873,Saige-Dx,"DeepHealth, Inc.",Radiology,QDQ,https://www.accessdata.fda.gov/cdrh_docs/pdf25/K251873.pdf,Not Found
8/7/25,K251629,UNiD Spine Analyzer,Medicrea International S.A.S. (Medtronic),Radiology,QIH,https://www.accessdata.fda.gov/cdrh_docs/pdf25/K251629.pdf,Not Found
8/6/25,K250569,Cardiologs Holter Platform,Philips France Commercial,Cardiovascular,DPS,https://www.accessdata.fda.gov/cdrh_docs/pdf25/K250569.pdf,Not Found
8/5/25,K250246,uMR Jupiter,"Shanghai United Imaging Healthcare Co., Ltd.",Radiology,LNH,https://www.accessdata.fda.gov/cdrh_docs/pdf25/K250246.pdf,Not Found
8/1/25,K250941,Revolution Vibe,"GE Medical Systems, LLC",Radiology,JAK,https://www.accessdata.fda.gov/cdrh_docs/pdf25/K250941.pdf,Not Found
7/31/25,K243341,Genius AI Detection 2.0,"Hologic, Inc.",Radiology,QDQ,https://www.accessdata.fda.gov/cdrh_docs/pdf24/K243341.pdf,Not Found
7/31/25,K250738,YSIO X.pree,Siemens Medical Solutions,Radiology,KPR,https://www.accessdata.fda.gov/cdrh_docs/pdf25/K250738.pdf,Not Found
7/31/25,DEN240068,ArteraAI Prostate,Artera Inc.,Pathology,SFH,https://www.accessdata.fda.gov/cdrh_docs/pdf24/DEN240068.pdf,Not Found
7/30/25,K243919,Voxel Dosimetry (00859873006226),Hermes Medical Solutions AB,Radiology,QIH,https://www.accessdata.fda.gov/cdrh_docs/pdf24/K243919.pdf,Not Found
7/28/25,K250652,ECG-AI Low Ejection Fraction (LEF) 12-Lead algorithm (1010),"Anumana, Inc.",Cardiovascular,QYE,https://www.accessdata.fda.gov/cdrh_docs/pdf25/K250652.pdf,Not Found
7/25/25,K251322,Venue; Venue Go; Venue Fit; Venue Sprint,"GE Medical Systems Ultrasound and Primary care Diagnostics,",Radiology,IYN,https://www.accessdata.fda.gov/cdrh_docs/pdf25/K251322.pdf,Not Found
7/24/25,K251455,EPIQ Series Diagnostic Ultrasound System; Affiniti Series Diagnostic Ultrasound System,Philips Ultrasound LLC,Radiology,IYN,https://www.accessdata.fda.gov/cdrh_docs/pdf25/K251455.pdf,Not Found
7/23/25,K243681,Neuro Insight V1.0,Olea Medical S.A.S.,Radiology,LLZ,https://www.accessdata.fda.gov/cdrh_docs/pdf24/K243681.pdf,Not Found
7/22/25,K250686,GyriCalc (Version 1.0.0),NeuroSpectrum Insights Corp.,Radiology,LLZ,https://www.accessdata.fda.gov/cdrh_docs/pdf25/K250686.pdf,Not Found
7/22/25,K250901,"Vantage Fortian/Orian 1.5T, MRT-1550, V10.0 with AiCE Reconstruction Processing Unit for MR",Canon Medical Systems Corporation,Radiology,LNH,https://www.accessdata.fda.gov/cdrh_docs/pdf25/K250901.pdf,Not Found
7/18/25,K250902,HeartFlow Analysis,"HeartFlow, Inc.",Cardiovascular,PJA,https://www.accessdata.fda.gov/cdrh_docs/pdf25/K250902.pdf,Not Found
7/18/25,K250999,V8 Diagnostic Ultrasound System; cV8 Diagnostic Ultrasound System; V7 Diagnostic Ultrasound System; cV7 Diagnostic Ultrasound System; V6 Diagnostic Ultrasound System; cV6 Diagnostic Ultrasound System; V5 Diagnostic Ultrasound System; cV5 Diagnostic Ultrasound System; V4 Diagnostic Ultrasound System; cV4 Diagnostic Ultrasound System,"Samsung Medison Co., Ltd.",Radiology,IYN,https://www.accessdata.fda.gov/cdrh_docs/pdf25/K250999.pdf,Not Found
7/17/25,K243547,uMR Ultra,"Shanghai United Imaging Healthcare Co., Ltd.",Radiology,LNH,https://www.accessdata.fda.gov/cdrh_docs/pdf24/K243547.pdf,Not Found
7/17/25,K251839,uMI Panvivo (uMI Panvivo); uMI Panvivo (uMI Panvivo S),"Shanghai United Imaging Healthcare Co., Ltd.",Radiology,KPS,https://www.accessdata.fda.gov/cdrh_docs/pdf25/K251839.pdf,Not Found
7/16/25,K251342,EchoPAC Software Only / EchoPAC Plug-in,GE Medical Systems Ultrasound and Primary Care Diagnostics,Radiology,QIH,https://www.accessdata.fda.gov/cdrh_docs/pdf25/K251342.pdf,Not Found
7/16/25,K251151,Rapid CTA 360,iSchemaView,Radiology,QAS,https://www.accessdata.fda.gov/cdrh_docs/pdf25/K251151.pdf,Not Found
7/16/25,K243397,uMR 680,"Shanghai United Imaging Healthcare Co., Ltd.",Radiology,LNH,https://www.accessdata.fda.gov/cdrh_docs/pdf24/K243397.pdf,Not Found
7/15/25,K250119,Tempus ECG-Low EF,"Tempus AI, Inc.",Cardiovascular,QYE,https://www.accessdata.fda.gov/cdrh_docs/pdf25/K250119.pdf,Not Found
7/14/25,K251096,PeekMed web,"Peek Health, S.A.",Radiology,QIH,https://www.accessdata.fda.gov/cdrh_docs/pdf25/K251096.pdf,Not Found
7/14/25,K250660,LUMINOS Q.namix T; LUMINOS Q.namix R,Siemens Medical Solutions,Radiology,OWB,https://www.accessdata.fda.gov/cdrh_docs/pdf25/K250660.pdf,Not Found
7/10/25,K251169,Vivid Pioneer,GE Medical Systems Ultrasound and Primary Care Diagnostics,Radiology,IYN,https://www.accessdata.fda.gov/cdrh_docs/pdf25/K251169.pdf,Not Found
7/8/25,K251766,TumorSight Viz,"SimBioSys, Inc.",Radiology,QIH,https://www.accessdata.fda.gov/cdrh_docs/pdf25/K251766.pdf,Not Found
7/7/25,K243884,TAVIPILOT,Caranx Medical,Radiology,OWB,https://www.accessdata.fda.gov/cdrh_docs/pdf24/K243884.pdf,Not Found
7/3/25,K243679,MammoScreen® (4),Therapixel,Radiology,QDQ,https://www.accessdata.fda.gov/cdrh_docs/pdf24/K243679.pdf,Not Found
7/3/25,K251528,syngo.via MI Workflows; Scenium; syngo MBF,"Siemens Medical Solutions USA, Inc.",Radiology,QIH,https://www.accessdata.fda.gov/cdrh_docs/pdf25/K251528.pdf,Not Found
7/1/25,K243779,Bunkerhill Abdominal Aortic Quantification (AAQ),BunkerHill Health,Radiology,QIH,https://www.accessdata.fda.gov/cdrh_docs/pdf24/K243779.pdf,Not Found
7/1/25,K250221,StrokeSENS ASPECTS Software Application,Circle Cardiovascular Imaging Inc.,Radiology,POK,https://www.accessdata.fda.gov/cdrh_docs/pdf25/K250221.pdf,Not Found
7/1/25,K250096,Felix NeuroAI  System,Fasikl Incorporated,Neurology,QBC,https://www.accessdata.fda.gov/cdrh_docs/pdf25/K250096.pdf,Not Found
6/30/25,K250670,EchoConfidence (USA),Mycardium AI Limited,Radiology,QIH,https://www.accessdata.fda.gov/cdrh_docs/pdf25/K250670.pdf,Not Found
6/30/25,K243647,Synapse PACS (7.5),FUJIFILM Healthcare Americas Corporation,Radiology,QIH,https://www.accessdata.fda.gov/cdrh_docs/pdf24/K243647.pdf,Not Found
6/30/25,K250484,PIUR tUS inside,PIUR Imaging GmbH,Radiology,QIH,https://www.accessdata.fda.gov/cdrh_docs/pdf25/K250484.pdf,Not Found
6/27/25,K243144,X100/X100HT with Full Field Peripheral Blood Smear (PBS) Application,"Scopio Labs , Ltd.",Hematology,JOY,https://www.accessdata.fda.gov/cdrh_docs/pdf24/K243144.pdf,Not Found
6/27/25,K250984,Maestro System (REF100),Moon Surgical,Gastroenterology-Urology,QZB,https://www.accessdata.fda.gov/cdrh_docs/pdf25/K250984.pdf,Not Found
6/27/25,K243144,X100/X100HT with Full Field Peripheral Blood Smear (PBS) Application,Scopio Labs Ltd.,Hematology,JOY,https://www.accessdata.fda.gov/cdrh_docs/pdf24/K243144.pdf,Not Found
6/24/25,K250268,HyperSnap Surgical System (HSS),Hypervision Surgical,Gastroenterology-Urology,SFE,https://www.accessdata.fda.gov/cdrh_docs/pdf25/K250268.pdf,Not Found
6/24/25,K250268,HyperSnap Surgical System (HSS),Hypervision Surgical,Gastroenterology-Urology,SFE,https://www.accessdata.fda.gov/cdrh_docs/pdf25/K250268.pdf,Not Found
6/20/25,K250151,Us2.ca,Eko.ai Pte. Ltd. d/b/a Us2.ai,Cardiovascular,SDJ,https://www.accessdata.fda.gov/cdrh_docs/pdf25/K250151.pdf,Not Found
6/20/25,K250877,TMINI Miniature Robotic System,"THINK Surgical, Inc.",Neurology,OLO,https://www.accessdata.fda.gov/cdrh_docs/pdf25/K250877.pdf,Not Found
6/20/25,K250151,Us2.ca,Eko.Ai Pte Ltd. D/B/A Us2.Ai,Cardiovascular,SDJ,https://www.accessdata.fda.gov/cdrh_docs/pdf25/K250151.pdf,Not Found
6/19/25,K250515,EpiMonitor,Empatica  Srl,Neurology,POS,https://www.accessdata.fda.gov/cdrh_docs/pdf25/K250515.pdf,Not Found
6/18/25,K243253,6600 Ultrasound System (MyLabA50); 6600 Ultrasound System (MyLabA70),Esaote S.p.A.,Radiology,IYN,https://www.accessdata.fda.gov/cdrh_docs/pdf24/K243253.pdf,Not Found
6/18/25,K250886,EPIQ Series Diagnostic Ultrasound Systems; Affiniti Series Diagnostic Ultrasound Systems,Philips Ultrasound LLC,Radiology,IYN,https://www.accessdata.fda.gov/cdrh_docs/pdf25/K250886.pdf,Not Found
6/18/25,K243672,CardIQ Suite,GE Medical Systems SCS,Radiology,JAK,https://www.accessdata.fda.gov/cdrh_docs/pdf24/K243672.pdf,Not Found
6/17/25,K250440,"RT Elements  (4.5); (Elements) Multiple Brain Mets SRS; (Elements) Cranial SRS; (Elements) Spine SRS; (Elements) Cranial SRS w/ Cones; (Elements) RT Planning Platform; (Elements) Dose Review; (Elements) Retreatment Review; Elements Segmentation [Cranial , Basal Ganglia, Head & Neck, Pelvic, Spine, Thoracic & Spine, Extracranial] RT; Elements AI Tumor Segmentation RT; Elements SmartBrush [Angio, Spine] RT; Elements Object Management RT",Brainlab AG,Radiology,MUJ,https://www.accessdata.fda.gov/cdrh_docs/pdf25/K250440.pdf,Not Found
6/16/25,K250436,MAGNETOM Flow.Ace; MAGNETOM Flow.Plus,Siemens Shenzhen Magnetic Resonance Ltd.,Radiology,LNH,https://www.accessdata.fda.gov/cdrh_docs/pdf25/K250436.pdf,Not Found
6/16/25,K250443,MAGNETOM Avanto Fit; MAGNETOM Skyra Fit; MAGNETOM Sola Fit; MAGNETOM Viato.Mobile,Siemens Healthcare GmbH,Radiology,LNH,https://www.accessdata.fda.gov/cdrh_docs/pdf25/K250443.pdf,Not Found
6/16/25,K250436,MAGNETOM Flow.Ace; MAGNETOM Flow.Plus,"Siemens Shenzhen Magnetic Resonance , Ltd.",Radiology,LNH,https://www.accessdata.fda.gov/cdrh_docs/pdf25/K250436.pdf,Not Found
6/16/25,K250443,MAGNETOM Avanto Fit; MAGNETOM Skyra Fit; MAGNETOM Sola Fit; MAGNETOM Viato.Mobile,Siemens Healthcare GmbH,Radiology,LNH,https://www.accessdata.fda.gov/cdrh_docs/pdf25/K250443.pdf,Not Found
6/16/25,K250685,Methinks NCCT Stroke,Methinks Software S.L.,Radiology,QAS,https://www.accessdata.fda.gov/cdrh_docs/pdf25/K250685.pdf,Not Found
6/15/25,K240795,Withings ECG App,Withings,Cardiovascular,QDA,https://www.accessdata.fda.gov/cdrh_docs/pdf24/K240795.pdf,Not Found
6/15/25,K240795,Withings ECG App,Withings,Cardiovascular,QDA,https://www.accessdata.fda.gov/cdrh_docs/pdf24/K240795.pdf,Not Found
6/13/25,K243633,Brainlab Elements (7.0); Brainlab Elements Image Fusion (5.0); Brainlab Elements Image Fusion Angio (1.0); Brainlab Elements Contouring (5.0); Brainlab Elements Fibertracking (3.0); Brainlab Elements BOLD MRI Mapping (1.0),Brainlab AG,Radiology,QIH,https://www.accessdata.fda.gov/cdrh_docs/pdf24/K243633.pdf,Not Found
6/12/25,K243234,Second Opinion® CS,Pearl Inc.,Radiology,MYN,https://www.accessdata.fda.gov/cdrh_docs/pdf24/K243234.pdf,Not Found
6/12/25,K243234,Second Opinion® CS,"Pearl, Inc.",Radiology,MYN,https://www.accessdata.fda.gov/cdrh_docs/pdf24/K243234.pdf,Not Found
6/12/25,K251153,Aurora,Ge Medical Systems Israel,Radiology,KPS,https://www.accessdata.fda.gov/cdrh_docs/pdf25/K251153.pdf,Not Found
6/12/25,K251153,Aurora,GE Medical Systems Israel,Radiology,KPS,https://www.accessdata.fda.gov/cdrh_docs/pdf25/K251153.pdf,Not Found
6/10/25,K250354,"Viz Subdural+, Viz SUBDURAL PLUS","Viz.ai, Inc.",Radiology,QIH,https://www.accessdata.fda.gov/cdrh_docs/pdf25/K250354.pdf,Not Found
6/6/25,K242737,Empatica Health Monitoring Platform; EmbracePlus; Empatica Care; Care Portal,Empatica S.r.l.,Cardiovascular,MWI,https://www.accessdata.fda.gov/cdrh_docs/pdf24/K242737.pdf,Not Found
6/6/25,K251009,Cirrus Resting State fMRI Software,"Sora Neuroscience, Inc.",Radiology,QIH,https://www.accessdata.fda.gov/cdrh_docs/pdf25/K251009.pdf,Not Found
6/6/25,K242737,Empatica Health Monitoring Platform; EmbracePlus; Empatica Care; Care Portal,Empatica S.R.L.,Cardiovascular,MWI,https://www.accessdata.fda.gov/cdrh_docs/pdf24/K242737.pdf,Not Found
6/5/25,K251456,BrightHeart View Classifier,BrightHeart,Radiology,QIH,https://www.accessdata.fda.gov/cdrh_docs/pdf25/K251456.pdf,Not Found
6/5/25,K243667,Sonic DL,"GE Medical Systems, LLC",Radiology,LNH,https://www.accessdata.fda.gov/cdrh_docs/pdf24/K243667.pdf,Not Found
6/4/25,K250749,PhysCade System,"Physcade, Inc.",Cardiovascular,DQK,https://www.accessdata.fda.gov/cdrh_docs/pdf25/K250749.pdf,Not Found
6/4/25,K251397,"Ingenia, Ingenia CX, Ingenia Elition, Ingenia Ambition, BlueSeal, MR 5300 and MR 7700 MR System",Philips Medical Systems Nederland B.V.,Radiology,LNH,https://www.accessdata.fda.gov/cdrh_docs/pdf25/K251397.pdf,Not Found
6/4/25,K243810,TraumaCad Neo (1.1),Brainlab Ltd.,Radiology,QIH,https://www.accessdata.fda.gov/cdrh_docs/pdf24/K243810.pdf,Not Found
6/4/25,K250749,PhysCade System,"PhysCade, Inc.",Cardiovascular,DQK,https://www.accessdata.fda.gov/cdrh_docs/pdf25/K250749.pdf,Not Found
6/4/25,K251397,"Ingenia, Ingenia CX, Ingenia Elition, Ingenia Ambition, BlueSeal, MR 5300 and MR 7700 MR System",Philips Medical Systems Nederland B.V.,Radiology,LNH,https://www.accessdata.fda.gov/cdrh_docs/pdf25/K251397.pdf,Not Found
5/30/25,K243005,AudaxCeph Cephalogram Analysis Software,Audax d.o.o.,Radiology,QIH,https://www.accessdata.fda.gov/cdrh_docs/pdf24/K243005.pdf,Not Found
5/30/25,DEN240047,Allix5,"Clairity, Inc.",Radiology,SEZ,https://www.accessdata.fda.gov/cdrh_docs/pdf24/DEN240047.pdf,Not Found
5/30/25,K242830,LensHooke X3 PRO Semen Quality Analyzer; LensHooke X3 PRO SE Semen Quality Analyzer,"Bonraybio Co., LTD.",Hematology,POV,https://www.accessdata.fda.gov/cdrh_docs/pdf24/K242830.pdf,Not Found
5/30/25,K250236,Swoop® Portable MR Imaging® System (V2),"Hyperfine, Inc.",Radiology,LNH,https://www.accessdata.fda.gov/cdrh_docs/pdf25/K250236.pdf,Not Found
5/30/25,K243863,Opulus Lymphoma Precision,"Roche Molecular Systems, Inc.",Radiology,QIH,https://www.accessdata.fda.gov/cdrh_docs/pdf24/K243863.pdf,Not Found
5/30/25,K251406,BriefCase-Triage,"Aidoc Medical, Ltd.",Radiology,QAS,https://www.accessdata.fda.gov/cdrh_docs/pdf25/K251406.pdf,Not Found
5/29/25,K250543,Voluson Performance 16; Voluson Performance 18,GE Medical Systems Ultrasound and Primary care Diagnostics,Radiology,IYN,https://www.accessdata.fda.gov/cdrh_docs/pdf25/K250543.pdf,Not Found
5/28/25,K243378,Rapid MLS,iSchemaview Inc.,Radiology,QIH,https://www.accessdata.fda.gov/cdrh_docs/pdf24/K243378.pdf,Not Found
5/28/25,K250427,TAIMedImg DeepMets,"Taiwan Medical Imaging Co., Ltd.",Radiology,QKB,https://www.accessdata.fda.gov/cdrh_docs/pdf25/K250427.pdf,Not Found
5/28/25,K250367,CoLumboX,Smart Soft Healthcare AD,Radiology,QIH,https://www.accessdata.fda.gov/cdrh_docs/pdf25/K250367.pdf,Not Found
5/27/25,K250932,DeepRhythmAI,Medicalgorithmics S.A.,Cardiovascular,DQK,https://www.accessdata.fda.gov/cdrh_docs/pdf25/K250932.pdf,Not Found
5/23/25,K250005,Clever One,"Ewoosoft Co., Ltd",Radiology,QIH,https://www.accessdata.fda.gov/cdrh_docs/pdf25/K250005.pdf,Not Found
5/23/25,K243989,Second Opinion® 3D,"Pearl, Inc.",Radiology,QIH,https://www.accessdata.fda.gov/cdrh_docs/pdf24/K243989.pdf,Not Found
5/23/25,K243937,Accuro 3S,"Rivanna Medical, Inc.",Radiology,IYO,https://www.accessdata.fda.gov/cdrh_docs/pdf24/K243937.pdf,Not Found
5/23/25,K242594,DEEPECHO,DeepEcho,Radiology,IYN,https://www.accessdata.fda.gov/cdrh_docs/pdf24/K242594.pdf,Not Found
5/21/25,K251276,Swoop® Portable MR Imaging® System,"Hyperfine, Inc.",Radiology,LNH,https://www.accessdata.fda.gov/cdrh_docs/pdf25/K251276.pdf,Not Found
5/21/25,K243866,InVision Precision Cardiac Amyloid,InVision Medical Technology Corporation,Cardiovascular,SDJ,https://www.accessdata.fda.gov/cdrh_docs/pdf24/K243866.pdf,Not Found
5/21/25,K243762,Synapse 3D Base Tools (V7.0),FUJIFILM Corporation,Radiology,QIH,https://www.accessdata.fda.gov/cdrh_docs/pdf24/K243762.pdf,Not Found
5/21/25,K243793,EPIQ Series Diagnostic Ultrasound System; Affiniti Series Diagnostic Ultrasound System,Philips Ultrasound LLC,Radiology,IYN,https://www.accessdata.fda.gov/cdrh_docs/pdf24/K243793.pdf,Not Found
5/21/25,K243122,uMR Omega,"Shanghai United Imaging Healthcare Co., Ltd.",Radiology,LNH,https://www.accessdata.fda.gov/cdrh_docs/pdf24/K243122.pdf,Not Found
5/20/25,K250370,SCENARIA View Phase 5.0,FUJIFILM Corporation,Radiology,JAK,https://www.accessdata.fda.gov/cdrh_docs/pdf25/K250370.pdf,Not Found
5/16/25,K243617,uCT ATLAS Astound with uWS-CT-Dual Energy Analysis; uCT ATLAS with uWS-CT-Dual Energy Analysis,"Shanghai United Imaging Healthcare Co.,Ltd.",Radiology,JAK,https://www.accessdata.fda.gov/cdrh_docs/pdf24/K243617.pdf,Not Found
5/16/25,K241671,6450 Ultrasound System (MyLabE80); 6450 Ultrasound System (MyLabE85),Esaote S.p.A.,Radiology,IYN,https://www.accessdata.fda.gov/cdrh_docs/pdf24/K241671.pdf,Not Found
5/16/25,K240554,InferRead Lung CT.AI,"Infervision Medical Technology Co., Ltd.",Radiology,OEB,https://www.accessdata.fda.gov/cdrh_docs/pdf24/K240554.pdf,Not Found
5/16/25,K250086,OTS Hip,Ortoma AB,Neurology,OLO,https://www.accessdata.fda.gov/cdrh_docs/pdf25/K250086.pdf,Not Found
5/14/25,K242624,Medical Image Post-processing Software (uOmnispace.CT),"Shanghai United Imaging Healthcare Co., Ltd.",Radiology,QIH,https://www.accessdata.fda.gov/cdrh_docs/pdf24/K242624.pdf,Not Found
5/14/25,K242437,Smile Dx®,"Cube Click, Inc.",Radiology,MYN,https://www.accessdata.fda.gov/cdrh_docs/pdf24/K242437.pdf,Not Found
5/9/25,K243812,Volta AF-Xplorer,Volta Medical,Cardiovascular,DQK,https://www.accessdata.fda.gov/cdrh_docs/pdf24/K243812.pdf,Not Found
5/9/25,K243230,Second Opinion® BLE,Pearl Inc.,Radiology,QIH,https://www.accessdata.fda.gov/cdrh_docs/pdf24/K243230.pdf,Not Found
5/9/25,K242388,LensHooke X12 PRO Semen Analysis System,"Bonraybio Co., LTD.",Hematology,POV,https://www.accessdata.fda.gov/cdrh_docs/pdf24/K242388.pdf,Not Found
5/9/25,K251110,EPIQ Series Diagnostic Ultrasound Systems; Affiniti Series Diagnostic Ultrasound Systems,Philips Ultrasound LLC,Radiology,IYN,https://www.accessdata.fda.gov/cdrh_docs/pdf25/K251110.pdf,Not Found
5/9/25,K251126,SKOUT system,Iterative Health,Gastroenterology-Urology,QNP,https://www.accessdata.fda.gov/cdrh_docs/pdf25/K251126.pdf,Not Found
5/8/25,K250226,Clarius Median Nerve AI,Clarius Mobile Health Corp.,Radiology,QIH,https://www.accessdata.fda.gov/cdrh_docs/pdf25/K250226.pdf,Not Found
5/7/25,K243684,BrightHeart View Classifier,BrightHeart,Radiology,QIH,https://www.accessdata.fda.gov/cdrh_docs/pdf24/K243684.pdf,Not Found
5/5/25,K243893,Second Opinion® Pediatric,"Pearl, Inc.",Radiology,MYN,https://www.accessdata.fda.gov/cdrh_docs/pdf24/K243893.pdf,Not Found
5/2/25,K242583,AT-Patch (ATP-C130/ATP-C70),"ATsens Co.,Ltd.",Cardiovascular,DSH,https://www.accessdata.fda.gov/cdrh_docs/pdf24/K242583.pdf,Not Found
5/2/25,K251071,Fetal EchoScan (v1.1),BrightHeart,Radiology,POK,https://www.accessdata.fda.gov/cdrh_docs/pdf25/K251071.pdf,Not Found
5/1/25,K250087,Vscan Air,GE Medical Systems Ultrasound and Primary Care Diagnostics,Radiology,IYN,https://www.accessdata.fda.gov/cdrh_docs/pdf25/K250087.pdf,Not Found
4/30/25,K250328,UltraExtend NX CUW-U001S V2.0 Ultrasound Image Analysis Program,Canon Medical Systems Corporation,Radiology,QIH,https://www.accessdata.fda.gov/cdrh_docs/pdf25/K250328.pdf,Not Found
4/30/25,P230022,"Jewel Patch Wearable Cardioverter Defibrillator (P-WCD) (Jewel), Jewel P-WCD Firmware, Device Accessories Skin Preparati","Element Science, Inc.",Cardiovascular,MVK,https://www.accessdata.fda.gov/cdrh_docs/pdf23/P230022.pdf,Not Found
4/28/25,K243376,uAngio AVIVA CX,"Shanghai United Imaging Healthcare Co.,Ltd.",Radiology,OWB,https://www.accessdata.fda.gov/cdrh_docs/pdf24/K243376.pdf,Not Found
4/24/25,K243239,Lung AI (LAI001),Exo Inc,Radiology,MYN,https://www.accessdata.fda.gov/cdrh_docs/pdf24/K243239.pdf,Not Found
4/23/25,K250831,Annalise Enterprise,Annalise-AI,Radiology,QFM,https://www.accessdata.fda.gov/cdrh_docs/pdf25/K250831.pdf,Not Found
4/21/25,K243651,VersaViewer,GE Medical Systems SCS,Radiology,LLZ,https://www.accessdata.fda.gov/cdrh_docs/pdf24/K243651.pdf,Not Found
4/17/25,K243878,CLARUS (700),"Carl Zeiss Meditec, Inc.",Ophthalmic,QER,https://www.accessdata.fda.gov/cdrh_docs/pdf24/K243878.pdf,Not Found
4/17/25,K242129,VitalRhythm,"VitalConnect, Inc.",Cardiovascular,DQK,https://www.accessdata.fda.gov/cdrh_docs/pdf24/K242129.pdf,Not Found
4/16/25,K243853,Clarius Prostate AI,Clarius Mobile Health Corp.,Radiology,QIH,https://www.accessdata.fda.gov/cdrh_docs/pdf24/K243853.pdf,Not Found
4/16/25,K242500,LARALAB,LARALAB GmbH,Radiology,QIH,https://www.accessdata.fda.gov/cdrh_docs/pdf24/K242500.pdf,Not Found
4/15/25,K250650,SpotLight / SpotLight Duo with Low Dose Lung Cancer Screening Option,Arineta Ltd.,Radiology,JAK,https://www.accessdata.fda.gov/cdrh_docs/pdf25/K250650.pdf,Not Found
4/11/25,K242600,Second Opinion Periapical Radiolucency Contours,Pearl Inc.,Radiology,MYN,https://www.accessdata.fda.gov/cdrh_docs/pdf24/K242600.pdf,Not Found
4/11/25,K243558,Canvas Dx,"Cognoa, Inc.",Neurology,QPF,https://www.accessdata.fda.gov/cdrh_docs/pdf24/K243558.pdf,Not Found
4/11/25,K250416,GBrain MRI,"Galileo CDS, Inc",Radiology,QIH,https://www.accessdata.fda.gov/cdrh_docs/pdf25/K250416.pdf,Not Found
4/11/25,K242748,Oncospace,"Oncospace, Inc.",Radiology,MUJ,https://www.accessdata.fda.gov/cdrh_docs/pdf24/K242748.pdf,Not Found
4/11/25,K243558,Canvas Dx,"Cognoa, Inc.",Neurology,QPF,https://www.accessdata.fda.gov/cdrh_docs/pdf24/K243558.pdf,Not Found
4/11/25,K242748,Oncospace,"Oncospace, Inc.",Radiology,MUJ,https://www.accessdata.fda.gov/cdrh_docs/pdf24/K242748.pdf,Not Found
4/11/25,K242600,Second Opinion Periapical Radiolucency Contours,"Pearl, Inc.",Radiology,MYN,https://www.accessdata.fda.gov/cdrh_docs/pdf24/K242600.pdf,Not Found
4/10/25,K250754,cmAngio® (V1.6),"CureMetrix, Inc.",Radiology,QIH,https://www.accessdata.fda.gov/cdrh_docs/pdf25/K250754.pdf,Not Found
4/10/25,K250177,EPIQ Series Diagnostic Ultrasound System; Affiniti Series Diagnostic Ultrasound System,Philips Ultrasound LLC,Radiology,IYN,https://www.accessdata.fda.gov/cdrh_docs/pdf25/K250177.pdf,Not Found
4/10/25,K243145,syngo.CT LVO Detection,"Siemens Medical Solutions USA, Inc.",Radiology,QAS,https://www.accessdata.fda.gov/cdrh_docs/pdf24/K243145.pdf,Not Found
4/9/25,K243743,autoSCORE (V 2.0.0),Holberg Eeg AS,Neurology,OMB,https://www.accessdata.fda.gov/cdrh_docs/pdf24/K243743.pdf,Not Found
4/9/25,K243743,autoSCORE (V 2.0.0),Holberg EEG AS,Neurology,OMB,https://www.accessdata.fda.gov/cdrh_docs/pdf24/K243743.pdf,Not Found
4/8/25,K242295,BunkerHill BMD,Bunkerhill Health,Radiology,KGI,https://www.accessdata.fda.gov/cdrh_docs/pdf24/K242295.pdf,Not Found
4/8/25,K242295,BunkerHill BMD,BunkerHill Health,Radiology,KGI,https://www.accessdata.fda.gov/cdrh_docs/pdf24/K242295.pdf,Not Found
4/7/25,K243567,Tyto Insights for Rhonchi Detection,Tyto Care Ltd.,Anesthesiology,PHZ,https://www.accessdata.fda.gov/cdrh_docs/pdf24/K243567.pdf,Not Found
4/7/25,K243567,Tyto Insights for Rhonchi Detection,"Tyto Care , Ltd.",Anesthesiology,PHZ,https://www.accessdata.fda.gov/cdrh_docs/pdf24/K243567.pdf,Not Found
4/4/25,K243769,QFR (3.0),Qfr Solutions BV,Radiology,QHA,https://www.accessdata.fda.gov/cdrh_docs/pdf24/K243769.pdf,Not Found
4/4/25,K240398,"RayStation 2023B, RayPlan 2023B, RayStation 2024A, RayPlan 2024A, RayStation 2024A SP3, RayPlan 2024A SP3",RaySearch Laboratories AB (PUBL),Radiology,MUJ,https://www.accessdata.fda.gov/cdrh_docs/pdf24/K240398.pdf,Not Found
4/4/25,K241982,DeepFoqus (DeepFoqus-Accelerate),Foqus Technologies Inc.,Radiology,QIH,https://www.accessdata.fda.gov/cdrh_docs/pdf24/K241982.pdf,Not Found
4/4/25,K242807,HeartFocus (V.1.1.1),Deski,Radiology,QJU,https://www.accessdata.fda.gov/cdrh_docs/pdf24/K242807.pdf,Not Found
4/4/25,K240398,"RayStation 2023B, RayPlan 2023B, RayStation 2024A, RayPlan 2024A, RayStation 2024A SP3, RayPlan 2024A SP3",RaySearch Laboratories AB (publ),Radiology,MUJ,https://www.accessdata.fda.gov/cdrh_docs/pdf24/K240398.pdf,Not Found
4/4/25,K243769,QFR (3.0),QFR Solutions bv,Radiology,QHA,https://www.accessdata.fda.gov/cdrh_docs/pdf24/K243769.pdf,Not Found
4/3/25,K242551,syngo Dynamics (Version VA41D),Siemens Healthcare GmbH,Radiology,QIH,https://www.accessdata.fda.gov/cdrh_docs/pdf24/K242551.pdf,Not Found
4/2/25,K241984,Hi-D Imaging 4TAVR,Hi-D Imaging AG,Radiology,QIH,https://www.accessdata.fda.gov/cdrh_docs/pdf24/K241984.pdf,Not Found
4/1/25,K242925,MR Contour DL,GE HealthCare,Radiology,QKB,https://www.accessdata.fda.gov/cdrh_docs/pdf24/K242925.pdf,Not Found
3/31/25,K242166,TribusConnect,TribusMed Beheer BV,Radiology,QIH,https://www.accessdata.fda.gov/cdrh_docs/pdf24/K242166.pdf,Not Found
3/27/25,K243038,Salix Central,Artrya Limited,Radiology,QIH,https://www.accessdata.fda.gov/cdrh_docs/pdf24/K243038.pdf,Not Found
3/27/25,K242745,AI-Rad Companion Organs RT,Siemens Healthcare GmbH,Radiology,QKB,https://www.accessdata.fda.gov/cdrh_docs/pdf24/K242745.pdf,Not Found
3/27/25,K242919,V5med Lung AI,V5med Inc.,Radiology,OEB,https://www.accessdata.fda.gov/cdrh_docs/pdf24/K242919.pdf,Not Found
3/26/25,K243831,Rayvolve LN,AZmed,Radiology,MYN,https://www.accessdata.fda.gov/cdrh_docs/pdf24/K243831.pdf,Not Found
3/26/25,K243891,EarliPoint System,EarliTec Diagnostics,Neurology,QPF,https://www.accessdata.fda.gov/cdrh_docs/pdf24/K243891.pdf,Not Found
3/21/25,K243808,Rayvolve PTX-PE,AZmed,Radiology,QFM,https://www.accessdata.fda.gov/cdrh_docs/pdf24/K243808.pdf,Not Found
3/21/25,K250186,GoLIF! Lumbar Interbody Fusion System,"GetSet Surgical, SA",Orthopedic,MAX,https://www.accessdata.fda.gov/cdrh_docs/pdf25/K250186.pdf,Not Found
3/20/25,K243292,brAIn Shoulder Positioning,Avatar Medical,Radiology,LLZ,https://www.accessdata.fda.gov/cdrh_docs/pdf24/K243292.pdf,Not Found
3/20/25,K241961,Vent Creativity Knee v1.0 (Hermes),Vent Creativity,Radiology,QIH,https://www.accessdata.fda.gov/cdrh_docs/pdf24/K241961.pdf,Not Found
3/19/25,K250042,PeekMed web,"Peek Health, S.A.",Radiology,QIH,https://www.accessdata.fda.gov/cdrh_docs/pdf25/K250042.pdf,Not Found
3/19/25,K243689,AVIEW,"Coreline Soft Co., Ltd.",Radiology,QIH,https://www.accessdata.fda.gov/cdrh_docs/pdf24/K243689.pdf,Not Found
3/18/25,K242683,QP-Prostate® CAD,Quibim S.L.,Radiology,QDQ,https://www.accessdata.fda.gov/cdrh_docs/pdf24/K242683.pdf,Not Found
3/17/25,K250379,SIGNA Prime Elite,"GE Medical Systems, LLC",Radiology,LNH,https://www.accessdata.fda.gov/cdrh_docs/pdf25/K250379.pdf,Not Found
3/17/25,K243862,LVivo Software Application,DiA Imaging Analysis Ltd.,Radiology,QIH,https://www.accessdata.fda.gov/cdrh_docs/pdf24/K243862.pdf,Not Found
3/14/25,K241960,DeepRESP,Nox Medical ehf,Neurology,OLZ,https://www.accessdata.fda.gov/cdrh_docs/pdf24/K241960.pdf,Not Found
3/14/25,K242323,Maestro System (REF100),Moon Surgical,Gastroenterology-Urology,QZB,https://www.accessdata.fda.gov/cdrh_docs/pdf24/K242323.pdf,Not Found
3/13/25,K250255,xvision Spine system,Augmedics Ltd.,Neurology,SBF,https://www.accessdata.fda.gov/cdrh_docs/pdf25/K250255.pdf,Not Found
3/11/25,K241725,Better Diagnostics Caries Assist (BDCA) Version 1.0,Better Diagnostics AI Corp,Radiology,MYN,https://www.accessdata.fda.gov/cdrh_docs/pdf24/K241725.pdf,Not Found
3/7/25,K242338,Cleerly LABS (v2.0),"Cleerly, Inc.",Radiology,QIH,https://www.accessdata.fda.gov/cdrh_docs/pdf24/K242338.pdf,Not Found
3/6/25,K243331,LVivo Seamless,DiA Imaging Analysis Ltd.,Radiology,QIH,https://www.accessdata.fda.gov/cdrh_docs/pdf24/K243331.pdf,Not Found
3/5/25,K241770,Prostate MR AI (VA10A),Siemens Healthcare GmbH,Radiology,QDQ,https://www.accessdata.fda.gov/cdrh_docs/pdf24/K241770.pdf,Not Found
3/4/25,K243933,Ceevra Reveal 3+,"Ceevra, Inc.",Radiology,QIH,https://www.accessdata.fda.gov/cdrh_docs/pdf24/K243933.pdf,Not Found
3/3/25,K243235,LVivo Software Application,DiA Imaging Analysis Ltd.,Radiology,QIH,https://www.accessdata.fda.gov/cdrh_docs/pdf24/K243235.pdf,Not Found
3/3/25,K243611,JLK-SDH,"JLK, Inc.",Radiology,QAS,https://www.accessdata.fda.gov/cdrh_docs/pdf24/K243611.pdf,Not Found
2/28/25,K242798,Airmod,Heroic Faith International Ltd.,Anesthesiology,BZQ,https://www.accessdata.fda.gov/cdrh_docs/pdf24/K242798.pdf,Not Found
2/28/25,K241922,Myomics,Phantomics Inc.,Radiology,QIH,https://www.accessdata.fda.gov/cdrh_docs/pdf24/K241922.pdf,Not Found
2/27/25,K241620,ChestView US,Gleamer SAS,Radiology,MYN,https://www.accessdata.fda.gov/cdrh_docs/pdf24/K241620.pdf,Not Found
2/26/25,K241222,Ventripoint Medical System Plus (VMS+) 4.0,Ventripoint Diagnostics Ltd.,Radiology,QIH,https://www.accessdata.fda.gov/cdrh_docs/pdf24/K241222.pdf,Not Found
2/26/25,K241546,aiCockpit AI Viewer,"Fovia, Inc.",Radiology,LLZ,https://www.accessdata.fda.gov/cdrh_docs/pdf24/K241546.pdf,Not Found
2/25/25,K243446,3DXR,GE Medical Systems SCS,Radiology,OWB,https://www.accessdata.fda.gov/cdrh_docs/pdf24/K243446.pdf,Not Found
2/25/25,K242967,Loss of Pulse Detection,Fitbit,Cardiovascular,SDY,https://www.accessdata.fda.gov/cdrh_docs/pdf24/K242967.pdf,Not Found
2/25/25,K242822,ART-Plan+ (v.3.0.0),Therapanacea SAS,Radiology,MUJ,https://www.accessdata.fda.gov/cdrh_docs/pdf24/K242822.pdf,Not Found
2/24/25,K242994,OncoStudio (OS-01),"OncoSoft. Co., Ltd.",Radiology,QKB,https://www.accessdata.fda.gov/cdrh_docs/pdf24/K242994.pdf,Not Found
2/21/25,K242838,QuickRad,Aikenist Technologies Pvt Ltd,Radiology,LLZ,https://www.accessdata.fda.gov/cdrh_docs/pdf24/K242838.pdf,Not Found
2/21/25,K242607,ScanDiags Ortho L-Spine MR-Q,ScanDiags AG,Radiology,QIH,https://www.accessdata.fda.gov/cdrh_docs/pdf24/K242607.pdf,Not Found
2/21/25,K243614,Sonio Suspect,Sonio,Radiology,POK,https://www.accessdata.fda.gov/cdrh_docs/pdf24/K243614.pdf,Not Found
2/20/25,K242821,EFAI Chestsuite XR Malpositioned ETT Assessment System (ETT-XR-100),"Ever Fortune.AI, Co., Ltd.",Radiology,QAS,https://www.accessdata.fda.gov/cdrh_docs/pdf24/K242821.pdf,Not Found
2/20/25,K242240,CaRi-Plaque,Caristo Diagnostics Ltd.,Radiology,LLZ,https://www.accessdata.fda.gov/cdrh_docs/pdf24/K242240.pdf,Not Found
2/20/25,K242447,Falcon HST,Compumedics Limited,Neurology,OLV,https://www.accessdata.fda.gov/cdrh_docs/pdf24/K242447.pdf,Not Found
2/14/25,K250248,BriefCase-Triage,"Aidoc Medical, Ltd.",Radiology,QAS,https://www.accessdata.fda.gov/cdrh_docs/pdf25/K250248.pdf,Not Found
2/14/25,K243294,Brainomix 360 e-ASPECTS,Brainomix Limited,Radiology,POK,https://www.accessdata.fda.gov/cdrh_docs/pdf24/K243294.pdf,Not Found
2/14/25,K243696,AVIEW CAC,"Coreline Soft Co., Ltd.",Radiology,QIH,https://www.accessdata.fda.gov/cdrh_docs/pdf24/K243696.pdf,Not Found
2/12/25,K243250,SubtleHD (1.x),"Subtle Medical, Inc.",Radiology,QIH,https://www.accessdata.fda.gov/cdrh_docs/pdf24/K243250.pdf,Not Found
2/12/25,K243702,V8 Diagnostic Ultrasound System; cV8 Diagnostic Ultrasound System; V7 Diagnostic Ultrasound System; cV7 Diagnostic Ultrasound System; V6 Diagnostic Ultrasound System; cV6 Diagnostic Ultrasound System,"Samsung Medison Co., Ltd.",Radiology,IYN,https://www.accessdata.fda.gov/cdrh_docs/pdf24/K243702.pdf,Not Found
2/12/25,K243523,NAEOTOM Alpha.Peak/ NAEOTOM Alpha; NAEOTOM Alpha.Pro; NAEOTOM Alpha.Prime,"Siemens Medical Solutions USA, Inc.",Radiology,JAK,https://www.accessdata.fda.gov/cdrh_docs/pdf24/K243523.pdf,Not Found
2/11/25,K243620,Vivid iq,GE Medical Systems Ultrasound and Primary Care Diagnostics,Radiology,IYN,https://www.accessdata.fda.gov/cdrh_docs/pdf24/K243620.pdf,Not Found
2/11/25,K243628,Vivid T9/Vivid T8,GE Medical Systems Ultrasound and Primary Care Diagnostics,Radiology,IYN,https://www.accessdata.fda.gov/cdrh_docs/pdf24/K243628.pdf,Not Found
2/10/25,K241659,Ultrasound Workspace (UWS 6.0),Philips Ultrasound LLC,Radiology,QIH,https://www.accessdata.fda.gov/cdrh_docs/pdf24/K241659.pdf,Not Found
2/6/25,K243794,EPIQ Series Diagnostic Ultrasound System; Affiniti Series Diagnostic Ultrasound System,Philips Ultrasound LLC,Radiology,IYN,https://www.accessdata.fda.gov/cdrh_docs/pdf24/K243794.pdf,Not Found
2/5/25,K241593,BoneMetrics (US),Gleamer SAS,Radiology,QIH,https://www.accessdata.fda.gov/cdrh_docs/pdf24/K241593.pdf,Not Found
2/3/25,K243268,TipTraQ (TTQ001),PranaQ Pte. Ltd.,Anesthesiology,MNR,https://www.accessdata.fda.gov/cdrh_docs/pdf24/K243268.pdf,Not Found
2/3/25,K250035,Contour ProtégéAI+,MIM Software Inc.,Radiology,QKB,https://www.accessdata.fda.gov/cdrh_docs/pdf25/K250035.pdf,Not Found
1/30/25,K241292,MyShoulder Planner (5.3SSWPL),Medacta International S.A.,Orthopedic,KWS,https://www.accessdata.fda.gov/cdrh_docs/pdf24/K241292.pdf,Not Found
1/29/25,K243042,Co-Ablation System with Sterile Co-Ablation Probe,"Hygea Medical Technology Co., Ltd.",General and Plastic Surgery,GEH,https://www.accessdata.fda.gov/cdrh_docs/pdf24/K243042.pdf,Not Found
1/28/25,K244027,SANSA HSAT,Huxley Medical,Anesthesiology,MNR,https://www.accessdata.fda.gov/cdrh_docs/pdf24/K244027.pdf,Not Found
1/27/25,K243229,Bunkerhill AVC,BunkerHill Health,Radiology,JAK,https://www.accessdata.fda.gov/cdrh_docs/pdf24/K243229.pdf,Not Found
1/24/25,K241232,Galen Second Read,Ibex Medical Analytics Ltd.,Pathology,QPN,https://www.accessdata.fda.gov/cdrh_docs/pdf24/K241232.pdf,Not Found
1/24/25,K244023,MAGENTIQ-COLO (ME-APDS),Magentiq Eye LTD,Gastroenterology-Urology,QNP,https://www.accessdata.fda.gov/cdrh_docs/pdf24/K244023.pdf,Not Found
1/24/25,K243657,ClearPoint System (Software Version 3.0),"ClearPoint Neuro, Inc.",Neurology,HAW,https://www.accessdata.fda.gov/cdrh_docs/pdf24/K243657.pdf,Not Found
1/23/25,K243158,TeraRecon Aorta.CT (1.1.0),"TeraRecon, Inc.",Radiology,QIH,https://www.accessdata.fda.gov/cdrh_docs/pdf24/K243158.pdf,Not Found
1/22/25,K243350,Rapid Neuro3D,"iSchemaView, Inc.",Radiology,QIH,https://www.accessdata.fda.gov/cdrh_docs/pdf24/K243350.pdf,Not Found
1/21/25,K243955,Precision AI Surgical Planning System (PAI-SPS),Precision AI Pty Ltd,Orthopedic,QHE,https://www.accessdata.fda.gov/cdrh_docs/pdf24/K243955.pdf,Not Found
1/17/25,K241949,Digital Color Doppler Ultrasound System (P60 Series),Sonoscape Medical Corp.,Radiology,IYN,https://www.accessdata.fda.gov/cdrh_docs/pdf24/K241949.pdf,Not Found
1/17/25,K242171,TechCare Trauma,Milvue,Radiology,QBS,https://www.accessdata.fda.gov/cdrh_docs/pdf24/K242171.pdf,Not Found
1/17/25,K242825,Prenuvo Body Composition,Prenuvo,Radiology,LNH,https://www.accessdata.fda.gov/cdrh_docs/pdf24/K242825.pdf,Not Found
1/16/25,K242522,Second Opinion CC,Pearl Inc.,Radiology,MYN,https://www.accessdata.fda.gov/cdrh_docs/pdf24/K242522.pdf,Not Found
1/15/25,K243065,Cardiac Guidance,"Caption Health, Inc.",Radiology,QJU,https://www.accessdata.fda.gov/cdrh_docs/pdf24/K243065.pdf,Not Found
1/14/25,K241166,uCT 550,"Shanghai United Imaging Healthcare Co., Ltd.",Radiology,JAK,https://www.accessdata.fda.gov/cdrh_docs/pdf24/K241166.pdf,Not Found
1/13/25,K243950,ARVIS® Shoulder,Kico Knee Innovation Company Pty Ltd,Neurology,SBF,https://www.accessdata.fda.gov/cdrh_docs/pdf24/K243950.pdf,Not Found
1/13/25,K241200,SpotLight/SpotLight Duo with Low Dose Lung Cancer Screening Option,Arineta Ltd.,Radiology,JAK,https://www.accessdata.fda.gov/cdrh_docs/pdf24/K241200.pdf,Not Found
1/10/25,K241676,TriVerity,"Inflammatix, Inc.",Microbiology,PRE,https://www.accessdata.fda.gov/cdrh_docs/pdf24/K241676.pdf,Not Found
1/10/25,K241009,PeriCALM Patterns 3.0,"PeriGen, Inc.",Obstetrics and Gynecology,HGM,https://www.accessdata.fda.gov/cdrh_docs/pdf24/K241009.pdf,Not Found
1/10/25,K241891,ScreenDx,"Imvaria, Inc",Radiology,QWO,https://www.accessdata.fda.gov/cdrh_docs/pdf24/K241891.pdf,Not Found
1/7/25,K243335,"Vantage Galan 3T, MRT-3020, V10.0 with AiCE Reconstruction Processing Unit for MR",Canon Medical Systems Corporation,Radiology,LNH,https://www.accessdata.fda.gov/cdrh_docs/pdf24/K243335.pdf,Not Found
1/7/25,K241079,uCT 780,"Shanghai United Imaging Healthcare Co., Ltd.",Radiology,JAK,https://www.accessdata.fda.gov/cdrh_docs/pdf24/K241079.pdf,Not Found
1/6/25,K243481,TMINI Miniature Robotic System,"THINK Surgical, Inc.",Neurology,OLO,https://www.accessdata.fda.gov/cdrh_docs/pdf24/K243481.pdf,Not Found
1/6/25,K242488,Soteria E-View,"Omega Medical Imaging, LLC",Radiology,JAA,https://www.accessdata.fda.gov/cdrh_docs/pdf24/K242488.pdf,Not Found
1/6/25,K242123,Brainomix 360 e-CTA,Brainomix Limited,Radiology,LLZ,https://www.accessdata.fda.gov/cdrh_docs/pdf24/K242123.pdf,Not Found
1/3/25,K243363,JLK-ICH,"JLK, Inc.",Radiology,QAS,https://www.accessdata.fda.gov/cdrh_docs/pdf24/K243363.pdf,Not Found
1/3/25,K241350,Clarify DL,"GE Medical Systems Israel, Functional Imaging",Radiology,LLZ,https://www.accessdata.fda.gov/cdrh_docs/pdf24/K241350.pdf,Not Found
1/2/25,K242334,Ezra Flash,"Ezra AI, Inc.",Radiology,QIH,https://www.accessdata.fda.gov/cdrh_docs/pdf24/K242334.pdf,Not Found
1/2/25,K241696,Ortho AI,Ortho AI LLC,Radiology,QIH,https://www.accessdata.fda.gov/cdrh_docs/pdf24/K241696.pdf,Not Found
12/27/24,K242480,FLASH EVD System (10-0002),7D Surgical ULC,Neurology,HAW,https://www.accessdata.fda.gov/cdrh_docs/pdf24/K242480.pdf,Not Found
12/23/24,K242403,Aquilion ONE (TSX-308A/3) V1.5,Canon Medical Systems Corporation,Radiology,JAK,https://www.accessdata.fda.gov/cdrh_docs/pdf24/K242403.pdf,Not Found
12/20/24,K242362,Lightning Viewer,Nexsys Electronics Inc. dba Medweb,Radiology,LLZ,https://www.accessdata.fda.gov/cdrh_docs/pdf24/K242362.pdf,Not Found
12/20/24,K242168,Voluson Expert 18; Voluson Expert 20; Voluson Expert 22,GE Medical Systems Ultrasound and Primary care Diagnostics,Radiology,IYN,https://www.accessdata.fda.gov/cdrh_docs/pdf24/K242168.pdf,Not Found
12/19/24,K242467,IQ-UIP,"Imbio, Inc.",Radiology,QWO,https://www.accessdata.fda.gov/cdrh_docs/pdf24/K242467.pdf,Not Found
12/19/24,K243705,Saige-Density (2.5.0),"DeepHealth, Inc",Radiology,QIH,https://www.accessdata.fda.gov/cdrh_docs/pdf24/K243705.pdf,Not Found
12/19/24,K243688,Saige-Dx (3.1.0),"DeepHealth, Inc.",Radiology,QDQ,https://www.accessdata.fda.gov/cdrh_docs/pdf24/K243688.pdf,Not Found
12/19/24,K242270,OrthoNext Platform System,Orthofix Srl,Radiology,QIH,https://www.accessdata.fda.gov/cdrh_docs/pdf24/K242270.pdf,Not Found
12/16/24,K240793,MSKai,MSKai,Radiology,QIH,https://www.accessdata.fda.gov/cdrh_docs/pdf24/K240793.pdf,Not Found
12/12/24,K243538,uMI Panvivo (uMI Panvivo); uMI Panvivo (uMI Panvivo S),"Shanghai United Imaging Healthcare Co.,Ltd.",Radiology,KPS,https://www.accessdata.fda.gov/cdrh_docs/pdf24/K243538.pdf,Not Found
12/12/24,K242020,EPIQ Series Diagnostic Ultrasound System; Affiniti Series Diagnostic Ultrasound System,Philips Ultrasound LLC,Radiology,IYN,https://www.accessdata.fda.gov/cdrh_docs/pdf24/K242020.pdf,Not Found
12/11/24,K243548,BriefCase-Triage,"Aidoc Medical, Ltd.",Radiology,QFM,https://www.accessdata.fda.gov/cdrh_docs/pdf24/K243548.pdf,Not Found
12/10/24,K242461,IRISeg,Intuitive Surgical Inc.,Radiology,QIH,https://www.accessdata.fda.gov/cdrh_docs/pdf24/K242461.pdf,Not Found
12/10/24,K242511,"V5 Diagnostic Ultrasound System, H5 Diagnostic Ultrasound System, XV5 Diagnostic Ultrasound System, XH5 Diagnostic Ultrasound System, V4 Diagnostic Ultrasound System, H4 Diagnostic Ultrasound System, XV4 Diagnostic Ultrasound System, XH4 Diagnostic Ultrasound System","Samsung Medison Co., Ltd.",Radiology,IYN,https://www.accessdata.fda.gov/cdrh_docs/pdf24/K242511.pdf,Not Found
12/9/24,K242729,AutoContour (Model RADAC V4),"Radformation, Inc.",Radiology,QKB,https://www.accessdata.fda.gov/cdrh_docs/pdf24/K242729.pdf,Not Found
12/6/24,K240926,PeekMed web,"Peek Health, S.A.",Radiology,LLZ,https://www.accessdata.fda.gov/cdrh_docs/pdf24/K240926.pdf,Not Found
12/6/24,K241543,DrAid for Liver Segmentation,VinBrain Joint Stock Company,Radiology,QIH,https://www.accessdata.fda.gov/cdrh_docs/pdf24/K241543.pdf,Not Found
12/6/24,K241923,EFAI Neurosuite CT Midline Shift Assessment System (MLS-CT-100),"Ever Fortune.AI, Co., Ltd.",Radiology,QAS,https://www.accessdata.fda.gov/cdrh_docs/pdf24/K241923.pdf,Not Found
12/6/24,K240680,CDM Insights,Oxford Brain Diagnostics Ltd,Radiology,QIH,https://www.accessdata.fda.gov/cdrh_docs/pdf24/K240680.pdf,Not Found
12/4/24,K241197,DeepRhythmAI,Medicalgorithmics S.A.,Cardiovascular,DQK,https://www.accessdata.fda.gov/cdrh_docs/pdf24/K241197.pdf,Not Found
12/3/24,K242188,ClearRead CT CAC,"Riverain Technologies, Inc.",Radiology,JAK,https://www.accessdata.fda.gov/cdrh_docs/pdf24/K242188.pdf,Not Found
11/27/24,K242444,HERA W10 Diagnostic Ultrasound System; HERA W9 Diagnostic Ultrasound System,"Samsung Medison Co., Ltd.",Radiology,IYN,https://www.accessdata.fda.gov/cdrh_docs/pdf24/K242444.pdf,Not Found
11/27/24,K240645,Sonix Health,"Ontact Health Co., Ltd",Radiology,QIH,https://www.accessdata.fda.gov/cdrh_docs/pdf24/K240645.pdf,Not Found
11/26/24,K241390,NeuroMatch,LVIS Corporation,Neurology,OMB,https://www.accessdata.fda.gov/cdrh_docs/pdf24/K241390.pdf,Not Found
11/25/24,K241831,Transpara (2.1.0),ScreenPoint Medical B.V.,Radiology,QDQ,https://www.accessdata.fda.gov/cdrh_docs/pdf24/K241831.pdf,Not Found
11/22/24,K242094,Dreem 3S,"Beacon Biosignals, Inc.",Neurology,OLZ,https://www.accessdata.fda.gov/cdrh_docs/pdf24/K242094.pdf,Not Found
11/22/24,K242203,BriefCase-Quantification,"Aidoc Medical, Ltd.",Radiology,QIH,https://www.accessdata.fda.gov/cdrh_docs/pdf24/K242203.pdf,Not Found
11/20/24,K242359,Strain AI (SAI001),Exo Inc,Radiology,QIH,https://www.accessdata.fda.gov/cdrh_docs/pdf24/K242359.pdf,Not Found
11/19/24,K242523,ACUSON Sequoia Diagnostic Ultrasound System; ACUSON Sequoia Select Diagnostic Ultrasound System; ACUSON Origin Diagnostic Ultrasound System; ACUSON Origin ICE Diagnostic Ultrasound System,"Siemens Medical Solutions USA, Inc.",Radiology,IYN,https://www.accessdata.fda.gov/cdrh_docs/pdf24/K242523.pdf,Not Found
11/18/24,K241747,Saige-Dx,"DeepHealth, Inc",Radiology,QDQ,https://www.accessdata.fda.gov/cdrh_docs/pdf24/K241747.pdf,Not Found
11/18/24,K241633,Informed Vital Core Application (IVC App),"Mindset Medical, Inc.",Cardiovascular,QME,https://www.accessdata.fda.gov/cdrh_docs/pdf24/K241633.pdf,Not Found
11/15/24,K240860,EchoGo Amyloidosis (1.0),Ultromics Limited,Cardiovascular,SDJ,https://www.accessdata.fda.gov/cdrh_docs/pdf24/K240860.pdf,Not Found
11/15/24,K242130,Koios DS,"Koios Medical, Inc.",Radiology,POK,https://www.accessdata.fda.gov/cdrh_docs/pdf24/K242130.pdf,Not Found
11/15/24,K242800,The 5000 Compact Series Ultrasound Systems,Philips Ultrasound LLC,Radiology,IYN,https://www.accessdata.fda.gov/cdrh_docs/pdf24/K242800.pdf,Not Found
11/15/24,K242062,1CMR Pro,Mycardium AI Limited,Radiology,LLZ,https://www.accessdata.fda.gov/cdrh_docs/pdf24/K242062.pdf,Not Found
11/15/24,K241439,VUNO Med-Chest X-ray Triage/VUNO Med-CXR Link Triage,Vuno Inc.,Radiology,QFM,https://www.accessdata.fda.gov/cdrh_docs/pdf24/K241439.pdf,Not Found
11/14/24,K242342,Fetal EchoScan,BrightHeart,Radiology,POK,https://www.accessdata.fda.gov/cdrh_docs/pdf24/K242342.pdf,Not Found
11/8/24,K240417,ProFound Detection (V4.0),"iCAD, Inc.",Radiology,QDQ,https://www.accessdata.fda.gov/cdrh_docs/pdf24/K240417.pdf,Not Found
11/7/24,K240712,icobrain aria,icometrix NV,Radiology,QBS,https://www.accessdata.fda.gov/cdrh_docs/pdf24/K240712.pdf,Not Found
11/7/24,K241719,NeuroICH,Neurocareai Inc.,Radiology,QAS,https://www.accessdata.fda.gov/cdrh_docs/pdf24/K241719.pdf,Not Found
11/5/24,K241312,TeraRecon Cardiac.Chambers.MR (1.0.0),"TeraRecon,Inc.",Radiology,QIH,https://www.accessdata.fda.gov/cdrh_docs/pdf24/K241312.pdf,Not Found
10/30/24,K241108,RemedyLogic AI MRI Lumbar Spine Reader,Remedy Logic Inc.,Radiology,QIH,https://www.accessdata.fda.gov/cdrh_docs/pdf24/K241108.pdf,Not Found
10/25/24,K243189,TumorSight Viz,"SimBioSys, Inc.",Radiology,QIH,https://www.accessdata.fda.gov/cdrh_docs/pdf24/K243189.pdf,Not Found
10/25/24,K242215,Neurophet AQUA (V3.1),"Neurophet, Inc.",Radiology,QIH,https://www.accessdata.fda.gov/cdrh_docs/pdf24/K242215.pdf,Not Found
10/22/24,K243209,nordicMEDiVA,NordicNeurolab AS,Radiology,LLZ,https://www.accessdata.fda.gov/cdrh_docs/pdf24/K243209.pdf,Not Found
10/18/24,K242837,BriefCase-Triage,"Aidoc Medical, Ltd.",Radiology,QAS,https://www.accessdata.fda.gov/cdrh_docs/pdf24/K242837.pdf,Not Found
10/18/24,K241490,Contour+ (MVision AI Segmentation),MVision AI Oy,Radiology,QKB,https://www.accessdata.fda.gov/cdrh_docs/pdf24/K241490.pdf,Not Found
10/17/24,K240408,REMI-AI Rapid Detection Module (REMI-AI RDM),"Epitel, Inc",Neurology,OMB,https://www.accessdata.fda.gov/cdrh_docs/pdf24/K240408.pdf,Not Found
10/17/24,K241242,SIGNA MAGNUS,"GE Medical Systems, LLC",Radiology,LNH,https://www.accessdata.fda.gov/cdrh_docs/pdf24/K241242.pdf,Not Found
10/16/24,K241481,xvision Spine System,Augmedics Ltd.,Neurology,SBF,https://www.accessdata.fda.gov/cdrh_docs/pdf24/K241481.pdf,Not Found
10/15/24,K242781,cvi42 Software Application,Circle Cardiovascular Imaging Inc.,Radiology,QIH,https://www.accessdata.fda.gov/cdrh_docs/pdf24/K242781.pdf,Not Found
10/11/24,K241971,"HERA Z20, R20, HERA Z30, R30 Diagnostic Ultrasound System","Samsung Medison Co., Ltd.",Radiology,IYN,https://www.accessdata.fda.gov/cdrh_docs/pdf24/K241971.pdf,Not Found
10/10/24,K241430,EchoMeasure,iCardio.ai,Radiology,QIH,https://www.accessdata.fda.gov/cdrh_docs/pdf24/K241430.pdf,Not Found
10/9/24,K241837,Limbus Contour,Limbus AI Inc.,Radiology,QKB,https://www.accessdata.fda.gov/cdrh_docs/pdf24/K241837.pdf,Not Found
10/7/24,K240980,EPIQ Series Diagnostic Ultrasound System,Philips Ultrasound LLC,Radiology,IYN,https://www.accessdata.fda.gov/cdrh_docs/pdf24/K240980.pdf,Not Found
10/7/24,K241029,SpineUs System,Verdure Imaging,Radiology,IYO,https://www.accessdata.fda.gov/cdrh_docs/pdf24/K241029.pdf,Not Found
10/4/24,K240553,LVivo Software Application,DiA Imaging Analysis Ltd.,Radiology,QIH,https://www.accessdata.fda.gov/cdrh_docs/pdf24/K240553.pdf,Not Found
10/4/24,K242652,Lunit INSIGHT DBT v1.1,Lunit Inc.,Radiology,QDQ,https://www.accessdata.fda.gov/cdrh_docs/pdf24/K242652.pdf,Not Found
10/4/24,K241245,EchoSolv AS,Echo IQ Ltd,Radiology,POK,https://www.accessdata.fda.gov/cdrh_docs/pdf24/K241245.pdf,Not Found
10/2/24,K242005,Versana Premier; Versana Premier Lotus; LOGIQ F,GE Medical Systems Ultrasound and Primary Care Diagnostics,Radiology,IYN,https://www.accessdata.fda.gov/cdrh_docs/pdf24/K242005.pdf,Not Found
10/2/24,K241561,MammoScreen BD,Therapixel,Radiology,QIH,https://www.accessdata.fda.gov/cdrh_docs/pdf24/K241561.pdf,Not Found
10/1/24,K240943,LungVision,BodyVision Medical Ltd.,Radiology,QIH,https://www.accessdata.fda.gov/cdrh_docs/pdf24/K240943.pdf,Not Found
10/1/24,K241331,MuscleView,"Springbok, Inc.",Radiology,LNH,https://www.accessdata.fda.gov/cdrh_docs/pdf24/K241331.pdf,Not Found
9/27/24,K241480,JBS-LVO,"JLK, Inc.",Radiology,QAS,https://www.accessdata.fda.gov/cdrh_docs/pdf24/K241480.pdf,Not Found
9/27/24,K240369,CAC (gated) Algorithm,BunkerHill Health,Radiology,JAK,https://www.accessdata.fda.gov/cdrh_docs/pdf24/K240369.pdf,Not Found
9/27/24,K240993,encevis (2.1),AIT Austrian Institute of Technology GmbH,Neurology,OMB,https://www.accessdata.fda.gov/cdrh_docs/pdf24/K240993.pdf,Not Found
9/24/24,K242292,uAI Easy Triage ICH,"Shanghai United Imaging Intelligence Co., Ltd.",Radiology,QAS,https://www.accessdata.fda.gov/cdrh_docs/pdf24/K242292.pdf,Not Found
9/23/24,P140011/S008,MAMMOMAT B.brilliant with Tomosynthesis Option,"SIEMENS MEDICAL SOLUTIONS USA, INC.",Radiology,OTE,https://www.accessdata.fda.gov/cdrh_docs/pdf14/P140011/S008.pdf,Not Found
9/23/24,K240013,EchoGo Heart Failure (2.0),Ultromics Limited,Cardiovascular,QUO,https://www.accessdata.fda.gov/cdrh_docs/pdf24/K240013.pdf,Not Found
9/20/24,K240036,PIUR tUS Infinity,PIUR Imaging GmbH,Radiology,QIH,https://www.accessdata.fda.gov/cdrh_docs/pdf24/K240036.pdf,Not Found
9/13/24,K240929,Sleep Apnea Notification Feature (SANF),Apple Inc.,Anesthesiology,QZW,https://www.accessdata.fda.gov/cdrh_docs/pdf24/K240929.pdf,Not Found
9/12/24,K241280,Constellation (CON-001),"Q Bio, Inc.",Radiology,QIH,https://www.accessdata.fda.gov/cdrh_docs/pdf24/K241280.pdf,Not Found
9/12/24,K241582,"Aplio i900/i800/i700 Diagnostic Ultrasound System, Software V7.0 (TUS-AI900, TUS-AI800, TUS-AI700)",Canon Medical Systems Corporation,Radiology,IYN,https://www.accessdata.fda.gov/cdrh_docs/pdf24/K241582.pdf,Not Found
9/12/24,K240942,CINA-CSpine,Avicenna.AI,Radiology,QAS,https://www.accessdata.fda.gov/cdrh_docs/pdf24/K240942.pdf,Not Found
9/11/24,K241380,FETOLY-HEART,Diagnoly,Radiology,IYN,https://www.accessdata.fda.gov/cdrh_docs/pdf24/K241380.pdf,Not Found
9/10/24,K240094,LumiNE US; Lumi,Augmedit B.V.,Radiology,QIH,https://www.accessdata.fda.gov/cdrh_docs/pdf24/K240094.pdf,Not Found
9/9/24,K240697,"See-Mode Augmented Reporting Tool, Thyroid (SMART-T)",See-Mode Technologies Pte. Ltd.,Radiology,QDQ,https://www.accessdata.fda.gov/cdrh_docs/pdf24/K240697.pdf,Not Found
9/9/24,K240791,ADAS 3D,Adas3D Medical S.L,Radiology,QIH,https://www.accessdata.fda.gov/cdrh_docs/pdf24/K240791.pdf,Not Found
9/9/24,K241681,Overjet Image Enhancement Assist,Overjet Inc,Radiology,QIH,https://www.accessdata.fda.gov/cdrh_docs/pdf24/K241681.pdf,Not Found
9/6/24,K240411,uAI Portal,"Shanghai United Imaging Intelligence Co., Ltd.",Radiology,QIH,https://www.accessdata.fda.gov/cdrh_docs/pdf24/K240411.pdf,Not Found
9/5/24,K233998,TRAQinform IQ,"AIQ Global, Inc.",Radiology,LLZ,https://www.accessdata.fda.gov/cdrh_docs/pdf23/K233998.pdf,Not Found
9/4/24,K233977,Velacur,Sonic Incytes,Radiology,IYO,https://www.accessdata.fda.gov/cdrh_docs/pdf23/K233977.pdf,Not Found
8/30/24,K242275,syngo.via MI Workflows; Scenium; syngo MBF,"Siemens Medical Solutions USA, Inc.",Radiology,QIH,https://www.accessdata.fda.gov/cdrh_docs/pdf24/K242275.pdf,Not Found
8/30/24,K240003,Velmeni for Dentists (V4D),Velmeni Inc.,Radiology,MYN,https://www.accessdata.fda.gov/cdrh_docs/pdf24/K240003.pdf,Not Found
8/30/24,K242300,MI View&GO,"Siemens Medical Solutions USA, Inc.",Radiology,QIH,https://www.accessdata.fda.gov/cdrh_docs/pdf24/K242300.pdf,Not Found
8/30/24,K241847,Imbio PHA (4.0.0),"Imbio, Inc",Radiology,QIH,https://www.accessdata.fda.gov/cdrh_docs/pdf24/K241847.pdf,Not Found
8/30/24,K241585,uMI Panorama,"Shanghai United Imaging Healthcare Co.,Ltd.",Radiology,KPS,https://www.accessdata.fda.gov/cdrh_docs/pdf24/K241585.pdf,Not Found
8/29/24,K233826,Kosmos,"EchoNous, Inc.",Radiology,IYN,https://www.accessdata.fda.gov/cdrh_docs/pdf23/K233826.pdf,Not Found
8/27/24,K241684,Overjet Charting Assist,"Overjet, Inc",Radiology,QIH,https://www.accessdata.fda.gov/cdrh_docs/pdf24/K241684.pdf,Not Found
8/22/24,K241098,NeuroQuant,"CorTechs Labs, Inc.",Radiology,QIH,https://www.accessdata.fda.gov/cdrh_docs/pdf24/K241098.pdf,Not Found
8/21/24,K240290,AiMIFY (1.x),"Subtle Medical, Inc.",Radiology,LLZ,https://www.accessdata.fda.gov/cdrh_docs/pdf24/K240290.pdf,Not Found
8/20/24,K240200,HYDROS Robotic System; HYDROS TRUS Probe; HYDROS Handpiece,Procept BioRobotics,General and Plastic Surgery,PZP,https://www.accessdata.fda.gov/cdrh_docs/pdf24/K240200.pdf,Not Found
8/20/24,K241496,"Vantage Galan 3T, MRT-3020, V10.0 with AiCE Reconstruction Processing Unit for MR",Canon Medical Systems Corporation,Radiology,LNH,https://www.accessdata.fda.gov/cdrh_docs/pdf24/K241496.pdf,Not Found
8/19/24,K241440,HealthCCSng,Nano-X AI Ltd.,Radiology,JAK,https://www.accessdata.fda.gov/cdrh_docs/pdf24/K241440.pdf,Not Found
8/16/24,K240740,qCT LN Quant,Qure.ai Technologies,Radiology,QIH,https://www.accessdata.fda.gov/cdrh_docs/pdf24/K240740.pdf,Not Found
8/16/24,K233755,HeartKey® Rhythm,B-Secur Limited,Cardiovascular,DQK,https://www.accessdata.fda.gov/cdrh_docs/pdf23/K233755.pdf,Not Found
8/15/24,K241596,uMI Panvivo,"Shanghai United Imaging Healthcare Co., Ltd.",Radiology,KPS,https://www.accessdata.fda.gov/cdrh_docs/pdf24/K241596.pdf,Not Found
8/15/24,K241211,CoLumbo,Smart Soft Healthcare,Radiology,QIH,https://www.accessdata.fda.gov/cdrh_docs/pdf24/K241211.pdf,Not Found
8/13/24,K241429,ECHELON Synergy MRI System,FUJIFILM Healthcare Corporation,Radiology,LNH,https://www.accessdata.fda.gov/cdrh_docs/pdf24/K241429.pdf,Not Found
8/12/24,K242054,OptimMRI (v2),"Rebrain, SAS",Radiology,QIH,https://www.accessdata.fda.gov/cdrh_docs/pdf24/K242054.pdf,Not Found
8/8/24,K233822,i2Contour,MRIMath LLC,Radiology,QIH,https://www.accessdata.fda.gov/cdrh_docs/pdf23/K233822.pdf,Not Found
8/8/24,K241665,Omni Legend,"GE Medical Systems Israel, Functional Imaging",Radiology,KPS,https://www.accessdata.fda.gov/cdrh_docs/pdf24/K241665.pdf,Not Found
8/5/24,K240953,AI Platform 2.0 (AIP002),Exo Imaging,Radiology,QIH,https://www.accessdata.fda.gov/cdrh_docs/pdf24/K240953.pdf,Not Found
8/5/24,K233992,Precision AI Surgical Planning System (PAI-SPS),Precision AI Pty Ltd,Orthopedic,QHE,https://www.accessdata.fda.gov/cdrh_docs/pdf23/K233992.pdf,Not Found
8/2/24,K233984,Acumen Assisted Fluid Management (AFM) Software Feature,"Edwards Lifesciences, LLC",Cardiovascular,QMS,https://www.accessdata.fda.gov/cdrh_docs/pdf23/K233984.pdf,Not Found
8/1/24,K234141,AISAP Cardio V1.0,Aisap,Radiology,POK,https://www.accessdata.fda.gov/cdrh_docs/pdf23/K234141.pdf,Not Found
8/1/24,K233731,CardIQ Suite,GE Medical Systems SCS,Radiology,JAK,https://www.accessdata.fda.gov/cdrh_docs/pdf23/K233731.pdf,Not Found
8/1/24,K240301,MammoScreen® (3),Therapixel,Radiology,QDQ,https://www.accessdata.fda.gov/cdrh_docs/pdf24/K240301.pdf,Not Found
7/25/24,K241887,GI Genius Module 100 (GGM100.US); GI Genius Module 200 (GGM200.US); ColonPRO 4.0 (CPRO40.US); GI Genius Module 300 (GGM300-US); ColonPRO 4.0 (CPRO40S-US),Cosmo Artificial Intelligence - AI Ltd,Gastroenterology-Urology,QNP,https://www.accessdata.fda.gov/cdrh_docs/pdf24/K241887.pdf,Not Found
7/25/24,K241887,GI Genius Module 100 (GGM100.US); GI Genius Module 200 (GGM200.US); ColonPRO 4.0 (CPRO40.US); GI Genius Module 300 (GGM300-US); ColonPRO 4.0 (CPRO40S-US),"Cosmo Artificial Intelligence - Ai, Ltd.",Gastroenterology-Urology,QNP,https://www.accessdata.fda.gov/cdrh_docs/pdf24/K241887.pdf,Not Found
7/24/24,K240044,CADDIE,Odin Medical Limited,Gastroenterology-Urology,QNP,https://www.accessdata.fda.gov/cdrh_docs/pdf24/K240044.pdf,Not Found
7/22/24,K240704,"ACUSON Sequoia Diagnostic Ultrasound System, ACUSON Sequoia Select Diagnostic Ultrasound System, ACUSON Origin Diagnostic Ultrasound System, ACUSON Origin ICE  Diagnostic Ultrasound System","Siemens Medical Solutions, USA, Inc.",Radiology,IYN,https://www.accessdata.fda.gov/cdrh_docs/pdf24/K240704.pdf,Not Found
7/17/24,K241121,MICSI-RMT,"Microstructure Imaging, Inc.",Radiology,LLZ,https://www.accessdata.fda.gov/cdrh_docs/pdf24/K241121.pdf,Not Found
7/17/24,K240845,Rayvolve,AZmed SAS,Radiology,QBS,https://www.accessdata.fda.gov/cdrh_docs/pdf24/K240845.pdf,Not Found
7/16/24,K240944,Swoop® Portable MR Imaging® System,"Hyperfine, Inc.",Radiology,LNH,https://www.accessdata.fda.gov/cdrh_docs/pdf24/K240944.pdf,Not Found
7/15/24,K240285,Huxley SANSA Home Sleep Apnea Test (1000-00),Huxley Medical,Anesthesiology,MNR,https://www.accessdata.fda.gov/cdrh_docs/pdf24/K240285.pdf,Not Found
7/12/24,K241727,BriefCase-Triage,"Aidoc Medical, Ltd.",Radiology,QAS,https://www.accessdata.fda.gov/cdrh_docs/pdf24/K241727.pdf,Not Found
7/12/24,K234009,Acorn 3D Software (AC-SEG-4009); Acorn 3DP Model (AC-101-XX),Mighty Oak Medical,Radiology,QIH,https://www.accessdata.fda.gov/cdrh_docs/pdf23/K234009.pdf,Not Found
7/12/24,K233457,RUS,Hutom Inc.,Radiology,QIH,https://www.accessdata.fda.gov/cdrh_docs/pdf23/K233457.pdf,Not Found
7/11/24,K241329,SubtleSYNTH (1.x),"Subtle Medical, Inc.",Radiology,QIH,https://www.accessdata.fda.gov/cdrh_docs/pdf24/K241329.pdf,Not Found
7/3/24,K241508,SKOUT® system,"Iterative Scopes, Inc.",Gastroenterology-Urology,QNP,https://www.accessdata.fda.gov/cdrh_docs/pdf24/K241508.pdf,Not Found
7/2/24,K240736,SMART Bun-Yo-Matic X-Ray,Disior Ltd,Radiology,QIH,https://www.accessdata.fda.gov/cdrh_docs/pdf24/K240736.pdf,Not Found
7/2/24,K240555,Tyto Insights for Crackles Detection,Tyto Care Ltd.,Anesthesiology,PHZ,https://www.accessdata.fda.gov/cdrh_docs/pdf24/K240555.pdf,Not Found
7/1/24,K240353,Hyper Insight - ICH,SK Inc.,Radiology,QAS,https://www.accessdata.fda.gov/cdrh_docs/pdf24/K240353.pdf,Not Found
6/25/24,K240582,VEA Align; spineEOS,EOS imaging,Radiology,QIH,https://www.accessdata.fda.gov/cdrh_docs/pdf24/K240582.pdf,Not Found
6/21/24,K233253,eCARTv5 Clinical Deterioration Suite (eCART),"AgileMD, Inc.",Cardiovascular,QNL,https://www.accessdata.fda.gov/cdrh_docs/pdf23/K233253.pdf,Not Found
6/21/24,K233196,Medihub Prostate,JLK Inc.,Radiology,QIH,https://www.accessdata.fda.gov/cdrh_docs/pdf23/K233196.pdf,Not Found
6/21/24,K240465,O-arm O2 Imaging System,"Medtronic Navigation, Inc",Radiology,OWB,https://www.accessdata.fda.gov/cdrh_docs/pdf24/K240465.pdf,Not Found
6/21/24,K233549,Tempus ECG-AF,"Tempus AI, Inc.",Cardiovascular,SBQ,https://www.accessdata.fda.gov/cdrh_docs/pdf23/K233549.pdf,Not Found
6/21/24,K240631,"V8/XV8/XH8, V7/XV7/XH7, V6/XV6/XH6 Diagnostic Ultrasound System","Samsung Medison Co., Ltd.",Radiology,IYN,https://www.accessdata.fda.gov/cdrh_docs/pdf24/K240631.pdf,Not Found
6/20/24,K240642,SMART Bun-Yo-Matic CT,Disior Ltd,Radiology,QIH,https://www.accessdata.fda.gov/cdrh_docs/pdf24/K240642.pdf,Not Found
6/14/24,K233955,Clarius OB AI,Clarius Mobile Health Corp.,Radiology,IYN,https://www.accessdata.fda.gov/cdrh_docs/pdf23/K233955.pdf,Not Found
6/14/24,K241083,SIS System,"Surgical Information Sciences, Inc.",Radiology,QIH,https://www.accessdata.fda.gov/cdrh_docs/pdf24/K241083.pdf,Not Found
6/13/24,K233925,Relu Creator,Relu BV,Radiology,QIH,https://www.accessdata.fda.gov/cdrh_docs/pdf23/K233925.pdf,Not Found
6/13/24,K233662,Radiography 7300 C,Philips Medical Systems DMC GmbH,Radiology,KPR,https://www.accessdata.fda.gov/cdrh_docs/pdf23/K233662.pdf,Not Found
6/12/24,K240516,RS85 Diagnostic Ultrasound System,"Samsung Medison Co., Ltd.",Radiology,IYN,https://www.accessdata.fda.gov/cdrh_docs/pdf24/K240516.pdf,Not Found
6/7/24,K241038,Cardiac CT Function Software Application,Circle Cardiovascular Imaging,Radiology,QIH,https://www.accessdata.fda.gov/cdrh_docs/pdf24/K241038.pdf,Not Found
6/7/24,K231010,Corvair,"AliveCor, Inc.",Cardiovascular,MHX,https://www.accessdata.fda.gov/cdrh_docs/pdf23/K231010.pdf,Not Found
6/7/24,K232035,Impala,"AliveCor, Inc.",Cardiovascular,DPS,https://www.accessdata.fda.gov/cdrh_docs/pdf23/K232035.pdf,Not Found
6/7/24,K234042,EFAI Bonesuite XR Bone Age Pro Assessment System (BAP-XR-100),"Ever Fortune.AI Co., Ltd.",Radiology,QIH,https://www.accessdata.fda.gov/cdrh_docs/pdf23/K234042.pdf,Not Found
5/31/24,K240612,CINA-VCF,Avicenna.AI,Radiology,QFM,https://www.accessdata.fda.gov/cdrh_docs/pdf24/K240612.pdf,Not Found
5/24/24,K234154,uPMR 790,"Shanghai United Imaging Healthcare Co., Ltd.",Radiology,OUO,https://www.accessdata.fda.gov/cdrh_docs/pdf23/K234154.pdf,Not Found
5/24/24,K240769,LVivo IQS,DiA Imaging Analysis Ltd.,Radiology,QIH,https://www.accessdata.fda.gov/cdrh_docs/pdf24/K240769.pdf,Not Found
5/23/24,K233108,VinDr-Mammo,VinBigData Joint Stock Company,Radiology,QFM,https://www.accessdata.fda.gov/cdrh_docs/pdf23/K233108.pdf,Not Found
5/23/24,K240294,Syngo Carbon Enterprise Access (VA40A),Siemens Healthcare GmbH,Radiology,LLZ,https://www.accessdata.fda.gov/cdrh_docs/pdf24/K240294.pdf,Not Found
5/21/24,K233543,YSIO X.pree,Siemens Medical Solutions,Radiology,KPR,https://www.accessdata.fda.gov/cdrh_docs/pdf23/K233543.pdf,Not Found
5/17/24,DEN230035,DentalMonitoring,Dental Monitoring SAS,Dental,SBC,https://www.accessdata.fda.gov/cdrh_docs/pdf23/DEN230035.pdf,Not Found
5/17/24,K233209,uOmnispace.CT,"Shanghai United Imaging Healthcare Co., Ltd.",Radiology,QIH,https://www.accessdata.fda.gov/cdrh_docs/pdf23/K233209.pdf,Not Found
5/16/24,K233625,RAYDENT SW,"RAY Co., Ltd.",Dental,PNN,https://www.accessdata.fda.gov/cdrh_docs/pdf23/K233625.pdf,Not Found
5/15/24,K233247,Heuron ICH,"Heuron Co., Ltd.",Radiology,QAS,https://www.accessdata.fda.gov/cdrh_docs/pdf23/K233247.pdf,Not Found
5/15/24,K241112,BriefCase-Quantification,"Aidoc Medical, Ltd.",Radiology,QIH,https://www.accessdata.fda.gov/cdrh_docs/pdf24/K241112.pdf,Not Found
5/15/24,DEN230043,Notal Vision Home Optical Coherence Tomography (OCT) System,Notal Vision Inc,Ophthalmic,SAX,https://www.accessdata.fda.gov/cdrh_docs/pdf23/DEN230043.pdf,Not Found
5/10/24,K232410,SmartChest,Milvue,Radiology,QFM,https://www.accessdata.fda.gov/cdrh_docs/pdf23/K232410.pdf,Not Found
5/7/24,K232928,DeepContour (V1.0),"Wisdom Technologies., Inc.",Radiology,QKB,https://www.accessdata.fda.gov/cdrh_docs/pdf23/K232928.pdf,Not Found
5/7/24,K233864,ASSURE Wearable ECG,"Kestra Medical Technologies, Inc.",Cardiovascular,MWJ,https://www.accessdata.fda.gov/cdrh_docs/pdf23/K233864.pdf,Not Found
5/3/24,K232416,AUTION EYE AI-4510 Urine Particle Analysis System,Arkray Inc.,Hematology,LKM,https://www.accessdata.fda.gov/cdrh_docs/pdf23/K232416.pdf,Not Found
5/3/24,K233687,ECHELON Synergy V10.0,Fujifilm Healthcare Americas Corporation,Radiology,LNH,https://www.accessdata.fda.gov/cdrh_docs/pdf23/K233687.pdf,Not Found
5/3/24,K232491,CT 5300,"Philips Healthcare (Suzhou) Co., Ltd.",Radiology,JAK,https://www.accessdata.fda.gov/cdrh_docs/pdf23/K232491.pdf,Not Found
4/30/24,K232923,Ethos Treatment Management (3.0); Ethos Treatment Planning (2.0),Varian Medical Systems Inc.,Radiology,IYE,https://www.accessdata.fda.gov/cdrh_docs/pdf23/K232923.pdf,Not Found
4/29/24,K240062,ARVIS® Shoulder,"Insight Medical Systems, Inc.",Neurology,OLO,https://www.accessdata.fda.gov/cdrh_docs/pdf24/K240062.pdf,Not Found
4/26/24,K233673,uMR Jupiter,"Shanghai United Imaging Healthcare Co., Ltd",Radiology,LNH,https://www.accessdata.fda.gov/cdrh_docs/pdf23/K233673.pdf,Not Found
4/26/24,K240406,Sonio Detect,Sonio,Radiology,IYN,https://www.accessdata.fda.gov/cdrh_docs/pdf24/K240406.pdf,Not Found
4/26/24,K232799,syngo.via RT Image Suite,"Siemens Medical Solutions USA, Inc.",Radiology,MUJ,https://www.accessdata.fda.gov/cdrh_docs/pdf23/K232799.pdf,Not Found
4/25/24,K232331,InVision Precision LVEF (LVEF),InVision Medical Technology Corporation,Radiology,QIH,https://www.accessdata.fda.gov/cdrh_docs/pdf23/K232331.pdf,Not Found
4/24/24,K240850,EPIQ Series Diagnostic Ultrasound Systems; Affiniti Series Diagnostic Ultrasound Systems,Philips Ultrasound LLC,Radiology,IYN,https://www.accessdata.fda.gov/cdrh_docs/pdf24/K240850.pdf,Not Found
4/23/24,K240058,AEYE-DS,AEYE Health Inc.,Ophthalmic,PIB,https://www.accessdata.fda.gov/cdrh_docs/pdf24/K240058.pdf,Not Found
4/22/24,K234068,ART-Plan (v.2.2.0),Therapanacea SAS,Radiology,MUJ,https://www.accessdata.fda.gov/cdrh_docs/pdf23/K234068.pdf,Not Found
4/22/24,K233582,Rapid,iSchema View Inc.,Radiology,LLZ,https://www.accessdata.fda.gov/cdrh_docs/pdf23/K233582.pdf,Not Found
4/19/24,K240781,SKOUT® system,"Iterative Scopes, Inc.",Gastroenterology-Urology,QNP,https://www.accessdata.fda.gov/cdrh_docs/pdf24/K240781.pdf,Not Found
4/17/24,K233186,uOmnispace.MR,"Shanghai United Imaging Healthcare Co., Ltd.",Radiology,QIH,https://www.accessdata.fda.gov/cdrh_docs/pdf23/K233186.pdf,Not Found
4/15/24,K240773,VisAble.IO,Techsomed,Radiology,QTZ,https://www.accessdata.fda.gov/cdrh_docs/pdf24/K240773.pdf,Not Found
4/12/24,K240238,"Vantage Fortian/Orian 1.5T, MRT-1550, V9.0 with AiCE Reconstruction Processing Unit for MR",Canon Medical Systems Corporation,Radiology,LNH,https://www.accessdata.fda.gov/cdrh_docs/pdf24/K240238.pdf,Not Found
4/11/24,K233698,True Enhance DL,GE Healthcare Japan Corporation,Radiology,JAK,https://www.accessdata.fda.gov/cdrh_docs/pdf23/K233698.pdf,Not Found
4/10/24,K240744,uMR 680,"Shanghai United Imaging Healthcare Co., Ltd.",Radiology,LNH,https://www.accessdata.fda.gov/cdrh_docs/pdf24/K240744.pdf,Not Found
4/9/24,DEN230023,Rho,16 Bit Inc,Radiology,SAO,https://www.accessdata.fda.gov/cdrh_docs/pdf23/DEN230023.pdf,Not Found
4/8/24,K240291,EFAI CARDIOSUITE CTA ACUTE AORTIC SYNDROME ASSESSMENT SYSTEM,"Ever Fortune.AI, Co., Ltd.",Radiology,QAS,https://www.accessdata.fda.gov/cdrh_docs/pdf24/K240291.pdf,Not Found
4/5/24,K233666,CorVista System with PH Add-On,"Analytics for Life, Inc.",Cardiovascular,SAT,https://www.accessdata.fda.gov/cdrh_docs/pdf23/K233666.pdf,Not Found
4/5/24,K233249,APPRAISE-HRI,"The Surgeon General, Department of the Army (TSG-DA)",Cardiovascular,SAR,https://www.accessdata.fda.gov/cdrh_docs/pdf23/K233249.pdf,Not Found
4/4/24,K240172,Preview Shoulder,Genesis Software Innovations,Radiology,QIH,https://www.accessdata.fda.gov/cdrh_docs/pdf24/K240172.pdf,Not Found
4/3/24,K232899,AI-Rad Companion Organs RT,Siemens Medical Solutions U.S.A.,Radiology,QKB,https://www.accessdata.fda.gov/cdrh_docs/pdf23/K232899.pdf,Not Found
4/3/24,K233618,Oxevision Sleep Device,Oxehealth Limited,Neurology,LEL,https://www.accessdata.fda.gov/cdrh_docs/pdf23/K233618.pdf,Not Found
4/2/24,DEN230036,Sepsis ImmunoScore,"Prenosis, Inc.",General Hospital,SAK,https://www.accessdata.fda.gov/cdrh_docs/pdf23/DEN230036.pdf,Not Found
4/2/24,K232835,Aquilion ONE (TSX-308A/3) V1.4 with PIQE Reconstruction System,Canon Medical Systems Corporation,Radiology,JAK,https://www.accessdata.fda.gov/cdrh_docs/pdf23/K232835.pdf,Not Found
4/1/24,K233676,Us2.v2,Eko.ai Pte. Ltd d/b/a Us2.ai,Radiology,QIH,https://www.accessdata.fda.gov/cdrh_docs/pdf23/K233676.pdf,Not Found
3/29/24,K233211,AVIEW CAC,"Coreline Soft Co., Ltd.",Radiology,QIH,https://www.accessdata.fda.gov/cdrh_docs/pdf23/K233211.pdf,Not Found
3/28/24,K233409,Eko Low Ejection Fraction Tool (ELEFT),"Eko Health, Inc.",Cardiovascular,QYE,https://www.accessdata.fda.gov/cdrh_docs/pdf23/K233409.pdf,Not Found
3/28/24,K233657,NAEOTOM Alpha,"Siemens Medical Solutions USA, Inc.",Radiology,JAK,https://www.accessdata.fda.gov/cdrh_docs/pdf23/K233657.pdf,Not Found
3/26/24,K233650,SOMATOM go.Up; SOMATOM go.Now; SOMATOM go.All; SOMATOM go.Top; SOMATOM go.Sim; SOMATOM go.Open Pro; SOMATOM X.cite; SOMATOM X.ceed,"Siemens Medical Solutions USA, Inc.",Radiology,JAK,https://www.accessdata.fda.gov/cdrh_docs/pdf23/K233650.pdf,Not Found
3/22/24,K232431,syngo.CT Brain Hemorrhage,"Siemens Medical Solutions USA, Inc.",Radiology,QAS,https://www.accessdata.fda.gov/cdrh_docs/pdf23/K232431.pdf,Not Found
3/22/24,K240540,uMR Omega,"Shanghai United Imaging Healthcare Co., Ltd.",Radiology,LNH,https://www.accessdata.fda.gov/cdrh_docs/pdf24/K240540.pdf,Not Found
3/22/24,K232322,MAGNETOM Terra; MAGNETOM Terra.X,"Siemens Medical Solutions USA, Inc.",Radiology,LNH,https://www.accessdata.fda.gov/cdrh_docs/pdf23/K232322.pdf,Not Found
3/21/24,K233753,AI-Rad Companion (Pulmonary),Siemens Healthcare GmbH,Radiology,JAK,https://www.accessdata.fda.gov/cdrh_docs/pdf23/K233753.pdf,Not Found
3/20/24,K234047,Automatic Registration,Brainlab AG,Neurology,OLO,https://www.accessdata.fda.gov/cdrh_docs/pdf23/K234047.pdf,Not Found
3/15/24,K233342,CINA-ASPECTS,Avicenna.AI,Radiology,POK,https://www.accessdata.fda.gov/cdrh_docs/pdf23/K233342.pdf,Not Found
3/13/24,K233968,CINA-iPE,Avicenna.AI,Radiology,QAS,https://www.accessdata.fda.gov/cdrh_docs/pdf23/K233968.pdf,Not Found
3/11/24,K232140,OTS Hip,Ortoma AB,Neurology,OLO,https://www.accessdata.fda.gov/cdrh_docs/pdf23/K232140.pdf,Not Found
3/8/24,K233438,SleepStageML,"Beacon Biosignals, Inc.",Neurology,OLZ,https://www.accessdata.fda.gov/cdrh_docs/pdf23/K233438.pdf,Not Found
3/7/24,K233692,"Voluson Signature 20, Voluson Signature 18","GE Medical Systems Ultrasound and Primary care Diagnostics,",Radiology,IYN,https://www.accessdata.fda.gov/cdrh_docs/pdf23/K233692.pdf,Not Found
3/6/24,K231677,EdgeFlow UH10,Edgecare Inc.,Radiology,IYO,https://www.accessdata.fda.gov/cdrh_docs/pdf23/K231677.pdf,Not Found
3/4/24,K233738,Overjet Caries Assist-Pediatric,"Overjet, Inc",Radiology,MYN,https://www.accessdata.fda.gov/cdrh_docs/pdf23/K233738.pdf,Not Found
3/1/24,K233030,BoneMRI,MRIguidance B.V,Radiology,QIH,https://www.accessdata.fda.gov/cdrh_docs/pdf23/K233030.pdf,Not Found
3/1/24,K231690,iCAS-LV,HighRAD Ltd.,Radiology,QIH,https://www.accessdata.fda.gov/cdrh_docs/pdf23/K231690.pdf,Not Found
2/29/24,K231683,inHEART Models,"inHEART, SAS",Radiology,QIH,https://www.accessdata.fda.gov/cdrh_docs/pdf23/K231683.pdf,Not Found
2/29/24,K232765,MAGNETOM Cima.X Fit,"Siemens Medical Solutions USA, Inc.",Radiology,LNH,https://www.accessdata.fda.gov/cdrh_docs/pdf23/K232765.pdf,Not Found
2/28/24,K232613,CT Cardiomegaly,"Innolitics, LLC",Radiology,QIH,https://www.accessdata.fda.gov/cdrh_docs/pdf23/K232613.pdf,Not Found
2/23/24,K233590,Overjet Charting Assist,"Overjet, Inc",Radiology,QIH,https://www.accessdata.fda.gov/cdrh_docs/pdf23/K233590.pdf,Not Found
2/22/24,K233749,Revolution Ascend Sliding,"GE Hangwei Medical Systems Co., Ltd.",Radiology,JAK,https://www.accessdata.fda.gov/cdrh_docs/pdf23/K233749.pdf,Not Found
2/21/24,K232148,X-Guide Surgical Navigation System,"X-Nav Technologies, LLC",Dental,QRY,https://www.accessdata.fda.gov/cdrh_docs/pdf23/K232148.pdf,Not Found
2/15/24,K232915,EpiMonitor,Empatica Srl,Neurology,POS,https://www.accessdata.fda.gov/cdrh_docs/pdf23/K232915.pdf,Not Found
2/13/24,K233788,"EPIQ Series Diagnostic Ultrasound System, Affiniti Series Diagnostic Ultrasound System",Philips Ultrasound LLC,Radiology,IYN,https://www.accessdata.fda.gov/cdrh_docs/pdf23/K233788.pdf,Not Found
2/13/24,K231855,QOCA® image Smart RT Contouring System,Quanta Computer Inc.,Radiology,QKB,https://www.accessdata.fda.gov/cdrh_docs/pdf23/K231855.pdf,Not Found
2/9/24,K231355,Aurora,EnsoData,Anesthesiology,MNR,https://www.accessdata.fda.gov/cdrh_docs/pdf23/K231355.pdf,Not Found
2/8/24,K233080,HealthFLD,Nano-X AI Ltd.,Radiology,JAK,https://www.accessdata.fda.gov/cdrh_docs/pdf23/K233080.pdf,Not Found
2/6/24,DEN230041,Sleep Apnea Feature,"Samsung Electronics Co., Ltd",Anesthesiology,QZW,https://www.accessdata.fda.gov/cdrh_docs/pdf23/DEN230041.pdf,Not Found
2/5/24,K232363,"Viz HDS, Viz Volume Plus, Viz ICH+","Viz.ai, Inc.",Radiology,QIH,https://www.accessdata.fda.gov/cdrh_docs/pdf23/K232363.pdf,Not Found
1/31/24,DEN210035,Genius Digital Diagnostics System with the Genius Cervical AI algorithm,Hologic Inc.,Pathology,QYV,https://www.accessdata.fda.gov/cdrh_docs/pdf21/DEN210035.pdf,Not Found
1/31/24,K231396,CEPHX- Cephalometric Analysis Software,Orca Dental AI LTD,Radiology,LLZ,https://www.accessdata.fda.gov/cdrh_docs/pdf23/K231396.pdf,Not Found
1/24/24,K233195,"Aplio i900, Aplio i800 and Aplio i700 Software V8.1 Diagnostic Ultrasound System",Canon Medical Systems Corporation,Radiology,IYN,https://www.accessdata.fda.gov/cdrh_docs/pdf23/K233195.pdf,Not Found
1/19/24,K232156,Rapid ASPECTS (v3),"iSchemaView, Inc.",Radiology,POK,https://www.accessdata.fda.gov/cdrh_docs/pdf23/K232156.pdf,Not Found
1/19/24,K233728,SIGNA Champion,GE Healthcare (Tianjin) Company Limited,Radiology,LNH,https://www.accessdata.fda.gov/cdrh_docs/pdf23/K233728.pdf,Not Found
1/18/24,K232698,NemoScan,Software Nemotec S.L.,Radiology,QIH,https://www.accessdata.fda.gov/cdrh_docs/pdf23/K232698.pdf,Not Found
1/17/24,K231871,Radify Triage,Envisionit DeepAI Ltd,Radiology,QFM,https://www.accessdata.fda.gov/cdrh_docs/pdf23/K231871.pdf,Not Found
1/16/24,K233512,Rapid (6.0),"iSchemaView, Inc.",Radiology,QIH,https://www.accessdata.fda.gov/cdrh_docs/pdf23/K233512.pdf,Not Found
1/13/24,K233216,CLEWICU System,Clew Medical Ltd.,Cardiovascular,QNL,https://www.accessdata.fda.gov/cdrh_docs/pdf23/K233216.pdf,Not Found
1/12/24,DEN230008,DermaSensor,DermaSensor Inc.,General and Plastic Surgery,QZS,https://www.accessdata.fda.gov/cdrh_docs/pdf23/DEN230008.pdf,Not Found
1/12/24,K233677,Biograph VK10,"Siemens Medical Solutions USA, Inc.",Radiology,KPS,https://www.accessdata.fda.gov/cdrh_docs/pdf23/K233677.pdf,Not Found
1/12/24,DEN220040,Fibresolve,"Imvaria, Inc",Radiology,QWO,https://www.accessdata.fda.gov/cdrh_docs/pdf22/DEN220040.pdf,Not Found
1/12/24,K233964,GI Genius Module 100 (GGM100.US); GI Genius Module 200 (GGM200.US); ColonPRO 4.0 (CPRO40.US),Cosmo Artificial Intelligence - AI Ltd,Gastroenterology-Urology,QNP,https://www.accessdata.fda.gov/cdrh_docs/pdf23/K233964.pdf,Not Found
1/11/24,K232250,SurgiCount+ System,Stryker Instruments,General Hospital,PBZ,https://www.accessdata.fda.gov/cdrh_docs/pdf23/K232250.pdf,Not Found
1/11/24,DEN220066,BrainSee,"Darmiyan, Inc.",Neurology,QWT,https://www.accessdata.fda.gov/cdrh_docs/pdf22/DEN220066.pdf,Not Found
1/8/24,K232412,LungQ v3.0.0,Thirona BV,Radiology,JAK,https://www.accessdata.fda.gov/cdrh_docs/pdf23/K232412.pdf,Not Found
1/8/24,K231324,DASI Dimensions (V1.0),DASI Simulations,Radiology,QIH,https://www.accessdata.fda.gov/cdrh_docs/pdf23/K231324.pdf,Not Found
1/7/24,K231068,autoSCORE,Holberg EEG AS,Neurology,OMB,https://www.accessdata.fda.gov/cdrh_docs/pdf23/K231068.pdf,Not Found
1/5/24,K231917,VEA Align,EOS imaging,Radiology,QIH,https://www.accessdata.fda.gov/cdrh_docs/pdf23/K231917.pdf,Not Found
1/4/24,K232808,Butterfly iQ3 Ultrasound System,"Butterfly Network, Inc.",Radiology,IYN,https://www.accessdata.fda.gov/cdrh_docs/pdf23/K232808.pdf,Not Found
1/3/24,K231779,REMI AI Discrete Detection Module,"Epitel, Inc.",Neurology,OMB,https://www.accessdata.fda.gov/cdrh_docs/pdf23/K231779.pdf,Not Found
12/26/23,K231130,TumorSight Viz,"SimBioSys, Inc.",Radiology,QIH,https://www.accessdata.fda.gov/cdrh_docs/pdf23/K231130.pdf,Not Found
12/22/23,K231805,qXR-LN,Qure.ai Technologies,Radiology,MYN,https://www.accessdata.fda.gov/cdrh_docs/pdf23/K231805.pdf,Not Found
12/22/23,K232535,MAGNETOM Sola; MAGNETOM Altea,"Siemens Medical Solutions USA, Inc.",Radiology,LNH,https://www.accessdata.fda.gov/cdrh_docs/pdf23/K232535.pdf,Not Found
12/22/23,K232479,ART-Plan,TheraPanacea,Radiology,MUJ,https://www.accessdata.fda.gov/cdrh_docs/pdf23/K232479.pdf,Not Found
12/21/23,K233112,HM70 EVO Diagnostic Ultrasound System,"Samsung Medison CO., LTD.",Radiology,IYN,https://www.accessdata.fda.gov/cdrh_docs/pdf23/K233112.pdf,Not Found
12/20/23,K230850,United Orthopedic Knee Patient Specific Instrumentation,"Enhatch, Inc.",Orthopedic,OOG,https://www.accessdata.fda.gov/cdrh_docs/pdf23/K230850.pdf,Not Found
12/20/23,K233176,uOmnispace.MI,"Shanghai United Imaging Healthcare Co., Ltd.",Radiology,LLZ,https://www.accessdata.fda.gov/cdrh_docs/pdf23/K233176.pdf,Not Found
12/18/23,K231929,iQ-solutions,Sydney Neuroimaging Analysis Centre Pty Ltd,Radiology,QIH,https://www.accessdata.fda.gov/cdrh_docs/pdf23/K231929.pdf,Not Found
12/18/23,K231587,MAGNETOM Cima.X,"Siemens Medical Solutions USA, Inc.",Radiology,LNH,https://www.accessdata.fda.gov/cdrh_docs/pdf23/K231587.pdf,Not Found
12/15/23,K232384,Videa Dental Assist,"VideaHealth, Inc.",Radiology,MYN,https://www.accessdata.fda.gov/cdrh_docs/pdf23/K232384.pdf,Not Found
12/15/23,K230751,EW10-EC02 Endoscopy Support Program,FUJIFILM Corporation,Gastroenterology-Urology,QNP,https://www.accessdata.fda.gov/cdrh_docs/pdf23/K230751.pdf,Not Found
12/14/23,K231570,StrokeViewer Perfusion,NICo-Lab B.V.,Radiology,LLZ,https://www.accessdata.fda.gov/cdrh_docs/pdf23/K231570.pdf,Not Found
12/13/23,K232237,Tyto Insights for Wheeze Detection,Tyto Care Ltd.,Anesthesiology,PHZ,https://www.accessdata.fda.gov/cdrh_docs/pdf23/K232237.pdf,Not Found
12/13/23,K232231,QP-Brain®,Quibim S.L.,Radiology,QIH,https://www.accessdata.fda.gov/cdrh_docs/pdf23/K232231.pdf,Not Found
12/12/23,DEN230027,NaviCam ProScan,"	
Ankon Technologies co., ltd",Gastroenterology-Urology,QZF,https://www.accessdata.fda.gov/cdrh_docs/pdf23/DEN230027.pdf,Not Found
12/11/23,K232096,Transpara Density 1.0.0,Screenpoint Medical B.V.,Radiology,QIH,https://www.accessdata.fda.gov/cdrh_docs/pdf23/K232096.pdf,Not Found
12/8/23,K223757,Bonelogic,Disior Ltd,Radiology,LLZ,https://www.accessdata.fda.gov/cdrh_docs/pdf22/K223757.pdf,Not Found
12/8/23,K231898,DTX Studio Clinic (4.0),Nobel Biocare AB,Radiology,LLZ,https://www.accessdata.fda.gov/cdrh_docs/pdf23/K231898.pdf,Not Found
12/7/23,K232661,Myocardial Strain Software Application,Circle Cardiovascular Imaging,Radiology,LLZ,https://www.accessdata.fda.gov/cdrh_docs/pdf23/K232661.pdf,Not Found
12/7/23,K232381,LOGIQ Totus,"GE Medical Systems Ultrasound and Primary care Diagnostics,",Radiology,IYN,https://www.accessdata.fda.gov/cdrh_docs/pdf23/K232381.pdf,Not Found
12/6/23,K233562,LINQ II Insertable Cardiac Monitor,"Medtronic, Inc.",Cardiovascular,MXD,https://www.accessdata.fda.gov/cdrh_docs/pdf23/K233562.pdf,Not Found
12/6/23,K233334,Aquilion Serve SP (TSX-307B/1) V1.3,Canon Medical Systems Corporation,Radiology,JAK,https://www.accessdata.fda.gov/cdrh_docs/pdf23/K233334.pdf,Not Found
12/5/23,K232440,Adravision Perio,Adra Corporation,Radiology,QIH,https://www.accessdata.fda.gov/cdrh_docs/pdf23/K232440.pdf,Not Found
12/5/23,K233568,Ceevra Reveal 3+,"Ceevra, Inc.",Radiology,QIH,https://www.accessdata.fda.gov/cdrh_docs/pdf23/K233568.pdf,Not Found
12/1/23,K232856,Syngo Carbon Clinicals,Siemens Healthcare GmbH,Radiology,QIH,https://www.accessdata.fda.gov/cdrh_docs/pdf23/K232856.pdf,Not Found
11/30/23,K233545,EPIQ Series Diagnostic Ultrasound System,Philips Ultrasound LLC,Radiology,IYN,https://www.accessdata.fda.gov/cdrh_docs/pdf23/K233545.pdf,Not Found
11/29/23,K230179,6440 MyLabX90,Esaote S.p.A.,Radiology,IYN,https://www.accessdata.fda.gov/cdrh_docs/pdf23/K230179.pdf,Not Found
11/28/23,K232000,syngo.via MI Workflows; Scenium; syngo MBF,"Siemens Medical Solutions USA, Inc.",Radiology,QIH,https://www.accessdata.fda.gov/cdrh_docs/pdf23/K232000.pdf,Not Found
11/28/23,K231631,BriefCase-Quantification,"Aidoc Medical, Ltd.",Radiology,JAK,https://www.accessdata.fda.gov/cdrh_docs/pdf23/K231631.pdf,Not Found
11/27/23,K233243,ClearPoint System (Software Version 2.2),ClearPoint Neuro Inc.,Neurology,HAW,https://www.accessdata.fda.gov/cdrh_docs/pdf23/K233243.pdf,Not Found
11/21/23,K232496,Brainomix 360 Triage Stroke,Brainomix Limited,Radiology,QAS,https://www.accessdata.fda.gov/cdrh_docs/pdf23/K232496.pdf,Not Found
11/17/23,K232501,AI Platform (AIP001),Exo Inc,Radiology,QIH,https://www.accessdata.fda.gov/cdrh_docs/pdf23/K232501.pdf,Not Found
11/15/23,K232841,Axial3D Insight,Axial Medical Printing Limited,Radiology,QIH,https://www.accessdata.fda.gov/cdrh_docs/pdf23/K232841.pdf,Not Found
11/14/23,K232494,MAGNETOM Avanto fit; MAGNETOM Skyra fit,"Siemens Medical Solutions USA, Inc.",Radiology,LNH,https://www.accessdata.fda.gov/cdrh_docs/pdf23/K232494.pdf,Not Found
11/13/23,K232083,BriefCase-Quantification,"Aidoc Medical, Ltd.",Radiology,QIH,https://www.accessdata.fda.gov/cdrh_docs/pdf23/K232083.pdf,Not Found
11/13/23,K232257,Clarius Bladder AI,Clarius Mobile Health Corp.,Radiology,QIH,https://www.accessdata.fda.gov/cdrh_docs/pdf23/K232257.pdf,Not Found
11/9/23,K223754,BraveCX,Bering Ltd,Radiology,QFM,https://www.accessdata.fda.gov/cdrh_docs/pdf22/K223754.pdf,Not Found
11/9/23,K231617,MAGNETOM Free.Max; MAGNETOM Free.Star,"Siemens Medical Solutions USA, Inc.",Radiology,LNH,https://www.accessdata.fda.gov/cdrh_docs/pdf23/K231617.pdf,Not Found
11/8/23,K230534,BriefCase-Quantification,"Aidoc Medical, Ltd.",Radiology,QIH,https://www.accessdata.fda.gov/cdrh_docs/pdf23/K230534.pdf,Not Found
11/8/23,K231765,Contour ProtégéAI,MIM Software Inc.,Radiology,QKB,https://www.accessdata.fda.gov/cdrh_docs/pdf23/K231765.pdf,Not Found
11/7/23,K231989,"LOGIQ E10s, LOGIQ Fortis","GE Medical Systems Ultrasound and Primary Care Diagnostic,",Radiology,IYN,https://www.accessdata.fda.gov/cdrh_docs/pdf23/K231989.pdf,Not Found
11/7/23,K231966,LOGIQ E10,"GE Medical Systems Ultrasound and Primary care Diagnostics,",Radiology,IYN,https://www.accessdata.fda.gov/cdrh_docs/pdf23/K231966.pdf,Not Found
11/6/23,K231470,Lunit INSIGHT DBT,Lunit Inc.,Radiology,QDQ,https://www.accessdata.fda.gov/cdrh_docs/pdf23/K231470.pdf,Not Found
11/3/23,K231955,aprevo® Digital Segmentation,"Carlsmed, Inc.",Radiology,QIH,https://www.accessdata.fda.gov/cdrh_docs/pdf23/K231955.pdf,Not Found
10/30/23,K232145,"ACUSON Sequoia Diagnostic Ultrasound System, ACUSON Sequoia Select Diagnostic Ultrasound System, ACUSON Origin Diagnostic Ultrasound System","Siemens Medical Solutions USA, Inc.",Radiology,IYN,https://www.accessdata.fda.gov/cdrh_docs/pdf23/K232145.pdf,Not Found
10/30/23,K231965,"Voluson Expert 22, Voluson Expert 20, Voluson Expert 18","GE Medical Systems Ultrasound and Primary Care Diagnostics,",Radiology,IYN,https://www.accessdata.fda.gov/cdrh_docs/pdf23/K231965.pdf,Not Found
10/30/23,K232751,BriefCase-Triage,"Aidoc Medical, Ltd.",Radiology,QAS,https://www.accessdata.fda.gov/cdrh_docs/pdf23/K232751.pdf,Not Found
10/27/23,K230854,SwiftMR,AIRS Medical Inc.,Radiology,LLZ,https://www.accessdata.fda.gov/cdrh_docs/pdf23/K230854.pdf,Not Found
10/27/23,K232045,MeVis Liver Suite,MeVis Medical Solutions AG,Radiology,JAK,https://www.accessdata.fda.gov/cdrh_docs/pdf23/K232045.pdf,Not Found
10/26/23,K232500,Lumify Diagnostic Ultrasound System,Philips Ultrasound,Radiology,IYN,https://www.accessdata.fda.gov/cdrh_docs/pdf23/K232500.pdf,Not Found
10/25/23,K230842,SignalHF (IM008),Implicity Inc.,Cardiovascular,QNL,https://www.accessdata.fda.gov/cdrh_docs/pdf23/K230842.pdf,Not Found
10/25/23,K232436,Rapid SDH,"iSchemaView, Inc.",Radiology,QAS,https://www.accessdata.fda.gov/cdrh_docs/pdf23/K232436.pdf,Not Found
10/23/23,K231764,Ultrasound System 1300,BK Medical Aps,Radiology,IYN,https://www.accessdata.fda.gov/cdrh_docs/pdf23/K231764.pdf,Not Found
10/23/23,K231560,MAGNETOM Vida; MAGNETOM Lumina; MAGNETOM Aera; MAGNETOM Skyra; MAGNETOM Prisma; MAGNETOM Prisma fit,"Siemens Medical Solutions USA, Inc.",Radiology,LNH,https://www.accessdata.fda.gov/cdrh_docs/pdf23/K231560.pdf,Not Found
10/23/23,K232305,AI-Rad Companion Brain MR,Siemens Medical Solutions U.S.A.,Radiology,QIH,https://www.accessdata.fda.gov/cdrh_docs/pdf23/K232305.pdf,Not Found
10/20/23,K230209,Sonix Health,"Ontact Health Co., Ltd.",Radiology,QIH,https://www.accessdata.fda.gov/cdrh_docs/pdf23/K230209.pdf,Not Found
10/13/23,K231642,Veuron-Brain-pAb3,"Heuron Co., Ltd.",Radiology,LLZ,https://www.accessdata.fda.gov/cdrh_docs/pdf23/K231642.pdf,Not Found
10/13/23,K230370,SpotLight/SpotLight Duo (with DLIR option),Arineta Ltd.,Radiology,JAK,https://www.accessdata.fda.gov/cdrh_docs/pdf23/K230370.pdf,Not Found
10/11/23,K230220,NeuViz 128 Multi-Slice CT Scanner System,"Neusoft Medical Systems Co., Ltd.",Radiology,JAK,https://www.accessdata.fda.gov/cdrh_docs/pdf23/K230220.pdf,Not Found
10/6/23,K232760,Swoop® Portable MR Imaging System®,"Hyperfine, Inc.",Radiology,LNH,https://www.accessdata.fda.gov/cdrh_docs/pdf23/K232760.pdf,Not Found
10/6/23,K232787,ScanNav Anatomy Peripheral Nerve Block,Intelligent Ultrasound Limited,Anesthesiology,QRG,https://www.accessdata.fda.gov/cdrh_docs/pdf23/K232787.pdf,Not Found
10/6/23,K223905,Vivio® LVEDP System,"Avicena, LLC",Cardiovascular,QUO,https://www.accessdata.fda.gov/cdrh_docs/pdf22/K223905.pdf,Not Found
10/6/23,K230144,Denti.AI Detect,"Denti.AI Technology, Inc.",Radiology,MYN,https://www.accessdata.fda.gov/cdrh_docs/pdf23/K230144.pdf,Not Found
10/5/23,K231001,DeepTek CXR Analyzer v1.0,DeepTek Medical Imaging Pvt Ltd,Radiology,MYN,https://www.accessdata.fda.gov/cdrh_docs/pdf23/K231001.pdf,Not Found
10/5/23,K232367,cmAngio® V1.0,"CureMetrix, Inc.",Radiology,QIH,https://www.accessdata.fda.gov/cdrh_docs/pdf23/K232367.pdf,Not Found
10/5/23,K232704,Clarius Ultrasound Scanner,Clarius Mobile Health Corp.,Radiology,IYN,https://www.accessdata.fda.gov/cdrh_docs/pdf23/K232704.pdf,Not Found
10/4/23,K231398,VUNO Med-DeepBrain,VUNO Inc.,Radiology,QIH,https://www.accessdata.fda.gov/cdrh_docs/pdf23/K231398.pdf,Not Found
10/4/23,K232023,Momentum Spine,Momentum Health Inc.,Radiology,LDK,https://www.accessdata.fda.gov/cdrh_docs/pdf23/K232023.pdf,Not Found
10/4/23,K231025,EFAI NeuroSuite CT ICH Assessment System,"Ever Fortune.AI Co., Ltd.",Radiology,QAS,https://www.accessdata.fda.gov/cdrh_docs/pdf23/K231025.pdf,Not Found
10/3/23,K230085,Lung-CAD,"Imagen Technologies, Inc",Radiology,MYN,https://www.accessdata.fda.gov/cdrh_docs/pdf23/K230085.pdf,Not Found
10/3/23,K231772,"V8/H8 Diagnostic Ultrasound System, V7/H7 Diagnostic Ultrasound System, V6/H6 Diagnostic Ultrasound System","Samsung Medison Co., Ltd.",Radiology,IYN,https://www.accessdata.fda.gov/cdrh_docs/pdf23/K231772.pdf,Not Found
10/3/23,K232712,uMI Panorama,"Shanghai United Imaging Healthcare Co., Ltd.",Radiology,KPS,https://www.accessdata.fda.gov/cdrh_docs/pdf23/K232712.pdf,Not Found
9/29/23,K230045,HipCheck,Stryker Corp.,Radiology,QIH,https://www.accessdata.fda.gov/cdrh_docs/pdf23/K230045.pdf,Not Found
9/28/23,K232699,Low Ejection Fraction AI-ECG Algorithm,"Anumana, Inc.",Cardiovascular,QYE,https://www.accessdata.fda.gov/cdrh_docs/pdf23/K232699.pdf,Not Found
9/28/23,K231837,Brainomix 360 Triage LVO,Brainomix Limited,Radiology,QAS,https://www.accessdata.fda.gov/cdrh_docs/pdf23/K231837.pdf,Not Found
9/27/23,K232616,Volta AF-Xplorer,Volta Medical,Cardiovascular,DQK,https://www.accessdata.fda.gov/cdrh_docs/pdf23/K232616.pdf,Not Found
9/26/23,K230252,OFIX MIS App,Orthofix US LLC,Radiology,LLZ,https://www.accessdata.fda.gov/cdrh_docs/pdf23/K230252.pdf,Not Found
9/25/23,K231928,EFAI RTSUITE CT HCAP-Segmentation System,"Ever Fortune.AI Co., Ltd.",Radiology,QKB,https://www.accessdata.fda.gov/cdrh_docs/pdf23/K231928.pdf,Not Found
9/22/23,K231767,Annalise Enterprise CTB Triage Trauma,Annalise-AI Pty Ltd,Radiology,QAS,https://www.accessdata.fda.gov/cdrh_docs/pdf23/K231767.pdf,Not Found
9/22/23,K231149,qXR-CTR,Qure.ai Technologies,Radiology,QIH,https://www.accessdata.fda.gov/cdrh_docs/pdf23/K231149.pdf,Not Found
9/22/23,K231384,Annalise Enterprise CTB Triage Trauma,Annalise-AI Pty Ltd.,Radiology,QAS,https://www.accessdata.fda.gov/cdrh_docs/pdf23/K231384.pdf,Not Found
9/22/23,K223659,Jazz,AI Medical AG,Radiology,LLZ,https://www.accessdata.fda.gov/cdrh_docs/pdf22/K223659.pdf,Not Found
9/21/23,K231678,Overjet Periapical Radiolucency Assist,"Overjet, Inc",Radiology,MYN,https://www.accessdata.fda.gov/cdrh_docs/pdf23/K231678.pdf,Not Found
9/19/23,K231281,Aquilion Serve (TSX-307A/1) V1.3,Canon Medical Systems Corporation,Radiology,JAK,https://www.accessdata.fda.gov/cdrh_docs/pdf23/K231281.pdf,Not Found
9/19/23,K221309,AI100 with Shonit,SigTuple Technologies Pvt. Ltd.,Hematology,JOY,https://www.accessdata.fda.gov/cdrh_docs/pdf22/K221309.pdf,Not Found
9/14/23,K220034,NEUROShield,In-Med Prognostics L3C,Radiology,LLZ,https://www.accessdata.fda.gov/cdrh_docs/pdf22/K220034.pdf,Not Found
9/13/23,K223811,Lung-CAD,"Imagen Technologies, Inc",Radiology,MYN,https://www.accessdata.fda.gov/cdrh_docs/pdf22/K223811.pdf,Not Found
9/12/23,K232526,"XIDF-AWS801, Angio Workstation (Alphenix Workstation), V9.5",Canon Medical Systems Corporation,Radiology,JAA,https://www.accessdata.fda.gov/cdrh_docs/pdf23/K232526.pdf,Not Found
9/12/23,K231748,Cartesion Prime (PCD-1000A/3) V10.15,Canon Medical Systems Corporation,Radiology,KPS,https://www.accessdata.fda.gov/cdrh_docs/pdf23/K231748.pdf,Not Found
9/9/23,K223864,"Alignment System Cranial, Alignment Software Cranial, Cirq Alignment Software Cranial Biopsy, Cirq Alignment Software Cranial sEEG, Varioguide Alignment Software Cranial",Brainlab AG,Neurology,HAW,https://www.accessdata.fda.gov/cdrh_docs/pdf22/K223864.pdf,Not Found
9/8/23,K223621,DeepXray,"Alpha Intelligence Manifolds, Inc.",Radiology,QIH,https://www.accessdata.fda.gov/cdrh_docs/pdf22/K223621.pdf,Not Found
9/8/23,K222921,Minuteful-kidney test,Healthy.io Ltd.,Clinical Chemistry,JIR,https://www.accessdata.fda.gov/cdrh_docs/pdf22/K222921.pdf,Not Found
9/8/23,K231335,Cleerly ISCHEMIA,"Cleerly, Inc",Cardiovascular,QXZ,https://www.accessdata.fda.gov/cdrh_docs/pdf23/K231335.pdf,Not Found
9/8/23,K232686,CorVista® System,"CorVista Health, Inc.",Cardiovascular,QXX,https://www.accessdata.fda.gov/cdrh_docs/pdf23/K232686.pdf,Not Found
9/7/23,K231207,"CARTO 3 EP Navigation System Software V8.0 (FG-5400-00, FG-5400-00U)","Biosense Webster, Inc.",Cardiovascular,DQK,https://www.accessdata.fda.gov/cdrh_docs/pdf23/K231207.pdf,Not Found
9/6/23,K232482,MAGNETOM Viato.Mobile,"Siemens Medical Solutions USA, Inc.",Radiology,LNH,https://www.accessdata.fda.gov/cdrh_docs/pdf23/K232482.pdf,Not Found
9/1/23,K223622,FaceHeart Vitals Software Development Kit (FH vitals SDK),FaceHeart Corp.,Cardiovascular,QME,https://www.accessdata.fda.gov/cdrh_docs/pdf22/K223622.pdf,Not Found
8/30/23,K230355,"Vantage Galan 3T, MRT-3020, V9.0 with AiCE Reconstruction Processing Unit for MR",Canon Medical Systems Corporation,Radiology,LNH,https://www.accessdata.fda.gov/cdrh_docs/pdf23/K230355.pdf,Not Found
8/28/23,K223639,VisAble.IO,TechsoMed,Radiology,QTZ,https://www.accessdata.fda.gov/cdrh_docs/pdf22/K223639.pdf,Not Found
8/25/23,K223180,AIRAscore,AIRAmed GmbH,Radiology,LLZ,https://www.accessdata.fda.gov/cdrh_docs/pdf22/K223180.pdf,Not Found
8/23/23,K230812,Withings Scan Monitor 2.0,Withings,Cardiovascular,DPS,https://www.accessdata.fda.gov/cdrh_docs/pdf23/K230812.pdf,Not Found
8/22/23,K230899,qXR-PTX-PE,Qure.ai Technologies,Radiology,QFM,https://www.accessdata.fda.gov/cdrh_docs/pdf23/K230899.pdf,Not Found
8/18/23,K223539,Dreem 3S,"Beacon Biosignals, Inc.",Neurology,OLZ,https://www.accessdata.fda.gov/cdrh_docs/pdf22/K223539.pdf,Not Found
8/15/23,K231094,Annalise Enterprise CTB Triage-OH,Annalise-AI Pty Ltd,Radiology,QAS,https://www.accessdata.fda.gov/cdrh_docs/pdf23/K231094.pdf,Not Found
8/3/23,DEN230003,Viz HCM,"Viz.ai, Inc.",Cardiovascular,QXO,https://www.accessdata.fda.gov/cdrh_docs/pdf23/DEN230003.pdf,Not Found
8/3/23,K223133,VisiRad XR,Imidex Inc.,Radiology,MYN,https://www.accessdata.fda.gov/cdrh_docs/pdf22/K223133.pdf,Not Found
8/2/23,K223553,"Spine Planning (2.0), Elements Spine Planning, Elements Planning Spine",Brainlab AG,Neurology,OLO,https://www.accessdata.fda.gov/cdrh_docs/pdf22/K223553.pdf,Not Found
7/27/23,K231195,Brainomix 360 Triage ICH,Brainomix Limited,Radiology,QAS,https://www.accessdata.fda.gov/cdrh_docs/pdf23/K231195.pdf,Not Found
7/27/23,K230074,Rapid Aneurysm Triage and Notification,iSchemaView Inc.,Radiology,QFM,https://www.accessdata.fda.gov/cdrh_docs/pdf23/K230074.pdf,Not Found
7/26/23,K231038,Global Hypoperfusion Index (GHI) Algorithm,"Edwards Lifesciences, LLC",Cardiovascular,QNL,https://www.accessdata.fda.gov/cdrh_docs/pdf23/K231038.pdf,Not Found
7/26/23,K231572,uMI Panorama,"Shanghai United Imaging Healthcare Co., Ltd.",Radiology,KPS,https://www.accessdata.fda.gov/cdrh_docs/pdf23/K231572.pdf,Not Found
7/25/23,K230365,Sonio Detect,Sonio,Radiology,IYN,https://www.accessdata.fda.gov/cdrh_docs/pdf23/K230365.pdf,Not Found
7/25/23,K223473,ME-APDS; MAGENTIQ-COLO,Magentiq Eye LTD,Gastroenterology-Urology,QNP,https://www.accessdata.fda.gov/cdrh_docs/pdf22/K223473.pdf,Not Found
7/25/23,K230913,ANDI,"Imeka Solutions, Inc.",Radiology,QIH,https://www.accessdata.fda.gov/cdrh_docs/pdf23/K230913.pdf,Not Found
7/24/23,K223347,UltraSight AI Guidance,UltraSight Inc.,Radiology,QJU,https://www.accessdata.fda.gov/cdrh_docs/pdf22/K223347.pdf,Not Found
7/21/23,K230150,OptimMRI,"RebrAIn, SAS",Radiology,QIH,https://www.accessdata.fda.gov/cdrh_docs/pdf23/K230150.pdf,Not Found
7/21/23,K231173,Irregular Rhythm Notification Feature (IRNF),Apple Inc.,Cardiovascular,QDB,https://www.accessdata.fda.gov/cdrh_docs/pdf23/K231173.pdf,Not Found
7/21/23,K223288,"Cranial Navigation, Navigation Software Cranial, Navigation Software Craniofacial, Cranial EM System, Automatic Registration iMRI",Brainlab AG,Neurology,HAW,https://www.accessdata.fda.gov/cdrh_docs/pdf22/K223288.pdf,Not Found
7/20/23,K230039,uOmnispace,"Shanghai United Imaging Healthcare Co., Ltd",Radiology,QIH,https://www.accessdata.fda.gov/cdrh_docs/pdf23/K230039.pdf,Not Found
7/19/23,K231157,syngo.CT Lung CAD (Version VD30),Siemens Healthcare GmbH,Radiology,OEB,https://www.accessdata.fda.gov/cdrh_docs/pdf23/K231157.pdf,Not Found
7/14/23,K231757,Ez3D-i /E3,"Ewoosoft Co., Ltd",Radiology,QIH,https://www.accessdata.fda.gov/cdrh_docs/pdf23/K231757.pdf,Not Found
7/14/23,K223106,"Brainlab Elements Image Fusion, Contouring (4.5);Image Fusion  (4.5);Fibertracking (2.0);BOLD MRI Mapping  (1.0);Image Fusion Angio  (1.0)",Brainlab AG,Radiology,QIH,https://www.accessdata.fda.gov/cdrh_docs/pdf22/K223106.pdf,Not Found
7/13/23,K223424,Spine Auto Views,GE Medical Systems SCS,Radiology,JAK,https://www.accessdata.fda.gov/cdrh_docs/pdf22/K223424.pdf,Not Found
7/13/23,K231833,Biograph Vision.X and Biograph Vision.X Edge,"Siemens Medical Solutions USA, Inc.",Radiology,KPS,https://www.accessdata.fda.gov/cdrh_docs/pdf23/K231833.pdf,Not Found
7/13/23,K223426,ECHELON Synergy MRI system,FUJIFILM Healthcare Corporation,Radiology,LNH,https://www.accessdata.fda.gov/cdrh_docs/pdf22/K223426.pdf,Not Found
7/12/23,K230823,AusculThing ACC,AusculThing Oy,Cardiovascular,DQD,https://www.accessdata.fda.gov/cdrh_docs/pdf23/K230823.pdf,Not Found
7/10/23,K223724,MOZI TPS,"Manteia Technologies Co., Ltd.",Radiology,MUJ,https://www.accessdata.fda.gov/cdrh_docs/pdf22/K223724.pdf,Not Found
7/7/23,K231668,Spine CAMP (1.1),"Medical Metrics, Inc.",Radiology,QIH,https://www.accessdata.fda.gov/cdrh_docs/pdf23/K231668.pdf,Not Found
7/3/23,K222745,Axial3D Insight,Axial Medical Printing Limited,Radiology,QIH,https://www.accessdata.fda.gov/cdrh_docs/pdf22/K222745.pdf,Not Found
6/29/23,K230337,EarliPoint,"EarliTec Diagnostics, Inc",Neurology,QPF,https://www.accessdata.fda.gov/cdrh_docs/pdf23/K230337.pdf,Not Found
6/29/23,DEN200052,KidneyIntelX.dkd,"Renalytix AI, Inc.",Clinical Chemistry,QWZ,https://www.accessdata.fda.gov/cdrh_docs/pdf20/DEN200052.pdf,Not Found
6/22/23,K230497,Bladder AI (AIBV01),Exo Inc,Radiology,QIH,https://www.accessdata.fda.gov/cdrh_docs/pdf23/K230497.pdf,Not Found
6/20/23,K230346,Voluson SWIFT; Voluson SWIFT+,"GE Medical Systems Ultrasound & Primary Care Diagnostic, LLC",Radiology,IYN,https://www.accessdata.fda.gov/cdrh_docs/pdf23/K230346.pdf,Not Found
6/20/23,K231459,HepaFatSmart (V2.0.0),Resonance Health Analysis Services Pty Ltd,Radiology,LNH,https://www.accessdata.fda.gov/cdrh_docs/pdf23/K231459.pdf,Not Found
6/16/23,K223357,EyeArt v2.2.0,"Eyenuk, Inc.",Ophthalmic,PIB,https://www.accessdata.fda.gov/cdrh_docs/pdf22/K223357.pdf,Not Found
6/16/23,K223556,DeepCatch,"MEDICALIP Co., Ltd",Radiology,QIH,https://www.accessdata.fda.gov/cdrh_docs/pdf22/K223556.pdf,Not Found
6/16/23,K223646,IB Lab LAMA,IB Lab GmbH,Radiology,QIH,https://www.accessdata.fda.gov/cdrh_docs/pdf22/K223646.pdf,Not Found
6/13/23,K230112,CAC Software,"Imbio, Inc.",Radiology,JAK,https://www.accessdata.fda.gov/cdrh_docs/pdf23/K230112.pdf,Not Found
6/6/23,K223855,"FEops HEARTguideTM, FEops HEARTguideTM ALPACA",FEops nv,Radiology,QIH,https://www.accessdata.fda.gov/cdrh_docs/pdf22/K223855.pdf,Not Found
5/30/23,K223523,Sonic DL,"GE Medical Systems,LLC (GE Healthcare)",Radiology,LNH,https://www.accessdata.fda.gov/cdrh_docs/pdf22/K223523.pdf,Not Found
5/25/23,K230273,Saranas Early Bird Bleed Monitoring System,Saranas Inc.,Cardiovascular,QFJ,https://www.accessdata.fda.gov/cdrh_docs/pdf23/K230273.pdf,Not Found
5/25/23,K223491,"Critical Care Suite with Pneumothorax Detection AI Algorithm, Critical Care Suite 2.1, Critical Care Suite","GE Medical Systems, LLC",Radiology,QBS,https://www.accessdata.fda.gov/cdrh_docs/pdf22/K223491.pdf,Not Found
5/23/23,K223504,Ceribell Status Epilepticus Monitor,"Ceribell, Inc.",Neurology,OMB,https://www.accessdata.fda.gov/cdrh_docs/pdf22/K223504.pdf,Not Found
5/23/23,K230096,Genius AI Detection 2.0 with CC-MLO Correlation,"Hologic, Inc.",Radiology,QDQ,https://www.accessdata.fda.gov/cdrh_docs/pdf23/K230096.pdf,Not Found
5/19/23,K212758,Autoplaque,Cedars-Sinai Medical Center: AIM,Radiology,LLZ,https://www.accessdata.fda.gov/cdrh_docs/pdf21/K212758.pdf,Not Found
5/19/23,K231143,GI Genius System 100 and GI Genius System 200,Cosmo Artificial Intelligence - AI Ltd,Gastroenterology-Urology,QNP,https://www.accessdata.fda.gov/cdrh_docs/pdf23/K231143.pdf,Not Found
5/17/23,K222728,Radiation Planning Assistant (RPA),"University of Texas, MD Anderson Cancer Center",Radiology,MUJ,https://www.accessdata.fda.gov/cdrh_docs/pdf22/K222728.pdf,Not Found
5/12/23,K231190,EPIQ Series Diagnostic Ultrasound System,Philips Ultrasound LLC,Radiology,IYN,https://www.accessdata.fda.gov/cdrh_docs/pdf23/K231190.pdf,Not Found
5/11/23,K223623,SubtleMR (2.3.x),Subtle Medical Inc.,Radiology,LLZ,https://www.accessdata.fda.gov/cdrh_docs/pdf22/K223623.pdf,Not Found
5/10/23,K220437,Neurophet AQUA,"NEUROPHET, Inc.",Radiology,LLZ,https://www.accessdata.fda.gov/cdrh_docs/pdf22/K220437.pdf,Not Found
5/4/23,K230082,Auto Segmentation,"GE Medical Systems, LLC",Radiology,QKB,https://www.accessdata.fda.gov/cdrh_docs/pdf23/K230082.pdf,Not Found
5/4/23,K223771,Lumify Diagnostic Ultrasound System,Philips Ultrasound,Radiology,IYN,https://www.accessdata.fda.gov/cdrh_docs/pdf22/K223771.pdf,Not Found
5/2/23,K230292,Samsung ECG Monitor Application with Irregular Heart Rhythm Notification,"Samsung Electronics Co., Ltd",Cardiovascular,QDA,https://www.accessdata.fda.gov/cdrh_docs/pdf23/K230292.pdf,Not Found
5/2/23,K230977,SIS System,"Surgical Information Sciences, Inc.",Radiology,QIH,https://www.accessdata.fda.gov/cdrh_docs/pdf23/K230977.pdf,Not Found
4/28/23,P210011,xT CDx,"Tempus Labs, Inc.",Pathology,PQP,https://www.accessdata.fda.gov/cdrh_docs/pdf21/P210011.pdf,Not Found
4/27/23,K223212,Precision DL,GE Healthcare,Radiology,KPS,https://www.accessdata.fda.gov/cdrh_docs/pdf22/K223212.pdf,Not Found
4/27/23,K223734,ENT EM,Brainlab AG,Neurology,PGW,https://www.accessdata.fda.gov/cdrh_docs/pdf22/K223734.pdf,Not Found
4/26/23,K230553,"LINQ II Insertable Cardiac Monitor, CareLink SmartSync LINQ II ICM Application","Medtronic, Inc.",Cardiovascular,MXD,https://www.accessdata.fda.gov/cdrh_docs/pdf23/K230553.pdf,Not Found
4/26/23,K230552,MR DWI/FLAIR Measurement V1.0,Olea Medical,Radiology,LLZ,https://www.accessdata.fda.gov/cdrh_docs/pdf23/K230552.pdf,Not Found
4/25/23,K230223,iCAC Device,"Bunkerhill, Inc",Radiology,JAK,https://www.accessdata.fda.gov/cdrh_docs/pdf23/K230223.pdf,Not Found
4/25/23,K222676,Ceevra Reveal 3,"Ceevra, Inc.",Radiology,QIH,https://www.accessdata.fda.gov/cdrh_docs/pdf22/K222676.pdf,Not Found
4/21/23,K223501,ViewFinder Software Version 1.1,Elaitra Ltd,Radiology,QIH,https://www.accessdata.fda.gov/cdrh_docs/pdf22/K223501.pdf,Not Found
4/21/23,K230084,HERA W10 Diagnostic Ultrasound System; HERA W9 Diagnostic Ultrasound System,"Samsung Medison CO., LTD.",Radiology,IYN,https://www.accessdata.fda.gov/cdrh_docs/pdf23/K230084.pdf,Not Found
4/20/23,K223287,Velacur,Sonic Incytes,Radiology,IYO,https://www.accessdata.fda.gov/cdrh_docs/pdf22/K223287.pdf,Not Found
4/20/23,K230807,Deep Learning Image Reconstruction,GE Healthcare Japan Corporation,Radiology,JAK,https://www.accessdata.fda.gov/cdrh_docs/pdf23/K230807.pdf,Not Found
4/19/23,K230023,ART-Plan,Therapanacea SAS,Radiology,QKB,https://www.accessdata.fda.gov/cdrh_docs/pdf23/K230023.pdf,Not Found
4/19/23,K223552,"Brainlab Elements  Trajectory Planning (2.6), Elements Stereotaxy, Elements Lead Localization, Elements Trajectory Planning Cranial",Brainlab AG,Neurology,HAW,https://www.accessdata.fda.gov/cdrh_docs/pdf22/K223552.pdf,Not Found
4/17/23,K230772,Quantib Prostate,Quantib BV,Radiology,LLZ,https://www.accessdata.fda.gov/cdrh_docs/pdf23/K230772.pdf,Not Found
4/14/23,K230685,AutoContour Model RADAC V3,"Radformation, Inc.",Radiology,QKB,https://www.accessdata.fda.gov/cdrh_docs/pdf23/K230685.pdf,Not Found
4/13/23,K230264,Ezra Flash,"Ezra AI, Inc.",Radiology,LLZ,https://www.accessdata.fda.gov/cdrh_docs/pdf23/K230264.pdf,Not Found
4/13/23,K213986,CerebralGo Plus,"Yukun (Beijing) Technology Co., Ltd",Radiology,QIH,https://www.accessdata.fda.gov/cdrh_docs/pdf21/K213986.pdf,Not Found
4/11/23,K223830,Ultrasound System 2300,BK Medical Aps,Radiology,IYN,https://www.accessdata.fda.gov/cdrh_docs/pdf22/K223830.pdf,Not Found
4/7/23,K230658,SKOUT® system,Iterative Scopes Inc.,Gastroenterology-Urology,QNP,https://www.accessdata.fda.gov/cdrh_docs/pdf23/K230658.pdf,Not Found
4/7/23,K230575,Limbus Contour,Limbus AI Inc.,Radiology,LLZ,https://www.accessdata.fda.gov/cdrh_docs/pdf23/K230575.pdf,Not Found
4/6/23,K223458,"Ingenia, Ingenia CX, Ingenia Elition, Ingenia Ambition, MR 5300 and MR 7700 MR Systems",Philips Medical Systems Nederland B.V.,Radiology,LNH,https://www.accessdata.fda.gov/cdrh_docs/pdf22/K223458.pdf,Not Found
4/6/23,K223774,Contour ProtégéAI,MIM Software Inc.,Radiology,QKB,https://www.accessdata.fda.gov/cdrh_docs/pdf22/K223774.pdf,Not Found
4/6/23,K222360,AI-Rad Companion (Cardiovascular),Siemens Medical Solutions U.S.A.,Radiology,JAK,https://www.accessdata.fda.gov/cdrh_docs/pdf22/K222360.pdf,Not Found
4/5/23,K223630,"Reveal LINQ Insertable Cardiac Monitor, LINQ II Insertable Cardiac Monitor, AccuRhythm AI ECG Classification System","Medtronic, Inc.",Cardiovascular,MXD,https://www.accessdata.fda.gov/cdrh_docs/pdf22/K223630.pdf,Not Found
4/3/23,K223240,Annalise Enterprise CTB Triage Trauma,Annalise-AI Pty Ltd,Radiology,QAS,https://www.accessdata.fda.gov/cdrh_docs/pdf22/K223240.pdf,Not Found
3/31/23,K220068,Butterfly iQ/iQ+ Ultrasound System,"Butterfly Network, Inc.",Radiology,IYO,https://www.accessdata.fda.gov/cdrh_docs/pdf22/K220068.pdf,Not Found
3/31/23,K213272,Formus Hip,"Formus Labs, Ltd",Radiology,QIH,https://www.accessdata.fda.gov/cdrh_docs/pdf21/K213272.pdf,Not Found
3/31/23,DEN200011,Masimo SafetyNet,Masimo Corporation,Anesthesiology,QVT,https://www.accessdata.fda.gov/cdrh_docs/pdf20/DEN200011.pdf,Not Found
3/29/23,K222312,RayStation 12A,RaySearch Laboratories AB (publ),Radiology,MUJ,https://www.accessdata.fda.gov/cdrh_docs/pdf22/K222312.pdf,Not Found
3/28/23,K223343,MAGNETOM Amira; MAGNETOM Sempra,Siemens Medical Solutions USA Inc.,Radiology,LNH,https://www.accessdata.fda.gov/cdrh_docs/pdf22/K223343.pdf,Not Found
3/28/23,K222268,Annalise Enterprise CXR Triage Trauma,Annalise-AI Pty Ltd,Radiology,QFM,https://www.accessdata.fda.gov/cdrh_docs/pdf22/K222268.pdf,Not Found
3/28/23,K222179,Annalise Enterprise CXR Triage Trauma,Annalise-AI Pty Ltd,Radiology,QFM,https://www.accessdata.fda.gov/cdrh_docs/pdf22/K222179.pdf,Not Found
3/28/23,K221921,DTX Studio Clinic 3.0,Nobel Biocare AB,Radiology,MYN,https://www.accessdata.fda.gov/cdrh_docs/pdf22/K221921.pdf,Not Found
3/28/23,K222174,RadioLens v1.0,Synapsica,Radiology,QIH,https://www.accessdata.fda.gov/cdrh_docs/pdf22/K222174.pdf,Not Found
3/27/23,K222746,Overjet Caries Assist,"Overjet, Inc.",Radiology,MYN,https://www.accessdata.fda.gov/cdrh_docs/pdf22/K222746.pdf,Not Found
3/22/23,K222036,MPXA-2000,"Medipixel, Inc.",Radiology,QIH,https://www.accessdata.fda.gov/cdrh_docs/pdf22/K222036.pdf,Not Found
3/21/23,K223490,FlightPlan for Embolization,GE Medical Systems SCS,Radiology,LLZ,https://www.accessdata.fda.gov/cdrh_docs/pdf22/K223490.pdf,Not Found
3/17/23,K223443,Viz AAA,"Viz. ai, Inc.",Radiology,QFM,https://www.accessdata.fda.gov/cdrh_docs/pdf22/K223443.pdf,Not Found
3/17/23,K223073,Alio,"Alio, Inc.",Cardiovascular,DRG,https://www.accessdata.fda.gov/cdrh_docs/pdf22/K223073.pdf,Not Found
3/17/23,K221772,NeuroRPM,New Touch Digital Inc.,Neurology,GYD,https://www.accessdata.fda.gov/cdrh_docs/pdf22/K221772.pdf,Not Found
3/10/23,K223325,uMI Panorama,"Shanghai United Imaging Healthcare Co., Ltd.",Radiology,KPS,https://www.accessdata.fda.gov/cdrh_docs/pdf22/K223325.pdf,Not Found
3/9/23,K223514,Spectral Bone Marrow,"GE Medical Systems, LLC",Radiology,JAK,https://www.accessdata.fda.gov/cdrh_docs/pdf22/K223514.pdf,Not Found
3/9/23,K221706,AccuContour,"Manteia Technologies Co., Ltd.",Radiology,QKB,https://www.accessdata.fda.gov/cdrh_docs/pdf22/K221706.pdf,Not Found
3/7/23,K223726,Aquilion Precision (TSX-304A/4) V10.14 with AiCE,Canon Medical Systems Corporation,Radiology,JAK,https://www.accessdata.fda.gov/cdrh_docs/pdf22/K223726.pdf,Not Found
3/3/23,K222819,Aquilion Serve (TSX-307A/1) V1.2 with AiCE-i,Canon Medical Systems Corporation,Radiology,JAK,https://www.accessdata.fda.gov/cdrh_docs/pdf22/K222819.pdf,Not Found
3/2/23,K222176,BoneView,Gleamer,Radiology,QBS,https://www.accessdata.fda.gov/cdrh_docs/pdf22/K222176.pdf,Not Found
3/2/23,K222884,Rapid NCCT Stroke,"iSchemaView, Inc.",Radiology,QAS,https://www.accessdata.fda.gov/cdrh_docs/pdf22/K222884.pdf,Not Found
3/1/23,K221680,Xeleris V Processing and Review System,GE Healthcare,Radiology,LLZ,https://www.accessdata.fda.gov/cdrh_docs/pdf22/K221680.pdf,Not Found
2/24/23,K221592,AVIEW Lung Nodule CAD,"Coreline Soft Co.,Ltd.",Radiology,OEB,https://www.accessdata.fda.gov/cdrh_docs/pdf22/K221592.pdf,Not Found
2/24/23,DEN220063,Caption Interpretation Automated Ejection Fraction Software,"Caption Health, Inc",Radiology,QVD,https://www.accessdata.fda.gov/cdrh_docs/pdf22/DEN220063.pdf,Not Found
2/23/23,K221564,Brainomix 360 e-ASPECTS,Brainomix Limited,Radiology,POK,https://www.accessdata.fda.gov/cdrh_docs/pdf22/K221564.pdf,Not Found
2/23/23,K222579,Belun Sleep System BLS-100,Belun Technology Company Limited,Anesthesiology,MNR,https://www.accessdata.fda.gov/cdrh_docs/pdf22/K222579.pdf,Not Found
2/22/23,K230208,Swoop® Portable MR Imaging System,"Hyperfine, Inc.",Radiology,LNH,https://www.accessdata.fda.gov/cdrh_docs/pdf23/K230208.pdf,Not Found
2/22/23,K230197,BoneMRI v1.6,MRIguidance B.V.,Radiology,QIH,https://www.accessdata.fda.gov/cdrh_docs/pdf23/K230197.pdf,Not Found
2/17/23,DEN210022,PMD-200,Medasense Biometrics Ltd.,Anesthesiology,QVE,https://www.accessdata.fda.gov/cdrh_docs/pdf21/DEN210022.pdf,Not Found
2/16/23,K223028,uCT ATLAS Astound with uWS-CT-Dual Energy Analysis,"Shanghai United Imaging Healthcare Co., Ltd.",Radiology,JAK,https://www.accessdata.fda.gov/cdrh_docs/pdf22/K223028.pdf,Not Found
2/16/23,K222755,uMR 680,"Shanghai United Imaging Intelligence Co., Ltd.",Radiology,LNH,https://www.accessdata.fda.gov/cdrh_docs/pdf22/K222755.pdf,Not Found
2/15/23,K222389,ZEUS System,"iRhythm Technologies, Inc.",Cardiovascular,DQK,https://www.accessdata.fda.gov/cdrh_docs/pdf22/K222389.pdf,Not Found
2/13/23,K223387,"V8 Diagnostic Ultrasound System, V7 Diagnostic Ultrasound System","Samsung Medison Co., Ltd.",Radiology,IYN,https://www.accessdata.fda.gov/cdrh_docs/pdf22/K223387.pdf,Not Found
2/13/23,K223439,SIGNA Victor,GE Healthcare (Tianjin) Company Limited,Radiology,LNH,https://www.accessdata.fda.gov/cdrh_docs/pdf22/K223439.pdf,Not Found
2/6/23,K223296,Videa Perio Assist,"VideaHealth, Inc.",Radiology,QIH,https://www.accessdata.fda.gov/cdrh_docs/pdf22/K223296.pdf,Not Found
2/2/23,K222803,Oncospace,"Oncospace, Inc.",Radiology,MUJ,https://www.accessdata.fda.gov/cdrh_docs/pdf22/K222803.pdf,Not Found
2/1/23,K230020,BriefCase,"Aidoc Medical, Ltd.",Radiology,QFM,https://www.accessdata.fda.gov/cdrh_docs/pdf23/K230020.pdf,Not Found
2/1/23,K222970,LVivo IQS,DiA Imaging Analysis Ltd,Radiology,QIH,https://www.accessdata.fda.gov/cdrh_docs/pdf22/K222970.pdf,Not Found
2/1/23,K223396,Rapid RV/LV,iSchema View Inc.,Radiology,QIH,https://www.accessdata.fda.gov/cdrh_docs/pdf22/K223396.pdf,Not Found
1/27/23,K221868,QOCA image Smart CXR Image Processing System,Quanta Computer Inc.,Radiology,QFM,https://www.accessdata.fda.gov/cdrh_docs/pdf22/K221868.pdf,Not Found
1/23/23,K222406,Clarius AI,Clarius Mobile Health Corp.,Radiology,QIH,https://www.accessdata.fda.gov/cdrh_docs/pdf22/K222406.pdf,Not Found
1/21/23,K223516,VX1+,Volta Medical,Cardiovascular,DQK,https://www.accessdata.fda.gov/cdrh_docs/pdf22/K223516.pdf,Not Found
1/18/23,K222593,TruPlan Computed Tomography (CT) Imaging Software,"Circle Cardiovascular Imaging, Inc.",Radiology,LLZ,https://www.accessdata.fda.gov/cdrh_docs/pdf22/K222593.pdf,Not Found
1/13/23,K223502,MR Diffusion Perfusion Mismatch V1.0,Olea Medical,Radiology,LLZ,https://www.accessdata.fda.gov/cdrh_docs/pdf22/K223502.pdf,Not Found
1/12/23,K222458,AIBOLIT 3D+,"Aibolit Technologies, LLC",Radiology,LLZ,https://www.accessdata.fda.gov/cdrh_docs/pdf22/K222458.pdf,Not Found
1/11/23,K223738,Alpha Control Liner System (ACLS),Coapt,Neurology,GXY,https://www.accessdata.fda.gov/cdrh_docs/pdf22/K223738.pdf,Not Found
12/23/22,K223442,MR 5300 and MR 7700 R11 MR Systems,Philips Medical Systems Nederlands B.V.,Radiology,LNH,https://www.accessdata.fda.gov/cdrh_docs/pdf22/K223442.pdf,Not Found
12/23/22,K214036,AVIEW,"Coreline Soft Co.,Ltd.",Radiology,QIH,https://www.accessdata.fda.gov/cdrh_docs/pdf21/K214036.pdf,Not Found
12/22/22,K223311,Philips CT 3500,"Philips Healthcare (Suzhou) Co., Ltd",Radiology,JAK,https://www.accessdata.fda.gov/cdrh_docs/pdf22/K223311.pdf,Not Found
12/16/22,K220928,Overjet Calculus Assist,Overjet Inc.,Radiology,MYN,https://www.accessdata.fda.gov/cdrh_docs/pdf22/K220928.pdf,Not Found
12/16/22,K222275,Saige-Density,"DeepHealth, Inc.",Radiology,QIH,https://www.accessdata.fda.gov/cdrh_docs/pdf22/K222275.pdf,Not Found
12/16/22,K223268,BrainInsight,"Hyperfine, Inc.",Radiology,QIH,https://www.accessdata.fda.gov/cdrh_docs/pdf22/K223268.pdf,Not Found
12/6/22,K223247,Swoop Portable MR Imaging System,"Hyperfine, Inc.",Radiology,LNH,https://www.accessdata.fda.gov/cdrh_docs/pdf22/K223247.pdf,Not Found
12/5/22,K222692,BriefCase,"Aidoc Medical, Ltd.",Radiology,QFM,https://www.accessdata.fda.gov/cdrh_docs/pdf22/K222692.pdf,Not Found
12/1/22,K220786,STAR Apollo Mapping System,"Rhythm Al, Ltd",Cardiovascular,DQK,https://www.accessdata.fda.gov/cdrh_docs/pdf22/K220786.pdf,Not Found
11/22/22,K221716,CINA,AVICENNA.AI,Radiology,QAS,https://www.accessdata.fda.gov/cdrh_docs/pdf22/K221716.pdf,Not Found
11/22/22,K221624,Avenda Health AI Prostate Cancer Planning Software,"Avenda Health, Inc.",Radiology,POK,https://www.accessdata.fda.gov/cdrh_docs/pdf22/K221624.pdf,Not Found
11/21/22,K223032,SIS System (Version 5.6.0),"Surgical Information Sciences, Inc.",Radiology,QIH,https://www.accessdata.fda.gov/cdrh_docs/pdf22/K223032.pdf,Not Found
11/18/22,K221330,BriefCase,"Aidoc Medical, Ltd.",Radiology,QAS,https://www.accessdata.fda.gov/cdrh_docs/pdf22/K221330.pdf,Not Found
11/16/22,K221762,BoneMRI v1.4,MRlguidance B.V.,Radiology,QIH,https://www.accessdata.fda.gov/cdrh_docs/pdf22/K221762.pdf,Not Found
11/14/22,K222428,Syngo Dynamics (Version VA40F),"Siemens Medical Solutions USA, Inc.",Radiology,QIH,https://www.accessdata.fda.gov/cdrh_docs/pdf22/K222428.pdf,Not Found
11/10/22,K220408,AVIEW RT ACS,"Coreline Soft Co.,Ltd",Radiology,QKB,https://www.accessdata.fda.gov/cdrh_docs/pdf22/K220408.pdf,Not Found
11/10/22,K221183,AEYE-DS,"AEYE Health, Inc.",Ophthalmic,PIB,https://www.accessdata.fda.gov/cdrh_docs/pdf22/K221183.pdf,Not Found
11/8/22,K221552,EFAI ChestSuite XR Pneumothorax Assessment System,"Ever Fortune AI Co., Ltd.",Radiology,QFM,https://www.accessdata.fda.gov/cdrh_docs/pdf22/K221552.pdf,Not Found
10/31/22,P210015,Avive Automated External Defibrillator (AED) System,"Avive Solutions, Inc.",Cardiovascular,MKJ,https://www.accessdata.fda.gov/cdrh_docs/pdf21/P210015.pdf,Not Found
10/31/22,P210015,Avive Automated External Defibrillator (AED) System,"Avive Solutions, Inc.",Cardiovascular,MKJ,https://www.accessdata.fda.gov/cdrh_docs/pdf21/P210015.pdf,Not Found
10/27/22,K220332,uMR Omega with uWS-MR-MRS,"Shanghai United Imaging Healthcare Co.,Ltd.",Radiology,LNH,https://www.accessdata.fda.gov/cdrh_docs/pdf22/K220332.pdf,Not Found
10/25/22,K222070,EndoNaut,Therenva SAS,Radiology,OWB,https://www.accessdata.fda.gov/cdrh_docs/pdf22/K222070.pdf,Not Found
10/21/22,K223042,Viz LVO ContaCT,"Viz.ai, Inc.",Radiology,QAS,https://www.accessdata.fda.gov/cdrh_docs/pdf22/K223042.pdf,Not Found
10/20/22,K222361,AI-Rad Companion (Musculoskeletal),"Siemens Medical Solutions USA, Inc.",Radiology,JAK,https://www.accessdata.fda.gov/cdrh_docs/pdf22/K222361.pdf,Not Found
10/18/22,K221632,Spine CAMP,"Medical Metrics, Inc.",Radiology,QIH,https://www.accessdata.fda.gov/cdrh_docs/pdf22/K221632.pdf,Not Found
10/18/22,DEN220024,ScanNav Anatomy Peripheral Nerve Block,	Intelligent Ultrasound Limited,Anesthesiology,QRG,https://www.accessdata.fda.gov/cdrh_docs/pdf22/DEN220024.pdf,Not Found
10/14/22,K221305,AI-Rad Companion Organs RT,"Siemens Medical Solutions USA, Inc",Radiology,QKB,https://www.accessdata.fda.gov/cdrh_docs/pdf22/K221305.pdf,Not Found
10/14/22,K213857,HeartFlow Analysis,"HeartFlow, Inc.",Cardiovascular,PJA,https://www.accessdata.fda.gov/cdrh_docs/pdf21/K213857.pdf,Not Found
10/7/22,K220709,BriefCase,"Aidoc Medical, Ltd.",Radiology,QAS,https://www.accessdata.fda.gov/cdrh_docs/pdf22/K220709.pdf,Not Found
10/6/22,K221449,Genius AI Detection 2.0,"Hologic, Inc.",Radiology,QDQ,https://www.accessdata.fda.gov/cdrh_docs/pdf22/K221449.pdf,Not Found
10/5/22,K221892,VISIONAIR,PacificMD Biotech Llc,Anesthesiology,BXQ,https://www.accessdata.fda.gov/cdrh_docs/pdf22/K221892.pdf,Not Found
9/30/22,K211611,QIR Suite,CASIS Cardiac Simulation & Imaging Software,Radiology,QIH,https://www.accessdata.fda.gov/cdrh_docs/pdf21/K211611.pdf,Not Found
9/29/22,K220080,CogNet QmTRIAGE,"MedCognetics, Inc.",Radiology,QFM,https://www.accessdata.fda.gov/cdrh_docs/pdf22/K220080.pdf,Not Found
9/28/22,K222329,BriefCase,"Aidoc Medical, Ltd.",Radiology,QAS,https://www.accessdata.fda.gov/cdrh_docs/pdf22/K222329.pdf,Not Found
9/27/22,K221738,NS-HGlio,Neosoma Inc.,Radiology,QIH,https://www.accessdata.fda.gov/cdrh_docs/pdf22/K221738.pdf,Not Found
9/21/22,K221179,SomnoMetry,Neumetry Medical Inc,Neurology,OLZ,https://www.accessdata.fda.gov/cdrh_docs/pdf22/K221179.pdf,Not Found
9/20/22,K213353,Aorta-CAD,"Imagen Technologies, Inc",Radiology,MYN,https://www.accessdata.fda.gov/cdrh_docs/pdf21/K213353.pdf,Not Found
9/13/22,K221733,"MAGNETOM Sola, MAGNETOM Altea, MAGNETOM Sola Fit","Siemens Medical Solutions USA, Inc.",Radiology,LNH,https://www.accessdata.fda.gov/cdrh_docs/pdf22/K221733.pdf,Not Found
9/12/22,K221456,Rapid ICH,iSchemaView Inc.,Radiology,QAS,https://www.accessdata.fda.gov/cdrh_docs/pdf22/K221456.pdf,Not Found
9/12/22,K220986,Aquilion Precision (TSX-304A/4) V10.10 with AiCE,Canon Medical Systems Corporation,Radiology,JAK,https://www.accessdata.fda.gov/cdrh_docs/pdf22/K220986.pdf,Not Found
9/8/22,K222076,EFAI ChestSuite XR Pleural Effusion Assessment System,"Ever Fortune.AI Co., Ltd.",Radiology,QFM,https://www.accessdata.fda.gov/cdrh_docs/pdf22/K222076.pdf,Not Found
9/7/22,K220783,syngo.via RT Image Suite,Siemens Medical Solutions USA Inc.,Radiology,MUJ,https://www.accessdata.fda.gov/cdrh_docs/pdf22/K220783.pdf,Not Found
9/6/22,K213960,LiverMultiScan v5 (LMSv5),Perspectum,Radiology,LNH,https://www.accessdata.fda.gov/cdrh_docs/pdf21/K213960.pdf,Not Found
9/1/22,K221241,DrAid for Radiology v1,VinBrain Joint Stock Company,Radiology,QFM,https://www.accessdata.fda.gov/cdrh_docs/pdf22/K221241.pdf,Not Found
8/29/22,K221100,Viz RV/LV,"Viz.ai, Inc.",Radiology,QIH,https://www.accessdata.fda.gov/cdrh_docs/pdf22/K221100.pdf,Not Found
8/26/22,K222277,BriefCase,"Aidoc Medical, Ltd.",Radiology,QAS,https://www.accessdata.fda.gov/cdrh_docs/pdf22/K222277.pdf,Not Found
8/25/22,K221962,LINQ II Insertable Cardiac Monitor,"Medtronic, Inc.",Cardiovascular,MXD,https://www.accessdata.fda.gov/cdrh_docs/pdf22/K221962.pdf,Not Found
8/25/22,K211841,MRI Planner,Spectronic Medical AB,Radiology,MUJ,https://www.accessdata.fda.gov/cdrh_docs/pdf21/K211841.pdf,Not Found
8/24/22,K220598,AutoContour Model RADAC V2,"Radformation, Inc.",Radiology,QKB,https://www.accessdata.fda.gov/cdrh_docs/pdf22/K220598.pdf,Not Found
8/22/22,K221599,HS40 Diagnostic Ultrasound System,"Samsung Medison Co., Ltd.",Radiology,IYN,https://www.accessdata.fda.gov/cdrh_docs/pdf22/K221599.pdf,Not Found
8/19/22,K222172,MI View&GO,"Siemens Medical Solutions USA, Inc.",Radiology,QIH,https://www.accessdata.fda.gov/cdrh_docs/pdf22/K222172.pdf,Not Found
8/12/22,K213686,SKOUT Software,Iterative Scopes Inc.,Gastroenterology-Urology,QNP,https://www.accessdata.fda.gov/cdrh_docs/pdf21/K213686.pdf,Not Found
8/12/22,K220349,TeraRecon Neuro,"TeraRecon, Inc",Radiology,LLZ,https://www.accessdata.fda.gov/cdrh_docs/pdf22/K220349.pdf,Not Found
8/11/22,K213713,AI-Rad Companion (Pulmonary),Siemens Healthcare GmBh,Radiology,JAK,https://www.accessdata.fda.gov/cdrh_docs/pdf21/K213713.pdf,Not Found
8/8/22,K213645,ClearPoint Maestro Brain Model,"ClearPoint Neuro, Inc.",Radiology,QIH,https://www.accessdata.fda.gov/cdrh_docs/pdf21/K213645.pdf,Not Found
8/3/22,K221347,Transpara 1.7.2,ScreenPoint Medical B.V.,Radiology,QDQ,https://www.accessdata.fda.gov/cdrh_docs/pdf22/K221347.pdf,Not Found
8/3/22,K221432,Customize,3D-Side SA,Radiology,QIH,https://www.accessdata.fda.gov/cdrh_docs/pdf22/K221432.pdf,Not Found
7/29/22,K220961,Deep Learning Image Reconstruction,GE Healthcare Japan Corporation,Radiology,JAK,https://www.accessdata.fda.gov/cdrh_docs/pdf22/K220961.pdf,Not Found
7/29/22,K213760,ABMD Software,HeartLung Corporation,Radiology,KGI,https://www.accessdata.fda.gov/cdrh_docs/pdf21/K213760.pdf,Not Found
7/28/22,K213998,cvi42 Auto Imaging Software Application,Circle Cardiovascular Imaging Inc,Radiology,QIH,https://www.accessdata.fda.gov/cdrh_docs/pdf21/K213998.pdf,Not Found
7/28/22,K221923,Swoop Portable MR Imaging System,"Hyperfine, Inc.",Radiology,LNH,https://www.accessdata.fda.gov/cdrh_docs/pdf22/K221923.pdf,Not Found
7/27/22,K210822,DeepRhythmAI,Medicalgorithmics S.A.,Cardiovascular,DQK,https://www.accessdata.fda.gov/cdrh_docs/pdf21/K210822.pdf,Not Found
7/25/22,K220439,Viz SDH,"Viz.ai, Inc.",Radiology,QAS,https://www.accessdata.fda.gov/cdrh_docs/pdf22/K220439.pdf,Not Found
7/22/22,K220624,AI4CMR v1.0,AI4MedImaging Medical Solutions S.A.,Radiology,LLZ,https://www.accessdata.fda.gov/cdrh_docs/pdf22/K220624.pdf,Not Found
7/22/22,K220882,"Vivid E80, Vivid E90, Vivid E95",GE Medical Systems Ultrasound and,Radiology,IYN,https://www.accessdata.fda.gov/cdrh_docs/pdf22/K220882.pdf,Not Found
7/22/22,K220940,"EchoPAC Software Only, EchoPAC Plug-in","GE Medical Systems Ultrasound and Primary Care Diagnostics,",Radiology,QIH,https://www.accessdata.fda.gov/cdrh_docs/pdf22/K220940.pdf,Not Found
7/20/22,K220956,Libby Echo:Prio,"Dyad Medical, Inc",Radiology,QIH,https://www.accessdata.fda.gov/cdrh_docs/pdf22/K220956.pdf,Not Found
7/19/22,K213409,ZEUS System (Zio Watch),"iRhythm Technologies, Inc.",Cardiovascular,DQK,https://www.accessdata.fda.gov/cdrh_docs/pdf21/K213409.pdf,Not Found
7/19/22,K220815,BrainInsight,"Hyperfine, Inc.",Radiology,QIH,https://www.accessdata.fda.gov/cdrh_docs/pdf22/K220815.pdf,Not Found
7/19/22,K213357,"Study Watch with Irregular Pulse Monitor (Home), Study Watch with Irregular Pulse Monitor",Verily Life Sciences LLC,Cardiovascular,DXH,https://www.accessdata.fda.gov/cdrh_docs/pdf21/K213357.pdf,Not Found
7/18/22,K221147,"Vivid T8, Vivid T9","GE Medical Systems Ultrasound and Primary Care Diagnostics,",Radiology,IYN,https://www.accessdata.fda.gov/cdrh_docs/pdf22/K221147.pdf,Not Found
7/18/22,K221148,Vivid iq,GE Medical Systems Ultrasound & Primary Care Diagnostics LLC,Radiology,IYN,https://www.accessdata.fda.gov/cdrh_docs/pdf22/K221148.pdf,Not Found
7/15/22,K220619,"Vivid S60N, Vivid S70N","GE Medical Systems Ultrasound and Primary Care Diagnostics,",Radiology,IYN,https://www.accessdata.fda.gov/cdrh_docs/pdf22/K220619.pdf,Not Found
7/14/22,K221203,AHI System,Fifth Eye Inc.,Cardiovascular,QNV,https://www.accessdata.fda.gov/cdrh_docs/pdf22/K221203.pdf,Not Found
7/13/22,K221727,syngo.CT Extended Functionality,"Siemens Medical Solutions USA, Inc.",Radiology,JAK,https://www.accessdata.fda.gov/cdrh_docs/pdf22/K221727.pdf,Not Found
7/8/22,K212783,ProstatID,"ScanMed, LLC",Radiology,QDQ,https://www.accessdata.fda.gov/cdrh_docs/pdf21/K212783.pdf,Not Found
7/6/22,K210069,Minuteful - kidney test,Healthy.io Ltd.,Clinical Chemistry,JIR,https://www.accessdata.fda.gov/cdrh_docs/pdf21/K210069.pdf,Not Found
6/29/22,K220975,"V8 Diagnostic Ultrasound System, V7 Diagnostic Ultrasound System","Samsung Medison Co., Ltd.",Radiology,IYN,https://www.accessdata.fda.gov/cdrh_docs/pdf22/K220975.pdf,Not Found
6/29/22,K213794,Eko Murmur Analysis Software (EMAS),"Eko Devices, Inc.",Cardiovascular,DQD,https://www.accessdata.fda.gov/cdrh_docs/pdf21/K213794.pdf,Not Found
6/27/22,K220851,Venue,GE Medical Systems,Radiology,IYN,https://www.accessdata.fda.gov/cdrh_docs/pdf22/K220851.pdf,Not Found
6/27/22,K220848,Venue Fit,GE Medical Systems,Radiology,IYN,https://www.accessdata.fda.gov/cdrh_docs/pdf22/K220848.pdf,Not Found
6/24/22,K220575,"MAGNETOM Free.Max, MAGNETOM Free.Star","Siemens Medical Solutions USA, Inc.",Radiology,LNH,https://www.accessdata.fda.gov/cdrh_docs/pdf22/K220575.pdf,Not Found
6/23/22,K220497,CoLumbo,Smart Soft Healthcare AD,Radiology,QIH,https://www.accessdata.fda.gov/cdrh_docs/pdf22/K220497.pdf,Not Found
6/21/22,K220800,Venue Go,GE Medical Systems Ultrasound and Primary Care Diagnostics,Radiology,IYN,https://www.accessdata.fda.gov/cdrh_docs/pdf22/K220800.pdf,Not Found
6/17/22,K213037,IDx-DR v2.3,Digital Diagnostics Inc.,Ophthalmic,PIB,https://www.accessdata.fda.gov/cdrh_docs/pdf21/K213037.pdf,Not Found
6/17/22,K221463,ElucidVivo A.3,Elucid Bioimaging Inc.,Radiology,LLZ,https://www.accessdata.fda.gov/cdrh_docs/pdf22/K221463.pdf,Not Found
6/17/22,K220813,ART-PLAN,TheraPanacea,Radiology,QKB,https://www.accessdata.fda.gov/cdrh_docs/pdf22/K220813.pdf,Not Found
6/16/22,K213504,"Aquilion ONE (TSX-306A/3) V10.12 with Spectral Imaging System, Vitrea Software Package, VSTP-001A",Canon Medical Systems Corporation,Radiology,JAK,https://www.accessdata.fda.gov/cdrh_docs/pdf21/K213504.pdf,Not Found
6/10/22,K221393,Swoop Portable MR Imaging System,"Hyperfine, Inc.",Radiology,LNH,https://www.accessdata.fda.gov/cdrh_docs/pdf22/K221393.pdf,Not Found
6/8/22,K213882,EarliPoint System,"EarliTec Diagnostics, Inc.",Neurology,QPF,https://www.accessdata.fda.gov/cdrh_docs/pdf21/K213882.pdf,Not Found
6/8/22,K213717,AIR Recon DL,"GE Medical Systems,LLC (GE Healthcare)",Radiology,LNH,https://www.accessdata.fda.gov/cdrh_docs/pdf21/K213717.pdf,Not Found
6/6/22,K220358,"Voluson Expert 22, Voluson Expert 20, Voluson Expert 18","GE Medical Systems Ultrasound and Primary Care Diagnostics,",Radiology,IYN,https://www.accessdata.fda.gov/cdrh_docs/pdf22/K220358.pdf,Not Found
6/3/22,K213971,Atrial Fibrillation History Feature,Apple Inc.,Cardiovascular,QDB,https://www.accessdata.fda.gov/cdrh_docs/pdf21/K213971.pdf,Not Found
6/3/22,K221314,BriefCase,"Aidoc Medical, Ltd.",Radiology,QAS,https://www.accessdata.fda.gov/cdrh_docs/pdf22/K221314.pdf,Not Found
6/2/22,K220164,Rayvolve,AZmed SAS,Radiology,QBS,https://www.accessdata.fda.gov/cdrh_docs/pdf22/K220164.pdf,Not Found
5/31/22,K221248,Rapid LVO,iSchemaView Inc.,Radiology,QAS,https://www.accessdata.fda.gov/cdrh_docs/pdf22/K221248.pdf,Not Found
5/31/22,K220766,eMurmur Heart AI,CSD Labs GmbH,Cardiovascular,DQD,https://www.accessdata.fda.gov/cdrh_docs/pdf22/K220766.pdf,Not Found
5/25/22,K220416,SwiftMR,AIRS Medical Inc.,Radiology,LLZ,https://www.accessdata.fda.gov/cdrh_docs/pdf22/K220416.pdf,Not Found
5/17/22,K221240,BriefCase,"Aidoc Medical, Ltd.",Radiology,QAS,https://www.accessdata.fda.gov/cdrh_docs/pdf22/K221240.pdf,Not Found
5/17/22,K220499,Rapid PE Triage and Notification (PETN),iSchemaView Inc.,Radiology,QAS,https://www.accessdata.fda.gov/cdrh_docs/pdf22/K220499.pdf,Not Found
5/17/22,K221219,syngo.CT CaScoring,"Siemens Medical Solutions USA, Inc.",Radiology,JAK,https://www.accessdata.fda.gov/cdrh_docs/pdf22/K221219.pdf,Not Found
5/16/22,K213583,"Achieva, Ingenia, Ingenia CX, Ingenia Elition and Ingenia Ambition MR Systems",Philips Medical Systems Nederland B.V.,Radiology,LNH,https://www.accessdata.fda.gov/cdrh_docs/pdf21/K213583.pdf,Not Found
5/13/22,K220589,MAGNETOM Skyra Fit,"Siemens Medical Solutions USA, Inc.",Radiology,LNH,https://www.accessdata.fda.gov/cdrh_docs/pdf22/K220589.pdf,Not Found
5/13/22,K221106,Quantib Prostate,Quantib BV,Radiology,LLZ,https://www.accessdata.fda.gov/cdrh_docs/pdf22/K221106.pdf,Not Found
5/12/22,K220105,Saige-Dx,"DeepHealth, Inc.",Radiology,QDQ,https://www.accessdata.fda.gov/cdrh_docs/pdf22/K220105.pdf,Not Found
5/11/22,K220446,Versana Balance,"GE Medical Systems Ultrasound and Primary Care Diagnostics,",Radiology,IYN,https://www.accessdata.fda.gov/cdrh_docs/pdf22/K220446.pdf,Not Found
5/10/22,K212519,Overjet Caries Assist,"Overjet, Inc.",Radiology,MYN,https://www.accessdata.fda.gov/cdrh_docs/pdf21/K212519.pdf,Not Found
5/6/22,K211966,Segment 3DPrint,Medviso AB,Radiology,LLZ,https://www.accessdata.fda.gov/cdrh_docs/pdf21/K211966.pdf,Not Found
5/3/22,K212915,MVision AI Segmentation,MVision AI,Radiology,QKB,https://www.accessdata.fda.gov/cdrh_docs/pdf21/K212915.pdf,Not Found
5/3/22,K220013,X100HT with Slide Loader with Full Field Peripheral Blood Smear (PBS) Application,Scopio Labs Ltd.,Hematology,JOY,https://www.accessdata.fda.gov/cdrh_docs/pdf22/K220013.pdf,Not Found
4/29/22,K220939,MAGNETOM Lumina and MAGNETOM Vida Fit with syngo MR XA50A,Siemens Medical Solutions USA Inc.,Radiology,LNH,https://www.accessdata.fda.gov/cdrh_docs/pdf22/K220939.pdf,Not Found
4/29/22,K220899,Oxehealth Vital Signs,Oxehealth Limited,Cardiovascular,QME,https://www.accessdata.fda.gov/cdrh_docs/pdf22/K220899.pdf,Not Found
4/29/22,K220590,aPROMISE X,EXINI Diagnostics AB,Radiology,LLZ,https://www.accessdata.fda.gov/cdrh_docs/pdf22/K220590.pdf,Not Found
4/28/22,K220264,EFAI RTSuite CT HN-Segmentation System,"Ever Fortune.AI Co., Ltd.",Radiology,QKB,https://www.accessdata.fda.gov/cdrh_docs/pdf22/K220264.pdf,Not Found
4/27/22,K212441,Philips Incisive CT,"Philips Healthcare (Suzhou) Co., Ltd.",Radiology,JAK,https://www.accessdata.fda.gov/cdrh_docs/pdf21/K212441.pdf,Not Found
4/26/22,K213886,BriefCase,"Aidoc Medical, Ltd.",Radiology,QAS,https://www.accessdata.fda.gov/cdrh_docs/pdf21/K213886.pdf,Not Found
4/26/22,K212662,AliveCor QT Service,"AliveCor, Inc.",Cardiovascular,DQK,https://www.accessdata.fda.gov/cdrh_docs/pdf21/K212662.pdf,Not Found
4/22/22,K213944,HealthOST,NanoxAI Ltd.,Radiology,JAK,https://www.accessdata.fda.gov/cdrh_docs/pdf21/K213944.pdf,Not Found
4/21/22,K213795,Videa Caries Assist,"VideaHealth, Inc",Radiology,MYN,https://www.accessdata.fda.gov/cdrh_docs/pdf21/K213795.pdf,Not Found
4/15/22,K213706,AI-Rad Companion Brain MR,Siemens Healthcare GmBh,Radiology,QIH,https://www.accessdata.fda.gov/cdrh_docs/pdf21/K213706.pdf,Not Found
4/15/22,K220141,RayStation 11B,RaySearch Laboratories AB (publ),Radiology,MUJ,https://www.accessdata.fda.gov/cdrh_docs/pdf22/K220141.pdf,Not Found
4/8/22,K220192,"Vantage Galan 3T, MRT-3020, V8.0 with AiCE Reconstruction Processing Unit for MR",Canon Medical Systems Corporation,Radiology,LNH,https://www.accessdata.fda.gov/cdrh_docs/pdf22/K220192.pdf,Not Found
4/8/22,K212274,INT Contour,Carina Medical LLC,Radiology,MUJ,https://www.accessdata.fda.gov/cdrh_docs/pdf21/K212274.pdf,Not Found
4/6/22,K203783,ClariPulmo,ClariPi Inc.,Radiology,LLZ,https://www.accessdata.fda.gov/cdrh_docs/pdf20/K203783.pdf,Not Found
4/5/22,K214081,MRCAT Head & Neck,Philips Oy,Radiology,MUJ,https://www.accessdata.fda.gov/cdrh_docs/pdf21/K214081.pdf,Not Found
4/5/22,K220043,"HERA W10 Diagnostic Ultrasound System, HERA W9 Diagnostic Ultrasound System","Samsung Medison Co., LTD",Radiology,IYN,https://www.accessdata.fda.gov/cdrh_docs/pdf22/K220043.pdf,Not Found
4/4/22,K212624,EFAI Intelligent Cardiothoracic Ratio (iCTR) Assessment System,"Ever Fortune. AI Co., Ltd.",Radiology,QIH,https://www.accessdata.fda.gov/cdrh_docs/pdf21/K212624.pdf,Not Found
4/1/22,K213657,DEEPVESSEL FFR,KeyaMed NA Inc.,Cardiovascular,PJA,https://www.accessdata.fda.gov/cdrh_docs/pdf21/K213657.pdf,Not Found
4/1/22,K220151,MAGNETOM Avanto Fit,"Siemens Medical Solutions USA, Inc.",Radiology,LNH,https://www.accessdata.fda.gov/cdrh_docs/pdf22/K220151.pdf,Not Found
3/22/22,K200828,Athelas Home,Athelas Inc.,Hematology,GKZ,https://www.accessdata.fda.gov/cdrh_docs/pdf20/K200828.pdf,Not Found
3/22/22,K212960,"Aplio a550, Aplio a450, and Aplio a, Diagnostic Ultrasound System, Software V6.5",Canon Medical Systems Corporation,Radiology,IYN,https://www.accessdata.fda.gov/cdrh_docs/pdf21/K212960.pdf,Not Found
3/21/22,K213721,BriefCase,"Aidoc Medical, Ltd.",Radiology,QAS,https://www.accessdata.fda.gov/cdrh_docs/pdf21/K213721.pdf,Not Found
3/16/22,K213779,Customize,3D-Side SA,Radiology,QIH,https://www.accessdata.fda.gov/cdrh_docs/pdf21/K213779.pdf,Not Found
3/14/22,K214043,BriefCase,"Aidoc Medical, Ltd.",Radiology,QFM,https://www.accessdata.fda.gov/cdrh_docs/pdf21/K214043.pdf,Not Found
3/14/22,K203744,Arterys MICA,Arterys Inc.,Radiology,QIH,https://www.accessdata.fda.gov/cdrh_docs/pdf20/K203744.pdf,Not Found
3/11/22,K213725,CardIQ Suite,GE Medical Systems SCS,Radiology,JAK,https://www.accessdata.fda.gov/cdrh_docs/pdf21/K213725.pdf,Not Found
3/10/22,K213566,ClearRead Xray Pneumothorax,"Riverain Technologies, Inc.",Radiology,QFM,https://www.accessdata.fda.gov/cdrh_docs/pdf21/K213566.pdf,Not Found
3/4/22,K210365,Second Opinion,Pearl Inc.,Radiology,MYN,https://www.accessdata.fda.gov/cdrh_docs/pdf21/K210365.pdf,Not Found
3/1/22,K212365,BoneView,Gleamer,Radiology,QBS,https://www.accessdata.fda.gov/cdrh_docs/pdf21/K212365.pdf,Not Found
2/25/22,K213693,MAGNETOM Vida with syngo MR XA50A,"Siemens Medical Solutions USA, Inc.",Radiology,LNH,https://www.accessdata.fda.gov/cdrh_docs/pdf21/K213693.pdf,Not Found
2/24/22,K213941,Annalise Enterprise CXR Triage Pneumothorax,Annalise-AI,Radiology,QFM,https://www.accessdata.fda.gov/cdrh_docs/pdf21/K213941.pdf,Not Found
2/18/22,K213999,Deep Learning Image Reconstruction,"GE Medical Systems, LLC.",Radiology,JAK,https://www.accessdata.fda.gov/cdrh_docs/pdf21/K213999.pdf,Not Found
2/18/22,K213319,"Viz ANEURYSM, Viz ANX","Viz.ai, Inc.",Radiology,QFM,https://www.accessdata.fda.gov/cdrh_docs/pdf21/K213319.pdf,Not Found
2/17/22,K213689,"Voluson P6, Voluson P8",GE Healthcare,Radiology,IYN,https://www.accessdata.fda.gov/cdrh_docs/pdf21/K213689.pdf,Not Found
2/11/22,K213603,SIGNA Artist Evo,GE Healthcare(Tianjin) Company Limited,Radiology,LNH,https://www.accessdata.fda.gov/cdrh_docs/pdf21/K213603.pdf,Not Found
2/8/22,K213165,Rapid,iSchema View Inc.,Radiology,LLZ,https://www.accessdata.fda.gov/cdrh_docs/pdf21/K213165.pdf,Not Found
2/4/22,K213938,Revolution Ascend,GE Healthcare Japan Corporation,Radiology,JAK,https://www.accessdata.fda.gov/cdrh_docs/pdf21/K213938.pdf,Not Found
2/4/22,K212654,"Micro C Medical Imaging System, M01","OXOS Medical, Inc.",Radiology,IZL,https://www.accessdata.fda.gov/cdrh_docs/pdf21/K212654.pdf,Not Found
2/3/22,K213976,Contour ProtégéAI,MIM Software Inc.,Radiology,QKB,https://www.accessdata.fda.gov/cdrh_docs/pdf21/K213976.pdf,Not Found
1/28/22,K203260,syngo.CT Brain Hemorrhage,"Siemens Medical Solutions USA, Inc.",Radiology,QAS,https://www.accessdata.fda.gov/cdrh_docs/pdf20/K203260.pdf,Not Found
1/24/22,K212333,"Aplio i900/i800/i700 Diagnostic Ultrasound System, Software V6.5",Canon Medical Systems Corporation,Radiology,IYN,https://www.accessdata.fda.gov/cdrh_docs/pdf21/K212333.pdf,Not Found
1/20/22,K214019,syngo.CT Extended Functionality,"Siemens Medical Solutions USA, Inc.",Radiology,JAK,https://www.accessdata.fda.gov/cdrh_docs/pdf21/K214019.pdf,Not Found
1/20/22,K213668,SIGNA Hero,"GE Healthcare (GE Medical Systems, LLC)",Radiology,LNH,https://www.accessdata.fda.gov/cdrh_docs/pdf21/K213668.pdf,Not Found
1/19/22,K210747,Caption Interpretation Automated Ejection Fraction Software,Caption Health,Radiology,QIH,https://www.accessdata.fda.gov/cdrh_docs/pdf21/K210747.pdf,Not Found
1/19/22,K212012,Follicle Clarity,Cycle Clarity,Radiology,QIH,https://www.accessdata.fda.gov/cdrh_docs/pdf21/K212012.pdf,Not Found
1/16/22,K211980,SIGNA Prime,GE Healthcare (Tianjin) Company Limited,Radiology,LNH,https://www.accessdata.fda.gov/cdrh_docs/pdf21/K211980.pdf,Not Found
1/14/22,K213737,Quantib ND,Quantib B.V.,Radiology,LLZ,https://www.accessdata.fda.gov/cdrh_docs/pdf21/K213737.pdf,Not Found
1/14/22,K213307,Eclipse II with Smart Noise Cancellation,"Carestream Health, Inc.",Radiology,MQB,https://www.accessdata.fda.gov/cdrh_docs/pdf21/K213307.pdf,Not Found
1/14/22,K210760,Precise Image,"Philips Medical Systems Nederland, B.V.",Radiology,JAK,https://www.accessdata.fda.gov/cdrh_docs/pdf21/K210760.pdf,Not Found
1/13/22,K213642,"Voluson S6, Voluson S8, Voluson S8t, Voluson S10, Voluson S10 Expert",GE Healthcare,Radiology,IYN,https://www.accessdata.fda.gov/cdrh_docs/pdf21/K213642.pdf,Not Found
1/12/22,K212005,UNiD Spine Analyzer,"MEDICREA International, Inc.",Radiology,LLZ,https://www.accessdata.fda.gov/cdrh_docs/pdf21/K212005.pdf,Not Found
1/7/22,K211443,AIBOLIT 3D+,"AIbolit Technologies, LLC",Radiology,LLZ,https://www.accessdata.fda.gov/cdrh_docs/pdf21/K211443.pdf,Not Found
1/6/22,K213544,TOMTEC-ARENA,TOMTEC Imaging Systems GmbH,Radiology,QIH,https://www.accessdata.fda.gov/cdrh_docs/pdf21/K213544.pdf,Not Found
12/29/21,K213776,LiverSmart,Resonance Health Analysis Services Pty Ltd,Radiology,PCS,https://www.accessdata.fda.gov/cdrh_docs/pdf21/K213776.pdf,Not Found
12/22/21,K202404,BoneMRI,MRIguidance B.V,Radiology,QIH,https://www.accessdata.fda.gov/cdrh_docs/pdf20/K202404.pdf,Not Found
12/21/21,K210670,BU-CAD,TaiHao Medical Inc.,Radiology,QDQ,https://www.accessdata.fda.gov/cdrh_docs/pdf21/K210670.pdf,Not Found
12/21/21,K212690,qXR-BT,Qure.ai Technologies,Radiology,QIH,https://www.accessdata.fda.gov/cdrh_docs/pdf21/K212690.pdf,Not Found
12/20/21,K213275,EchoGo Core (2.0),Ultromics Limited,Radiology,QIH,https://www.accessdata.fda.gov/cdrh_docs/pdf21/K213275.pdf,Not Found
12/16/21,K212616,Koios DS,"Koios Medical, Inc.",Radiology,POK,https://www.accessdata.fda.gov/cdrh_docs/pdf21/K212616.pdf,Not Found
12/16/21,K213628,VBrain,Vysioneer Inc.,Radiology,QKB,https://www.accessdata.fda.gov/cdrh_docs/pdf21/K213628.pdf,Not Found
12/15/21,K213155,RT-Mind-AI,"MedMind Technology Co., Ltd.",Radiology,QKB,https://www.accessdata.fda.gov/cdrh_docs/pdf21/K213155.pdf,Not Found
12/15/21,K211803,HealthPPT,Zebra Medical Vision Ltd.,Radiology,QFM,https://www.accessdata.fda.gov/cdrh_docs/pdf21/K211803.pdf,Not Found
12/9/21,K212466,LVivo Seamless,DiA Imaging Analysis Ltd,Radiology,QIH,https://www.accessdata.fda.gov/cdrh_docs/pdf21/K212466.pdf,Not Found
12/6/21,K213096,Al-Rad Companion (Pulmonary),"Siemens Medical Solutions USA, Inc.",Radiology,JAK,https://www.accessdata.fda.gov/cdrh_docs/pdf21/K213096.pdf,Not Found
12/3/21,K212219,AHI System,Fifth Eye Inc.,Cardiovascular,QNV,https://www.accessdata.fda.gov/cdrh_docs/pdf21/K212219.pdf,Not Found
12/3/21,K212442,Cydar EV (Series B) and Cydar EV Maps,Cydar Ltd.,Radiology,OWB,https://www.accessdata.fda.gov/cdrh_docs/pdf21/K212442.pdf,Not Found
12/1/21,K213305,"Vantage Fortian 1.5T, MRT-1550, V8.0 with AiCE Reconstruction Processing Unit for MR",Canon Medical Systems Corporation,Radiology,LNH,https://www.accessdata.fda.gov/cdrh_docs/pdf21/K213305.pdf,Not Found
11/26/21,K211541,MammoScreen 2.0,Therapixel,Radiology,QDQ,https://www.accessdata.fda.gov/cdrh_docs/pdf21/K211541.pdf,Not Found
11/19/21,K211326,EndoScreener,"Chengdu Wision Medical Device Co., LTD.",Gastroenterology-Urology,QNP,https://www.accessdata.fda.gov/cdrh_docs/pdf21/K211326.pdf,Not Found
11/19/21,K210831,OnQ Neuro,"CorTechs Labs, Inc",Radiology,QIH,https://www.accessdata.fda.gov/cdrh_docs/pdf21/K210831.pdf,Not Found
11/17/21,K211678,Lunit INSIGHT MMG,Lunit Inc.,Radiology,QDQ,https://www.accessdata.fda.gov/cdrh_docs/pdf21/K211678.pdf,Not Found
11/17/21,K212456,Swoop Point-of-Care Magnetic Resonance Imaging (POC MRI) Scanner System,"Hyperfine, Inc.",Radiology,LNH,https://www.accessdata.fda.gov/cdrh_docs/pdf21/K212456.pdf,Not Found
11/17/21,K212336,Soteria.AI,"Omega Medical Imaging, LLC",Radiology,OWB,https://www.accessdata.fda.gov/cdrh_docs/pdf21/K212336.pdf,Not Found
11/16/21,K212265,"TEX20/TEX20 Pro/TEX20S/TEX20T/TEX20 Exp/TEX20 Elite Diagnostic Ultrasound System, TEX10/ TEX10 Pro/TEX10S/TEX10T/TEX10 Exp/TEX10 Elite/TE X/TE X Lite Diagnostic Ultrasound System","Shenzhen Mindray Bio-Medical Electronics Co.,LTD",Radiology,IYN,https://www.accessdata.fda.gov/cdrh_docs/pdf21/K212265.pdf,Not Found
11/15/21,K213436,Clarius Ultrasound Scanner,Clarius Mobile Health Corp.,Radiology,IYN,https://www.accessdata.fda.gov/cdrh_docs/pdf21/K213436.pdf,Not Found
11/10/21,K211733,Lunit INSIGHT CXR Triage,Lunit Inc.,Radiology,QFM,https://www.accessdata.fda.gov/cdrh_docs/pdf21/K211733.pdf,Not Found
11/3/21,K210543,IM007,"Implicity, Inc.",Cardiovascular,DQK,https://www.accessdata.fda.gov/cdrh_docs/pdf21/K210543.pdf,Not Found
10/29/21,K211161,Critical Care Suite with Endotracheal Tube Positing AI algorithm,"GE Medical Systems, LLC",Radiology,QIH,https://www.accessdata.fda.gov/cdrh_docs/pdf21/K211161.pdf,Not Found
10/25/21,K212218,Advanced Algorithms for Treatment Management Applications (AATMA),Elekta Solutions AB,Radiology,QKB,https://www.accessdata.fda.gov/cdrh_docs/pdf21/K212218.pdf,Not Found
10/22/21,K210807,FlightPlan for Liver,GE Medical Systems SCS,Radiology,LLZ,https://www.accessdata.fda.gov/cdrh_docs/pdf21/K210807.pdf,Not Found
10/22/21,K212516,IRNF App,Apple Inc.,Cardiovascular,QDB,https://www.accessdata.fda.gov/cdrh_docs/pdf21/K212516.pdf,Not Found
10/20/21,K210632,Contour ProtegeAI,MIM Software Inc.,Radiology,QKB,https://www.accessdata.fda.gov/cdrh_docs/pdf21/K210632.pdf,Not Found
10/14/21,K210999,SwiftMR,AIRS Medical Inc.,Radiology,LLZ,https://www.accessdata.fda.gov/cdrh_docs/pdf21/K210999.pdf,Not Found
10/14/21,K212261,StrokeSENS LVO,"Circle Neurovascular Imaging, Inc",Radiology,QAS,https://www.accessdata.fda.gov/cdrh_docs/pdf21/K212261.pdf,Not Found
10/12/21,K212116,VBrain-OAR,Vysioneer Inc.,Radiology,QKB,https://www.accessdata.fda.gov/cdrh_docs/pdf21/K212116.pdf,Not Found
10/2/21,K202927,EYE-SYNC,"SyncThink, Inc.",Neurology,QEA,https://www.accessdata.fda.gov/cdrh_docs/pdf20/K202927.pdf,Not Found
9/28/21,K211964,SubtlePET,"Subtle Medical, Inc.",Radiology,KPS,https://www.accessdata.fda.gov/cdrh_docs/pdf21/K211964.pdf,Not Found
9/24/21,K212704,"Philips EPIQ Diagnostic Ultrasound System, Philips Affiniti Diagnostic Ultrasound System",Philips Medical Systems,Radiology,IYN,https://www.accessdata.fda.gov/cdrh_docs/pdf21/K212704.pdf,Not Found
9/21/21,DEN200080,Paige Prostate,Paige.AI,Pathology,QPN,https://www.accessdata.fda.gov/cdrh_docs/pdf20/DEN200080.pdf,Not Found
9/17/21,K212067,Deep Learning Image Reconstruction,GE Healthcare Japan Corporation,Radiology,JAK,https://www.accessdata.fda.gov/cdrh_docs/pdf21/K212067.pdf,Not Found
9/17/21,K212269,Intelligent NR,Canon Inc.,Radiology,MQB,https://www.accessdata.fda.gov/cdrh_docs/pdf21/K212269.pdf,Not Found
9/15/21,K210085,HealthCCSng,Zebra Medical Vision Ltd.,Radiology,JAK,https://www.accessdata.fda.gov/cdrh_docs/pdf21/K210085.pdf,Not Found
9/10/21,K203785,ClariSIGMAM,ClariPi Inc.,Radiology,QIH,https://www.accessdata.fda.gov/cdrh_docs/pdf20/K203785.pdf,Not Found
9/10/21,K210438,Versana Premier,"GE Medical Systems Ultrasound and Primary Care Diagnostics,",Radiology,IYN,https://www.accessdata.fda.gov/cdrh_docs/pdf21/K210438.pdf,Not Found
9/10/21,K211828,Aquilion Exceed LB,Canon Medical Systems Corporation,Radiology,JAK,https://www.accessdata.fda.gov/cdrh_docs/pdf21/K211828.pdf,Not Found
9/9/21,K211824,"HERA W9, HERA W10 Diagnostic Ultrasound System","Samsung Medison Co., Ltd.",Radiology,IYN,https://www.accessdata.fda.gov/cdrh_docs/pdf21/K211824.pdf,Not Found
9/8/21,K211867,RayStation 11.0,RaySearch Laboratories AB (publ),Radiology,MUJ,https://www.accessdata.fda.gov/cdrh_docs/pdf21/K211867.pdf,Not Found
9/8/21,K211945,V8 Diagnostic Ultrasound System,"Samsung Medison CO., LTD.",Radiology,IYN,https://www.accessdata.fda.gov/cdrh_docs/pdf21/K211945.pdf,Not Found
9/8/21,DEN200030,FEops HEARTguide,FEops NV,Cardiovascular,QQI,https://www.accessdata.fda.gov/cdrh_docs/pdf20/DEN200030.pdf,Not Found
9/8/21,K203555,AmCAD-UT,AmCad BioMed Corporation,Radiology,QIH,https://www.accessdata.fda.gov/cdrh_docs/pdf20/K203555.pdf,Not Found
9/8/21,K211597,"EPIQ Series Diagnostic Ultrasound System, Affiniti Series Diagnostic Ultrasound System",Philips Medical Systems,Radiology,IYN,https://www.accessdata.fda.gov/cdrh_docs/pdf21/K211597.pdf,Not Found
9/2/21,K211881,AI Segmentation,"Varian Medical Systems, Inc.",Radiology,MUJ,https://www.accessdata.fda.gov/cdrh_docs/pdf21/K211881.pdf,Not Found
8/31/21,K201560,Auto Lung Nodule Detection,"Samsung Electronics Co.,Ltd.",Radiology,MYN,https://www.accessdata.fda.gov/cdrh_docs/pdf20/K201560.pdf,Not Found
8/31/21,K212383,EndoNaut,Therenva SAS,Radiology,OWB,https://www.accessdata.fda.gov/cdrh_docs/pdf21/K212383.pdf,Not Found
8/27/21,K203696,RBknee,Radiobotics ApS,Radiology,LLZ,https://www.accessdata.fda.gov/cdrh_docs/pdf20/K203696.pdf,Not Found
8/20/21,K211846,Discovery MI Gen2,"GE Medical Systems, LLC.",Radiology,KPS,https://www.accessdata.fda.gov/cdrh_docs/pdf21/K211846.pdf,Not Found
8/16/21,K212230,TruSPECT  Radiological Image Processing Station,Spectrum Dynamics Medical Ltd,Radiology,LLZ,https://www.accessdata.fda.gov/cdrh_docs/pdf21/K212230.pdf,Not Found
8/12/21,K211179,InferRead CT Stroke.AI,"Infervision Medical Technology Co., Ltd.",Radiology,QAS,https://www.accessdata.fda.gov/cdrh_docs/pdf21/K211179.pdf,Not Found
8/11/21,K203448,uCT ATLAS with uWS-CT-Dual Energy Analysis,"Shanghai United Imaging Healthcare Co., Ltd.",Radiology,JAK,https://www.accessdata.fda.gov/cdrh_docs/pdf20/K203448.pdf,Not Found
8/6/21,K211764,Vereos PET/CT,Philips Medical Systems Nederland B.V.,Radiology,KPS,https://www.accessdata.fda.gov/cdrh_docs/pdf21/K211764.pdf,Not Found
8/6/21,K212100,Kosmos,"EchoNous, Inc.",Radiology,IYN,https://www.accessdata.fda.gov/cdrh_docs/pdf21/K212100.pdf,Not Found
8/2/21,K211431,breastscape v1.0,Olea Medical,Radiology,QIH,https://www.accessdata.fda.gov/cdrh_docs/pdf21/K211431.pdf,Not Found
7/30/21,K211379,syngo.via RT Image Suite,Siemens Medical Solutions USA Inc.,Radiology,MUJ,https://www.accessdata.fda.gov/cdrh_docs/pdf21/K211379.pdf,Not Found
7/30/21,K211222,qER-Quant,Qure.ai Technologies,Radiology,QIH,https://www.accessdata.fda.gov/cdrh_docs/pdf21/K211222.pdf,Not Found
7/27/21,K212074,ClariCT.AI,ClariPi Inc.,Radiology,LLZ,https://www.accessdata.fda.gov/cdrh_docs/pdf21/K212074.pdf,Not Found
7/27/21,K210791,Us2.v1,eko.ai Pte. Ltd. d/b/a Us2.ai,Radiology,QIH,https://www.accessdata.fda.gov/cdrh_docs/pdf21/K210791.pdf,Not Found
7/27/21,K211279,Volpara Imaging Software,Volpara Health Technologies Limited,Radiology,LLZ,https://www.accessdata.fda.gov/cdrh_docs/pdf21/K211279.pdf,Not Found
7/27/21,K211655,aPROMISE,EXINI Diagnostics AB,Radiology,LLZ,https://www.accessdata.fda.gov/cdrh_docs/pdf21/K211655.pdf,Not Found
7/23/21,K211951,GI Genius,Cosmo Artificial Intelligence - AI Ltd,Gastroenterology-Urology,QNP,https://www.accessdata.fda.gov/cdrh_docs/pdf21/K211951.pdf,Not Found
7/20/21,K211906,Vital Signs,Oxehealth Limited,Cardiovascular,QME,https://www.accessdata.fda.gov/cdrh_docs/pdf21/K211906.pdf,Not Found
7/20/21,K210719,Change Healthcare Anatomical AI,Change Healthcare Canada Company,Radiology,QIH,https://www.accessdata.fda.gov/cdrh_docs/pdf21/K210719.pdf,Not Found
7/20/21,K210666,Chest-CAD,"Imagen Technologies, Inc",Radiology,MYN,https://www.accessdata.fda.gov/cdrh_docs/pdf21/K210666.pdf,Not Found
7/12/21,K211506,PowerLook Density Assessment V4.0,"iCAD, Inc.",Radiology,QIH,https://www.accessdata.fda.gov/cdrh_docs/pdf21/K211506.pdf,Not Found
7/8/21,K211788,HALO,Nico.Lab B.V.,Radiology,QAS,https://www.accessdata.fda.gov/cdrh_docs/pdf21/K211788.pdf,Not Found
7/1/21,K210611,MAGNETOM Free.Max,"Siemens Medical Solutions USA, Inc.",Radiology,LNH,https://www.accessdata.fda.gov/cdrh_docs/pdf21/K210611.pdf,Not Found
6/29/21,K210645,RayStation 10.1,RaySearch Laboratories AB (publ),Radiology,MUJ,https://www.accessdata.fda.gov/cdrh_docs/pdf21/K210645.pdf,Not Found
6/17/21,K203514,Precise Position,"Philips Healthcare (Suzhou) Co., Ltd.",Radiology,JAK,https://www.accessdata.fda.gov/cdrh_docs/pdf20/K203514.pdf,Not Found
6/16/21,K210034,EnsoSleep,"EnsoData, Inc.",Neurology,OLZ,https://www.accessdata.fda.gov/cdrh_docs/pdf21/K210034.pdf,Not Found
6/16/21,K202718,Qmenta Care Platform Family,"Mint Labs, Inc., d/b/a. QMENTA",Radiology,LLZ,https://www.accessdata.fda.gov/cdrh_docs/pdf20/K202718.pdf,Not Found
6/11/21,K210484,"LINQ II Insertable Cardiac Monitor, Zelda AI ECG Classification System","Medtronic, Inc.",Cardiovascular,MXD,https://www.accessdata.fda.gov/cdrh_docs/pdf21/K210484.pdf,Not Found
6/10/21,K203629,IDx-DR,Digital Diagnostics Inc.,Ophthalmic,PIB,https://www.accessdata.fda.gov/cdrh_docs/pdf20/K203629.pdf,Not Found
6/10/21,K211459,"syngo.via MI WorkFlows, Scenium, syngo MBF","Siemens Medical Solutions USA, Inc.",Radiology,QIH,https://www.accessdata.fda.gov/cdrh_docs/pdf21/K211459.pdf,Not Found
6/8/21,K210458,"OPTIS Mobile Next Imaging System, OPTIS Integrated Next Imaging System",Abbott Medical,Radiology,NQQ,https://www.accessdata.fda.gov/cdrh_docs/pdf21/K210458.pdf,Not Found
6/2/21,DEN200069,Cognoa ASD Diagnosis Aid,"Cognoa, Inc.",Neurology,QPF,https://www.accessdata.fda.gov/cdrh_docs/pdf20/DEN200069.pdf,Not Found
6/2/21,K210404,Transpara 1.7.0,ScreenPoint Medical B.V.,Radiology,QDQ,https://www.accessdata.fda.gov/cdrh_docs/pdf21/K210404.pdf,Not Found
5/21/21,K202527,Zio ECG Utilization Software (ZEUS) System,"iRhythm Technologies, Inc.",Cardiovascular,DQK,https://www.accessdata.fda.gov/cdrh_docs/pdf20/K202527.pdf,Not Found
5/19/21,K210187,Overjet Dental Assist,"Overjet, Inc.",Radiology,LLZ,https://www.accessdata.fda.gov/cdrh_docs/pdf21/K210187.pdf,Not Found
5/19/21,K210237,CINA CHEST,Avicenna.AI,Radiology,QAS,https://www.accessdata.fda.gov/cdrh_docs/pdf21/K210237.pdf,Not Found
5/13/21,K210426,HS40 Diagnostic Ultrasound System,"Samsung Medison CO., LTD.",Radiology,IYN,https://www.accessdata.fda.gov/cdrh_docs/pdf21/K210426.pdf,Not Found
5/13/21,K211118,SIGNA 7.0T,"GE Medical Systems, LLC",Radiology,LNH,https://www.accessdata.fda.gov/cdrh_docs/pdf21/K211118.pdf,Not Found
4/30/21,K210001,HYPER AiR,"Shanghai United Imaging Healthcare Co.,Ltd.",Radiology,KPS,https://www.accessdata.fda.gov/cdrh_docs/pdf21/K210001.pdf,Not Found
4/23/21,K203502,MEDO-Thyroid,MEDO DX Pte. Ltd.,Radiology,QIH,https://www.accessdata.fda.gov/cdrh_docs/pdf20/K203502.pdf,Not Found
4/23/21,K203314,Cartesion Prime (PCD-1000A/3) V10.8,Canon Medical Systems Corporation,Radiology,KPS,https://www.accessdata.fda.gov/cdrh_docs/pdf20/K203314.pdf,Not Found
4/21/21,K210556,Preview Shoulder,Genesis Software Innovations,Radiology,QIH,https://www.accessdata.fda.gov/cdrh_docs/pdf21/K210556.pdf,Not Found
4/20/21,K203610,Automatic Anatomy Recognition (AAR),"Quantitative Radiology Solutions, LLC",Radiology,QKB,https://www.accessdata.fda.gov/cdrh_docs/pdf20/K203610.pdf,Not Found
4/19/21,K203469,AI Segmentation,"Varian Medical Systems, Inc.",Radiology,MUJ,https://www.accessdata.fda.gov/cdrh_docs/pdf20/K203469.pdf,Not Found
4/16/21,K203517,Saige-Q,"DeepHealth, Inc.",Radiology,QFM,https://www.accessdata.fda.gov/cdrh_docs/pdf20/K203517.pdf,Not Found
4/14/21,K202992,"BriefCase, RIB Fractures Triage (RibFx)","Aidoc Medical, Ltd.",Radiology,QFM,https://www.accessdata.fda.gov/cdrh_docs/pdf20/K202992.pdf,Not Found
4/9/21,DEN200055,GI Genius,"Cosmo Artificial Intelligence - AI, LTD",Gastroenterology-Urology,QNP,https://www.accessdata.fda.gov/cdrh_docs/pdf20/DEN200055.pdf,Not Found
4/2/21,K202928,DV. Target,Deepvoxel INC,Radiology,QKB,https://www.accessdata.fda.gov/cdrh_docs/pdf20/K202928.pdf,Not Found
4/2/21,K202441,Eclipse II with Smart Noise Cancellation,"Carestream Health, Inc.",Radiology,MQB,https://www.accessdata.fda.gov/cdrh_docs/pdf20/K202441.pdf,Not Found
4/1/21,DEN200038,Gili Pro BioSensor (also known as Gili BioSensor System),ContinUse Biometrics Ltd.,Cardiovascular,QOK,https://www.accessdata.fda.gov/cdrh_docs/pdf20/DEN200038.pdf,Not Found
3/31/21,K210071,SIS System (Version 5.1.0),"Surgical Information Sciences, Inc.",Radiology,LLZ,https://www.accessdata.fda.gov/cdrh_docs/pdf21/K210071.pdf,Not Found
3/31/21,K203443,"MAGNETOM Vida, MAGNETOM Sola, MAGNETOM Lumina, MAGNETOM Altea","Siemens Medical Solutions USA, Inc.",Radiology,LNH,https://www.accessdata.fda.gov/cdrh_docs/pdf20/K203443.pdf,Not Found
3/31/21,K203258,syngo.CT Lung CAD,Siemens Healthcare GmbH,Radiology,OEB,https://www.accessdata.fda.gov/cdrh_docs/pdf20/K203258.pdf,Not Found
3/26/21,DEN200019,Oxehealth Vital Signs,Oxehealth Limited,Cardiovascular,QME,https://www.accessdata.fda.gov/cdrh_docs/pdf20/DEN200019.pdf,Not Found
3/24/21,K203225,Aquilion ONE (TSX-306A/3) V10.4 with Spectral Imaging System,Canon Medical Systems Corporation,Radiology,JAK,https://www.accessdata.fda.gov/cdrh_docs/pdf20/K203225.pdf,Not Found
3/23/21,K210209,Viz ICH,"Viz.ai, Inc.",Radiology,QAS,https://www.accessdata.fda.gov/cdrh_docs/pdf21/K210209.pdf,Not Found
3/19/21,K203235,VBrain,Vysioneer Inc.,Radiology,QKB,https://www.accessdata.fda.gov/cdrh_docs/pdf20/K203235.pdf,Not Found
3/12/21,K202284,Oncospace,"Oncospace, Inc.",Radiology,MUJ,https://www.accessdata.fda.gov/cdrh_docs/pdf20/K202284.pdf,Not Found
3/12/21,K203822,ProFound AI Software V3.0,iCAD Inc.,Radiology,QDQ,https://www.accessdata.fda.gov/cdrh_docs/pdf20/K203822.pdf,Not Found
3/9/21,K203256,Imbio RV/LV Software,"Imbio, LLC",Radiology,QIH,https://www.accessdata.fda.gov/cdrh_docs/pdf20/K203256.pdf,Not Found
3/5/21,K202300,"Optellum Virtual Nodule Clinic, Optellum software, Optellum platform",Optellum Ltd,Radiology,POK,https://www.accessdata.fda.gov/cdrh_docs/pdf20/K202300.pdf,Not Found
3/4/21,K203323,"Vantage Galan 3T, MRT-3020, V6.0 with AiCE Reconstruction Processing Unit for MR",Canon Medical Systems Corporation,Radiology,LNH,https://www.accessdata.fda.gov/cdrh_docs/pdf20/K203323.pdf,Not Found
3/2/21,K203617,MaxFOV 2,"GE Medical Systems, LLC.",Radiology,JAK,https://www.accessdata.fda.gov/cdrh_docs/pdf20/K203617.pdf,Not Found
3/1/21,DEN200022,Analytic for Hemodynamic Instability (AHI),Fifth Eye Inc.,Cardiovascular,QNV,https://www.accessdata.fda.gov/cdrh_docs/pdf20/DEN200022.pdf,Not Found
2/26/21,K203182,SubtleMR,"Subtle Medical, Inc.",Radiology,LLZ,https://www.accessdata.fda.gov/cdrh_docs/pdf20/K203182.pdf,Not Found
2/25/21,K202990,NinesMeasure,"Nines, Inc.",Radiology,LLZ,https://www.accessdata.fda.gov/cdrh_docs/pdf20/K202990.pdf,Not Found
2/25/21,K203578,"OTIS 2.1 Optical Coherence Tomography System, THiA Optical Coherence Tomography System","Perimeter Medical Imaging AI, Inc.",Radiology,NQQ,https://www.accessdata.fda.gov/cdrh_docs/pdf20/K203578.pdf,Not Found
2/19/21,K202212,TruPlan,Circle Cardiovascular Imaging Inc.,Radiology,LLZ,https://www.accessdata.fda.gov/cdrh_docs/pdf20/K202212.pdf,Not Found
2/9/21,K203103,"Synapse 3D, Synapse 3D Base Tools v6.1",Fujifilm Corporation,Radiology,LLZ,https://www.accessdata.fda.gov/cdrh_docs/pdf20/K203103.pdf,Not Found
2/5/21,K210053,LVivo Software Application,DiA Imaging Analysis Ltd,Radiology,QIH,https://www.accessdata.fda.gov/cdrh_docs/pdf21/K210053.pdf,Not Found
2/4/21,K203582,QUIBIM Precision Prostate (qp-Prostate),QUIBIM S.L.,Radiology,LLZ,https://www.accessdata.fda.gov/cdrh_docs/pdf20/K203582.pdf,Not Found
1/29/21,K201411,Visage Breast Density,Visage Imaging GmbH,Radiology,QIH,https://www.accessdata.fda.gov/cdrh_docs/pdf20/K201411.pdf,Not Found
1/15/21,K193271,uAI EasyTriage-Rib,"Shanghai United Imaging Intelligence Co., Ltd.",Radiology,QFM,https://www.accessdata.fda.gov/cdrh_docs/pdf19/K193271.pdf,Not Found
1/15/21,K202767,"Vantage Orian 1.5T, MRT-1550, V6.0",Canon Medical Systems Corporation,Radiology,LNH,https://www.accessdata.fda.gov/cdrh_docs/pdf20/K202767.pdf,Not Found
1/14/21,K202700,ART-Plan,TheraPanacea,Radiology,QKB,https://www.accessdata.fda.gov/cdrh_docs/pdf20/K202700.pdf,Not Found
1/12/21,K203280,Hepatica v1 (Hepatica v1.0.0),Perspectum Ltd.,Radiology,LNH,https://www.accessdata.fda.gov/cdrh_docs/pdf20/K203280.pdf,Not Found
1/12/21,K201836,Aquilion Lightning (TSX-036A/7) V10.2 with AiCE-i,Canon Medical Systems Corporation,Radiology,JAK,https://www.accessdata.fda.gov/cdrh_docs/pdf20/K201836.pdf,Not Found
1/11/21,P200003,Imagio Breast Imaging System,"Seno Medical Instruments, Inc.",Radiology,QNK,https://www.accessdata.fda.gov/cdrh_docs/pdf20/P200003.pdf,Not Found
1/9/21,K200717,CLEWICU System (ClewICUServer and ClewICUnitor),CLEW Medical Ltd.,Cardiovascular,QNL,https://www.accessdata.fda.gov/cdrh_docs/pdf20/K200717.pdf,Not Found
1/8/21,K203329,HeartFlow Analysis,"HeartFlow, Inc.",Cardiovascular,PJA,https://www.accessdata.fda.gov/cdrh_docs/pdf20/K203329.pdf,Not Found
1/7/21,K202414,BrainInsight,"Hyperfine Research, Inc",Radiology,LLZ,https://www.accessdata.fda.gov/cdrh_docs/pdf20/K202414.pdf,Not Found
12/29/20,K203508,BriefCase,"Aidoc Medical, Ltd.",Radiology,QAS,https://www.accessdata.fda.gov/cdrh_docs/pdf20/K203508.pdf,Not Found
12/22/20,K202229,AI Metrics,"AI Metrics, LLC",Radiology,LLZ,https://www.accessdata.fda.gov/cdrh_docs/pdf20/K202229.pdf,Not Found
12/18/20,K201555,EchoGo Pro,Ultromics Ltd,Radiology,POK,https://www.accessdata.fda.gov/cdrh_docs/pdf20/K201555.pdf,Not Found
12/10/20,K203042,Aquilion Exceed LB (TSX-202A/3) V10.6 with AiCE-I,Canon Medical Systems Corporation,Radiology,JAK,https://www.accessdata.fda.gov/cdrh_docs/pdf20/K203042.pdf,Not Found
12/10/20,K201745,Deep Learning Image Reconstruction for Gemstone Spectral Imaging,"GE Medical Systems, LLC",Radiology,JAK,https://www.accessdata.fda.gov/cdrh_docs/pdf20/K201745.pdf,Not Found
12/7/20,K201039,HepaFat-AI,Resonance Health Analysis Services Pty Ltd,Radiology,LNH,https://www.accessdata.fda.gov/cdrh_docs/pdf20/K201039.pdf,Not Found
12/4/20,K202487,HealthJOINT,Zebra Medical Vision Ltd.,Radiology,LLZ,https://www.accessdata.fda.gov/cdrh_docs/pdf20/K202487.pdf,Not Found
11/20/20,K193287,CorInsights MRI,"ADM Diagnostics, Inc.",Radiology,LLZ,https://www.accessdata.fda.gov/cdrh_docs/pdf19/K193287.pdf,Not Found
11/20/20,K200873,HALO,NICo-Lab B.V.,Radiology,QAS,https://www.accessdata.fda.gov/cdrh_docs/pdf20/K200873.pdf,Not Found
11/20/20,K203169,Revolution Ascend,GE Healthcare Japan Corporation,Radiology,JAK,https://www.accessdata.fda.gov/cdrh_docs/pdf20/K203169.pdf,Not Found
11/18/20,K201019,Genius AI Detection,"Hologic, Inc.",Radiology,QDQ,https://www.accessdata.fda.gov/cdrh_docs/pdf20/K201019.pdf,Not Found
11/18/20,K201195,"syngo.via MI Workflows, syngo MBF","Siemens Medical Solutions USA, Inc.",Radiology,QIH,https://www.accessdata.fda.gov/cdrh_docs/pdf20/K201195.pdf,Not Found
11/17/20,K193306,PROView,GE Medical Systems SCS,Radiology,LLZ,https://www.accessdata.fda.gov/cdrh_docs/pdf19/K193306.pdf,Not Found
11/12/20,K201985,KardiaAI,"AliveCor, Inc.",Cardiovascular,DQK,https://www.accessdata.fda.gov/cdrh_docs/pdf20/K201985.pdf,Not Found
11/12/20,K193289,"FastStroke, CT Perfusion 4D",GE Medical Systems SCS,Radiology,JAK,https://www.accessdata.fda.gov/cdrh_docs/pdf19/K193289.pdf,Not Found
11/6/20,K193562,AI-Rad Companion Organs RT,"Siemens Medical Solutions USA, Inc.",Radiology,QKB,https://www.accessdata.fda.gov/cdrh_docs/pdf19/K193562.pdf,Not Found
11/6/20,K200750,Neuro.Al Algorithm,"TeraRecon, Inc.",Radiology,LLZ,https://www.accessdata.fda.gov/cdrh_docs/pdf20/K200750.pdf,Not Found
10/30/20,K202013,WRDensity by Whiterabbit.ai,Whiterabbit.ai Inc.,Radiology,QIH,https://www.accessdata.fda.gov/cdrh_docs/pdf20/K202013.pdf,Not Found
10/30/20,K200323,AutoContour,"Radformation, Inc.",Radiology,QKB,https://www.accessdata.fda.gov/cdrh_docs/pdf20/K200323.pdf,Not Found
10/28/20,K202089,"LensHooke X1 PRO Semen Quality Analyzer, LensHooke X1 PRO SE Semen Quality Analyzer","Bonraybio Co., Ltd.",Hematology,POV,https://www.accessdata.fda.gov/cdrh_docs/pdf20/K202089.pdf,Not Found
10/16/20,K200595,"CellaVision DC-1, CellaVision DC-1 PPA",CellaVision AB,Hematology,JOY,https://www.accessdata.fda.gov/cdrh_docs/pdf20/K200595.pdf,Not Found
10/16/20,K201710,A View LCS,"Coreline Soft Co., Ltd.",Radiology,LLZ,https://www.accessdata.fda.gov/cdrh_docs/pdf20/K201710.pdf,Not Found
10/15/20,K201615,SIGNA 7.0T,"GE Medical Systems, LLC",Radiology,LNH,https://www.accessdata.fda.gov/cdrh_docs/pdf20/K201615.pdf,Not Found
10/11/20,K202501,Quantib Prostate,Quantib BV,Radiology,LLZ,https://www.accessdata.fda.gov/cdrh_docs/pdf20/K202501.pdf,Not Found
10/9/20,K193631,"Stethee Pro 1, Stethee Pro Software System",M3DICINE Pty Ltd.,Cardiovascular,DQD,https://www.accessdata.fda.gov/cdrh_docs/pdf19/K193631.pdf,Not Found
10/2/20,K202170,LiverMultiScan,Perspectum LTD,Radiology,LNH,https://www.accessdata.fda.gov/cdrh_docs/pdf20/K202170.pdf,Not Found
10/2/20,K202280,Cleerly Labs v2.0,"Cleerly, Inc.",Radiology,LLZ,https://www.accessdata.fda.gov/cdrh_docs/pdf20/K202280.pdf,Not Found
10/2/20,K201301,X100 with Full Field Peripheral Blood Smear (PBS) Application,Scopio Labs LTD.,Hematology,JOY,https://www.accessdata.fda.gov/cdrh_docs/pdf20/K201301.pdf,Not Found
9/30/20,K192051,THINQ,CorticoMetrics LLC,Radiology,LLZ,https://www.accessdata.fda.gov/cdrh_docs/pdf19/K192051.pdf,Not Found
9/29/20,K202546,LVivo Seamless,DiA Imaging Analysis Ltd,Radiology,QIH,https://www.accessdata.fda.gov/cdrh_docs/pdf20/K202546.pdf,Not Found
9/25/20,K201103,Xeleris V Processing and Review Systems,GE Healthcare,Radiology,LLZ,https://www.accessdata.fda.gov/cdrh_docs/pdf20/K201103.pdf,Not Found
9/24/20,K200569,RayStation,RaySearch Laboratories AB (publ),Radiology,MUJ,https://www.accessdata.fda.gov/cdrh_docs/pdf20/K200569.pdf,Not Found
9/18/20,K201992,Caption Guidance,Caption Health,Radiology,QJU,https://www.accessdata.fda.gov/cdrh_docs/pdf20/K201992.pdf,Not Found
9/18/20,K200852,"EchoPAC Software Only, EchoPAC Plug-In",GE Medical Systems Ultrasound and Primary Care Diagnostics,Radiology,LLZ,https://www.accessdata.fda.gov/cdrh_docs/pdf20/K200852.pdf,Not Found
9/16/20,K201369,AVA (Augmented Vascular Analysis),See-Mode Technologies Pte. Ltd.,Radiology,LLZ,https://www.accessdata.fda.gov/cdrh_docs/pdf20/K201369.pdf,Not Found
9/16/20,K201298,VX1,Volta Medical,Cardiovascular,DQK,https://www.accessdata.fda.gov/cdrh_docs/pdf20/K201298.pdf,Not Found
9/15/20,K192665,"Accelerate Pheno System, Accelerate PhenoTest BC Kit","Accelerate Diagnostics, Inc.",Microbiology,PRH,https://www.accessdata.fda.gov/cdrh_docs/pdf19/K192665.pdf,Not Found
9/9/20,K200851,"Vivid T8, Vivid T9",GE Medical Systems Ultrasound and Primary Care Diagnostics,Radiology,IYN,https://www.accessdata.fda.gov/cdrh_docs/pdf20/K200851.pdf,Not Found
9/9/20,K200708,Vivid iq,GE Medical Systems Ultrasound and,Radiology,IYN,https://www.accessdata.fda.gov/cdrh_docs/pdf20/K200708.pdf,Not Found
9/6/20,K201841,EyeBOX,"Oculogica, Inc.",Neurology,QEA,https://www.accessdata.fda.gov/cdrh_docs/pdf20/K201841.pdf,Not Found
9/4/20,K202238,SIGNA Artist,GE Healthcare (Tianjin) Company Limited,Radiology,LNH,https://www.accessdata.fda.gov/cdrh_docs/pdf20/K202238.pdf,Not Found
9/2/20,K200833,RX-1 Rhythm Express Remote Cardiac Monitoring System,VivaQuant Inc.,Cardiovascular,MLO,https://www.accessdata.fda.gov/cdrh_docs/pdf20/K200833.pdf,Not Found
8/26/20,K201020,BriefCase,"Aidoc Medical, Ltd.",Radiology,QAS,https://www.accessdata.fda.gov/cdrh_docs/pdf20/K201020.pdf,Not Found
8/26/20,K200714,AVIEW,"Coreline Soft Co., Ltd",Radiology,LLZ,https://www.accessdata.fda.gov/cdrh_docs/pdf20/K200714.pdf,Not Found
8/14/20,K201632,TOMTEC-ARENA,TOMTEC Imaging Systems GmbH,Radiology,LLZ,https://www.accessdata.fda.gov/cdrh_docs/pdf20/K201632.pdf,Not Found
8/13/20,K201444,Syngo.via RT Image Suite,"Siemens Medical Solutions USA, Inc.",Radiology,MUJ,https://www.accessdata.fda.gov/cdrh_docs/pdf20/K201444.pdf,Not Found
8/13/20,K201232,Limbus Contour,Limbus AI Inc.,Radiology,LLZ,https://www.accessdata.fda.gov/cdrh_docs/pdf20/K201232.pdf,Not Found
8/7/20,K200990,VIDAvision,VIDA Diagnostics Inc.,Radiology,JAK,https://www.accessdata.fda.gov/cdrh_docs/pdf20/K200990.pdf,Not Found
8/7/20,K201310,Accipiolx,MaxQ Al Ltd.,Radiology,QAS,https://www.accessdata.fda.gov/cdrh_docs/pdf20/K201310.pdf,Not Found
8/4/20,K193210,HYPER DLR,"Shanghai United Imaging Healthcare Co., Ltd.",Radiology,KPS,https://www.accessdata.fda.gov/cdrh_docs/pdf19/K193210.pdf,Not Found
8/3/20,K200667,EyeArt,"Eyenuk, Inc",Ophthalmic,PIB,https://www.accessdata.fda.gov/cdrh_docs/pdf20/K200667.pdf,Not Found
7/30/20,K193283,AI-Rad Companion Prostate MR,Siemens Medical Solutions USA Inc.,Radiology,QIH,https://www.accessdata.fda.gov/cdrh_docs/pdf19/K193283.pdf,Not Found
7/30/20,K193417,FractureDetect (FX),"Imagen Technologies, Inc.",Radiology,QBS,https://www.accessdata.fda.gov/cdrh_docs/pdf19/K193417.pdf,Not Found
7/23/20,K200743,Vivid E80/ Vivid E90/ Vivid E95,GE Medical Systems Ultrasound and,Radiology,IYN,https://www.accessdata.fda.gov/cdrh_docs/pdf20/K200743.pdf,Not Found
7/22/20,K200621,Caption Interpretation Automated Ejection Fraction Software,Caption Health,Radiology,QIH,https://www.accessdata.fda.gov/cdrh_docs/pdf20/K200621.pdf,Not Found
7/16/20,K200497,"Vivid S60N, Vivid S70N",GE Medical Systems Ultrasound and Primary Care Diagnostics,Radiology,IYN,https://www.accessdata.fda.gov/cdrh_docs/pdf20/K200497.pdf,Not Found
7/16/20,K200905,HealthMammo,Zebra Medical Vision Ltd.,Radiology,QFM,https://www.accessdata.fda.gov/cdrh_docs/pdf20/K200905.pdf,Not Found
7/14/20,K193097,"Vantage Orian 1.5T, MRT-1550, V6.0 with AiCE Reconstruction Processing Unit for MR",Canon Medical Systems Corporation,Radiology,LNH,https://www.accessdata.fda.gov/cdrh_docs/pdf19/K193097.pdf,Not Found
7/10/20,K192969,Ezra Plexo Software,Ezra AI Inc.,Radiology,QIH,https://www.accessdata.fda.gov/cdrh_docs/pdf19/K192969.pdf,Not Found
7/10/20,K193294,AI-Rad Companion Engine,"Siemens Medical Solutions USA, Inc.",Radiology,LLZ,https://www.accessdata.fda.gov/cdrh_docs/pdf19/K193294.pdf,Not Found
7/9/20,K200941,Rapid LVO,iSchemaView Inc.,Radiology,QAS,https://www.accessdata.fda.gov/cdrh_docs/pdf20/K200941.pdf,Not Found
7/6/20,K193073,Deep Recon,"Shanghai United Imaging Healthcare Co., Ltd.",Radiology,JAK,https://www.accessdata.fda.gov/cdrh_docs/pdf19/K193073.pdf,Not Found
7/2/20,K192880,InferRead Lung CT.AI,"Beijing Infervision Technology Co.,Ltd.",Radiology,OEB,https://www.accessdata.fda.gov/cdrh_docs/pdf19/K192880.pdf,Not Found
7/2/20,K193252,Contour ProtegeAI,MIM Software Inc.,Radiology,QKB,https://www.accessdata.fda.gov/cdrh_docs/pdf19/K193252.pdf,Not Found
6/26/20,K200760,Rapid ASPECTS,iSchemaView Inc.,Radiology,POK,https://www.accessdata.fda.gov/cdrh_docs/pdf20/K200760.pdf,Not Found
6/24/20,K200855,CINA,AVICENNA.AI,Radiology,QAS,https://www.accessdata.fda.gov/cdrh_docs/pdf20/K200855.pdf,Not Found
6/23/20,K200232,LVivo Software Application,DiA Imaging Analysis Ltd,Radiology,QIH,https://www.accessdata.fda.gov/cdrh_docs/pdf20/K200232.pdf,Not Found
6/19/20,K193298,BriefCase,"Aidoc Medical, Ltd.",Radiology,QAS,https://www.accessdata.fda.gov/cdrh_docs/pdf19/K193298.pdf,Not Found
6/17/20,K193290,AI-Rad Companion Brain MR,"Siemens Medical Solutions USA, Inc.",Radiology,LLZ,https://www.accessdata.fda.gov/cdrh_docs/pdf19/K193290.pdf,Not Found
6/17/20,K200921,qER,Qure.ai Technologies,Radiology,QAS,https://www.accessdata.fda.gov/cdrh_docs/pdf20/K200921.pdf,Not Found
6/11/20,K200356,MEDO ARIA,Medo.ai,Radiology,QIH,https://www.accessdata.fda.gov/cdrh_docs/pdf20/K200356.pdf,Not Found
6/11/20,K200980,Auto 3D Bladder Volume Tool,"Butterfly Network, Inc.",Radiology,IYO,https://www.accessdata.fda.gov/cdrh_docs/pdf20/K200980.pdf,Not Found
6/3/20,K200974,QLAB Advanced Quantification Software,Philips Healthcare,Radiology,QIH,https://www.accessdata.fda.gov/cdrh_docs/pdf20/K200974.pdf,Not Found
6/1/20,K192601,uWS-MR,"Shanghai United Imaging Healthcare Co., Ltd",Radiology,QIH,https://www.accessdata.fda.gov/cdrh_docs/pdf19/K192601.pdf,Not Found
5/14/20,K201034,Syngo.CT CaScoring,"Siemens Medical Solutions USA, Inc.",Radiology,JAK,https://www.accessdata.fda.gov/cdrh_docs/pdf20/K201034.pdf,Not Found
5/12/20,K192901,HealthVCF,Zebra Medical Vision Ltd.,Radiology,QFM,https://www.accessdata.fda.gov/cdrh_docs/pdf19/K192901.pdf,Not Found
5/5/20,K193220,AVIEW LCS,"Coreline Soft Co., Ltd",Radiology,LLZ,https://www.accessdata.fda.gov/cdrh_docs/pdf19/K193220.pdf,Not Found
5/5/20,K193176,uMR 780,"Shanghai United Imaging Healthcare Co., Ltd",Radiology,LNH,https://www.accessdata.fda.gov/cdrh_docs/pdf19/K193176.pdf,Not Found
5/1/20,K201012,"EPIQ Diagnostic Ultrasound System Series, Affiniti Diagnostic Ultrasound System Series, CX50 Diagnostic Ultrasound System, Sparq Diagnostic Ultrasound System, Lumify Diagnostic Ultrasound System","Philips Ultrasound, Inc.",Radiology,IYN,https://www.accessdata.fda.gov/cdrh_docs/pdf20/K201012.pdf,Not Found
4/21/20,K193351,NinesAI,"Nines, Inc.",Radiology,QAS,https://www.accessdata.fda.gov/cdrh_docs/pdf19/K193351.pdf,Not Found
4/16/20,K200755,Caption Guidance,Caption Health,Radiology,QJU,https://www.accessdata.fda.gov/cdrh_docs/pdf20/K200755.pdf,Not Found
4/13/20,K192167,CuraRad-ICH,CuraCloud Corp.,Radiology,QAS,https://www.accessdata.fda.gov/cdrh_docs/pdf19/K192167.pdf,Not Found
4/10/20,K193282,SIGNA Premier,"GE Healthcare (GE Medical Systems, LLC)",Radiology,LNH,https://www.accessdata.fda.gov/cdrh_docs/pdf19/K193282.pdf,Not Found
4/8/20,K193300,AIMI-Triage CXR PTX,"RADLogics, Inc.",Radiology,QFM,https://www.accessdata.fda.gov/cdrh_docs/pdf19/K193300.pdf,Not Found
3/31/20,K193087,Rapid ICH,iSchemaView Incorporated,Radiology,QAS,https://www.accessdata.fda.gov/cdrh_docs/pdf19/K193087.pdf,Not Found
3/26/20,K192732,BodyGuardian Remote Monitoring System,"Preventice Technologies, Inc.",Cardiovascular,DSI,https://www.accessdata.fda.gov/cdrh_docs/pdf19/K192732.pdf,Not Found
3/26/20,K193518,KOSMOS,"EchoNous, Inc.",Radiology,IYN,https://www.accessdata.fda.gov/cdrh_docs/pdf19/K193518.pdf,Not Found
3/25/20,K192437,Arterys MICA,Arterys Inc.,Radiology,QIH,https://www.accessdata.fda.gov/cdrh_docs/pdf19/K192437.pdf,Not Found
3/25/20,K192854,MammoScreen,Therapixel,Radiology,QDQ,https://www.accessdata.fda.gov/cdrh_docs/pdf19/K192854.pdf,Not Found
3/20/20,K200036,AI-ECG Tracker,"Shenzhen Carewell Electronics Co., Ltd.",Cardiovascular,DPS,https://www.accessdata.fda.gov/cdrh_docs/pdf20/K200036.pdf,Not Found
3/20/20,K193281,Hepatic VCAR,GE Medical Systems SCS,Radiology,JAK,https://www.accessdata.fda.gov/cdrh_docs/pdf19/K193281.pdf,Not Found
3/18/20,K193658,Viz ICH,"Viz.ai, Inc.",Radiology,QAS,https://www.accessdata.fda.gov/cdrh_docs/pdf19/K193658.pdf,Not Found
3/16/20,K193267,Al-Rad Companion (Musculoskeletal),"Siemens Medical Solutions USA, Inc.",Radiology,JAK,https://www.accessdata.fda.gov/cdrh_docs/pdf19/K193267.pdf,Not Found
3/12/20,K192388,SonoVision Ultrasound Imaging System,"Tissue Differentiation Intelligence, LLC",Radiology,IYN,https://www.accessdata.fda.gov/cdrh_docs/pdf19/K192388.pdf,Not Found
3/9/20,K192574,"Vantage Galan 3T, MRT-3020, V6.0 with AiCE Reconstruction Processing Unit for MR",Canon Medical Systems Corporation,Radiology,LNH,https://www.accessdata.fda.gov/cdrh_docs/pdf19/K192574.pdf,Not Found
3/9/20,K193216,syngo.CT Lung CAD,"Siemens Medical Solutions, Inc",Radiology,OEB,https://www.accessdata.fda.gov/cdrh_docs/pdf19/K193216.pdf,Not Found
3/5/20,K193229,Transpara,ScreenPoint Medical B.V.,Radiology,QDQ,https://www.accessdata.fda.gov/cdrh_docs/pdf19/K193229.pdf,Not Found
3/4/20,K191550,Broncholab,Fluidda Inc.,Radiology,JAK,https://www.accessdata.fda.gov/cdrh_docs/pdf19/K191550.pdf,Not Found
2/28/20,K191556,Red Dot,Behold.AI Technologies Limited,Radiology,QFM,https://www.accessdata.fda.gov/cdrh_docs/pdf19/K191556.pdf,Not Found
2/28/20,K191928,AccuContour,Xiamen Manteia Technology LTD.,Radiology,QKB,https://www.accessdata.fda.gov/cdrh_docs/pdf19/K191928.pdf,Not Found
2/28/20,K192962,icobrain-ctp,Icometrix NV,Radiology,LLZ,https://www.accessdata.fda.gov/cdrh_docs/pdf19/K192962.pdf,Not Found
2/21/20,K192832,Aquilion Prime SP (TSX-303B8) V10.2 with AiCE-i,Canon Medical Systems Corporation,Radiology,JAK,https://www.accessdata.fda.gov/cdrh_docs/pdf19/K192832.pdf,Not Found
2/19/20,K192973,densitas densityai,"Densitas, Inc.",Radiology,LLZ,https://www.accessdata.fda.gov/cdrh_docs/pdf19/K192973.pdf,Not Found
2/14/20,K193248,"Biograph Vision, Biograph mCT Family of PET/CTs","Siemens Medical Solutions USA, Inc",Radiology,KPS,https://www.accessdata.fda.gov/cdrh_docs/pdf19/K193248.pdf,Not Found
2/13/20,K192828,Aquilion ONE (TSX-306A/3) V10.0 with Spectral Imaging System,Canon Medical Systems Corporation,Radiology,JAK,https://www.accessdata.fda.gov/cdrh_docs/pdf19/K192828.pdf,Not Found
2/12/20,K193178,Biograph Horizon,"Siemens Medical Solution USA, Inc.",Radiology,KPS,https://www.accessdata.fda.gov/cdrh_docs/pdf19/K193178.pdf,Not Found
2/10/20,K192377,"Ethos Treatment Management, Ethos Treatment Planning, Ethos Radiotherapy System, Halcyon","Varian Medical Systems, Inc.",Radiology,IYE,https://www.accessdata.fda.gov/cdrh_docs/pdf19/K192377.pdf,Not Found
2/7/20,DEN190040,Caption Guidance,"Bay Labs, Inc.",Radiology,QJU,https://www.accessdata.fda.gov/cdrh_docs/pdf19/DEN190040.pdf,Not Found
1/24/20,K193109,MRCAT brain,Philips Medical Systems MR Finland,Radiology,MUJ,https://www.accessdata.fda.gov/cdrh_docs/pdf19/K193109.pdf,Not Found
1/17/20,K192415,Study Watch with Irregular Pulse Monitor,Verily Life Sciences LLC,Cardiovascular,DXH,https://www.accessdata.fda.gov/cdrh_docs/pdf19/K192415.pdf,Not Found
1/16/20,K192956,Auto Positioning,"GE Hangwei Medical Systems, Co., Ltd.",Radiology,JAK,https://www.accessdata.fda.gov/cdrh_docs/pdf19/K192956.pdf,Not Found
1/15/20,K191125,ADAS 3D,Galgo Medical S.L,Radiology,LLZ,https://www.accessdata.fda.gov/cdrh_docs/pdf19/K191125.pdf,Not Found
1/15/20,K192004,Eko Analysis Software,Eko Devices Inc,Cardiovascular,MWI,https://www.accessdata.fda.gov/cdrh_docs/pdf19/K192004.pdf,Not Found
1/2/20,K183089,Air Next,NuvoAir AB,Anesthesiology,BZG,https://www.accessdata.fda.gov/cdrh_docs/pdf18/K183089.pdf,Not Found
12/20/19,K191647,QLAB Advanced Quantification Software,Philips Healthcare,Radiology,QIH,https://www.accessdata.fda.gov/cdrh_docs/pdf19/K191647.pdf,Not Found
12/20/19,K192383,BriefCase,"Aidoc Medical, Ltd.",Radiology,QAS,https://www.accessdata.fda.gov/cdrh_docs/pdf19/K192383.pdf,Not Found
12/17/19,K192763,syngo.CT CaScoring,"Siemens Medical Solutions USA, Inc.",Radiology,JAK,https://www.accessdata.fda.gov/cdrh_docs/pdf19/K192763.pdf,Not Found
12/13/19,K193170,Deep Learning Image Reconstruction,GE Healthcare Japan Corporation,Radiology,JAK,https://www.accessdata.fda.gov/cdrh_docs/pdf19/K193170.pdf,Not Found
12/13/19,K192531,QyScore Software,Qynapse,Radiology,LLZ,https://www.accessdata.fda.gov/cdrh_docs/pdf19/K192531.pdf,Not Found
12/13/19,K192130,Icobrain,Icometrix NV,Radiology,LLZ,https://www.accessdata.fda.gov/cdrh_docs/pdf19/K192130.pdf,Not Found
12/11/19,K192571,NemoScan,Software Nemotec S.L.,Radiology,LLZ,https://www.accessdata.fda.gov/cdrh_docs/pdf19/K192571.pdf,Not Found
12/10/19,K192287,Transpara,Screenpoint Medical B.V.,Radiology,QDQ,https://www.accessdata.fda.gov/cdrh_docs/pdf19/K192287.pdf,Not Found
12/9/19,K192442,FFRangio,CathWorks Ltd,Cardiovascular,QEK,https://www.accessdata.fda.gov/cdrh_docs/pdf19/K192442.pdf,Not Found
12/7/19,K192279,PhantomMSK Trauma,OrthoGrid Systems Inc.,Radiology,LLZ,https://www.accessdata.fda.gov/cdrh_docs/pdf19/K192279.pdf,Not Found
11/27/19,K192945,7D Surgical System Cranial Biopsy and Ventricular Catheter Placement Application,7D Surgical Inc.,Neurology,HAW,https://www.accessdata.fda.gov/cdrh_docs/pdf19/K192945.pdf,Not Found
11/26/19,K192320,HealthCXR,"Zebra Medical Vision, Ltd.",Radiology,QFM,https://www.accessdata.fda.gov/cdrh_docs/pdf19/K192320.pdf,Not Found
11/25/19,K190529,SOZO,ImpediMed Limited,Cardiovascular,QJB,https://www.accessdata.fda.gov/cdrh_docs/pdf19/K190529.pdf,Not Found
11/19/19,K191278,RSI-MRI+,MultiModal Imaging Services Corporation (dba HealthLytix),Radiology,LLZ,https://www.accessdata.fda.gov/cdrh_docs/pdf19/K191278.pdf,Not Found
11/13/19,K191171,EchoGo Core,Ultromics Ltd,Radiology,QIH,https://www.accessdata.fda.gov/cdrh_docs/pdf19/K191171.pdf,Not Found
11/7/19,K191026,MEDIP PRO,"MEDICALIP Co., Ltd",Radiology,LLZ,https://www.accessdata.fda.gov/cdrh_docs/pdf19/K191026.pdf,Not Found
11/5/19,K192109,KOALA,IB Lab GmbH,Radiology,LLZ,https://www.accessdata.fda.gov/cdrh_docs/pdf19/K192109.pdf,Not Found
11/5/19,K190868,Cleerly Labs,Cleerly Inc,Radiology,LLZ,https://www.accessdata.fda.gov/cdrh_docs/pdf19/K190868.pdf,Not Found
11/4/19,K190013,WellDoc BlueStar,"WellDoc, Inc.",General Hospital,MRZ,https://www.accessdata.fda.gov/cdrh_docs/pdf19/K190013.pdf,Not Found
11/1/19,K190898,Sight OLO,Sight Diagnostics Ltd.,Hematology,GKZ,https://www.accessdata.fda.gov/cdrh_docs/pdf19/K190898.pdf,Not Found
11/1/19,K190334,MIMOSA Imager,MIMOSA Diagnostics Inc,Cardiovascular,MUD,https://www.accessdata.fda.gov/cdrh_docs/pdf19/K190334.pdf,Not Found
10/18/19,K183274,"RTHawk, HeartVista Cardiac Package","HeartVista, Inc.",Radiology,LNH,https://www.accessdata.fda.gov/cdrh_docs/pdf18/K183274.pdf,Not Found
10/17/19,K192455,Merge PACS,Merge Healthcare Incorporated,Radiology,LLZ,https://www.accessdata.fda.gov/cdrh_docs/pdf19/K192455.pdf,Not Found
10/16/19,K191493,Ventripoint Medical System Plus (VMS+) 3.0,"Ventripoint Diagnostics, Ltd.",Radiology,LLZ,https://www.accessdata.fda.gov/cdrh_docs/pdf19/K191493.pdf,Not Found
10/4/19,K191994,ProFound AI Software V2.1,iCAD Inc.,Radiology,QDQ,https://www.accessdata.fda.gov/cdrh_docs/pdf19/K191994.pdf,Not Found
10/4/19,K191713,CS-series-FP Radiographic / Fluoroscopic Systems with Optional CA-100S / FluoroShield (ROI Assembly),"Omega Medical Imaging, LLC",Radiology,JAA,https://www.accessdata.fda.gov/cdrh_docs/pdf19/K191713.pdf,Not Found
9/18/19,K192065,Syngo.Via RT Image Suite,"Siemens Medical Solutions USA, Inc.",Radiology,MUJ,https://www.accessdata.fda.gov/cdrh_docs/pdf19/K192065.pdf,Not Found
9/16/19,K191688,SubtleMR,"Subtle Medical, Inc.",Radiology,LLZ,https://www.accessdata.fda.gov/cdrh_docs/pdf19/K191688.pdf,Not Found
9/13/19,K192304,SIS Software Version 3.6.0,"Surgical Information Sciences, Inc.",Radiology,LLZ,https://www.accessdata.fda.gov/cdrh_docs/pdf19/K192304.pdf,Not Found
9/11/19,K190815,BrainScope TBI,"BrainScope Company, Inc.",Neurology,PIW,https://www.accessdata.fda.gov/cdrh_docs/pdf19/K190815.pdf,Not Found
9/11/19,K183370,PeraMobile and PeraWatch,"PeraHealth, Inc.",Cardiovascular,MWI,https://www.accessdata.fda.gov/cdrh_docs/pdf18/K183370.pdf,Not Found
9/10/19,K183268,AI-Rad Companion (Cardiovascular),"Siemens Medical Solutions USA, Inc.",Radiology,JAK,https://www.accessdata.fda.gov/cdrh_docs/pdf18/K183268.pdf,Not Found
9/4/19,K191179,Myo Plus,Otto Bock Healthcare Products GmbH,Neurology,GXY,https://www.accessdata.fda.gov/cdrh_docs/pdf19/K191179.pdf,Not Found
8/29/19,K183489,D2P,"3D Systems, Inc.",Radiology,LLZ,https://www.accessdata.fda.gov/cdrh_docs/pdf18/K183489.pdf,Not Found
8/29/19,K192107,Clarius Ultrasound Scanner,Clarius Mobile Health Corp.,Radiology,IYN,https://www.accessdata.fda.gov/cdrh_docs/pdf19/K192107.pdf,Not Found
8/23/19,K190593,"Zio XT ECG Monitoring System, Zio AT ECG Monitoring System","iRhythm Technologies, Inc.",Cardiovascular,DQK,https://www.accessdata.fda.gov/cdrh_docs/pdf19/K190593.pdf,Not Found
8/15/19,K190925,HeartFlow FFRct Analysis,"HeartFlow, Inc.",Cardiovascular,PJA,https://www.accessdata.fda.gov/cdrh_docs/pdf19/K190925.pdf,Not Found
8/15/19,K183282,Biovitals Analytics Engine,Biofourmis Singapore Pte. Ltd,Cardiovascular,PLB,https://www.accessdata.fda.gov/cdrh_docs/pdf18/K183282.pdf,Not Found
8/12/19,K183182,Critical Care Suite,"GE Medical Systems, LLC.",Radiology,QFM,https://www.accessdata.fda.gov/cdrh_docs/pdf18/K183182.pdf,Not Found
8/5/19,K191262,aBSI,EXINI Diagnostics AB,Radiology,LLZ,https://www.accessdata.fda.gov/cdrh_docs/pdf19/K191262.pdf,Not Found
7/31/19,K191183,EyeBOX,"Oculogica, Inc.",Neurology,QEA,https://www.accessdata.fda.gov/cdrh_docs/pdf19/K191183.pdf,Not Found
7/26/19,K182384,ACR  LAB Urine Analysis Test System,Healthy.io Ltd,Clinical Chemistry,JFY,https://www.accessdata.fda.gov/cdrh_docs/pdf18/K182384.pdf,Not Found
7/26/19,K183271,AI-Rad Companion (Pulmonary),"Siemens Medical Solutions USA, Inc.",Radiology,JAK,https://www.accessdata.fda.gov/cdrh_docs/pdf18/K183271.pdf,Not Found
7/19/19,K182798,KIDScore D3,Vitrolife A/S,Obstetrics and Gynecology,PBH,https://www.accessdata.fda.gov/cdrh_docs/pdf18/K182798.pdf,Not Found
7/18/19,K191370,DreaMed Advisor Pro,DreaMed Diabetes Ltd,Clinical Chemistry,QCC,https://www.accessdata.fda.gov/cdrh_docs/pdf19/K191370.pdf,Not Found
7/12/19,K191585,iNtuition-Structural Heart Module,TeraRecon Inc.,Radiology,LLZ,https://www.accessdata.fda.gov/cdrh_docs/pdf19/K191585.pdf,Not Found
7/10/19,K182875,DeepCT,Deep01 Limited,Radiology,QAS,https://www.accessdata.fda.gov/cdrh_docs/pdf18/K182875.pdf,Not Found
7/10/19,K183322,physIQ Heart Rhythm and Respiratory Module,"physIQ, Inc",Cardiovascular,DPS,https://www.accessdata.fda.gov/cdrh_docs/pdf18/K183322.pdf,Not Found
7/8/19,K191384,RayCare 2.3,RaySearch Laboratories AB (publ),Radiology,MUJ,https://www.accessdata.fda.gov/cdrh_docs/pdf19/K191384.pdf,Not Found
7/5/19,K182901,Aquilion Precision (TSX-304A/1 and /2) V8.8 with AiCE,Canon Medical Systems Corporation,Radiology,JAK,https://www.accessdata.fda.gov/cdrh_docs/pdf18/K182901.pdf,Not Found
7/3/19,K190442,Koios DS for Breast,"Koios Medical, Inc.",Radiology,POK,https://www.accessdata.fda.gov/cdrh_docs/pdf19/K190442.pdf,Not Found
6/27/19,K190017,LiverMultiScan (LMSv3),Perspectum Diagnostics Ltd,Radiology,LNH,https://www.accessdata.fda.gov/cdrh_docs/pdf19/K190017.pdf,Not Found
6/25/19,K191194,CLARUS,"Carl Zeiss Meditec, Inc",Ophthalmic,QER,https://www.accessdata.fda.gov/cdrh_docs/pdf19/K191194.pdf,Not Found
6/19/19,K190387,RayStation,RaySearch Laboratories AB (publ),Radiology,MUJ,https://www.accessdata.fda.gov/cdrh_docs/pdf19/K190387.pdf,Not Found
6/13/19,K183460,ClariCT.AI,ClariPI Inc.,Radiology,LLZ,https://www.accessdata.fda.gov/cdrh_docs/pdf18/K183460.pdf,Not Found
6/13/19,K190424,HealthICH,Zebra Medical Vision Ltd.,Radiology,QAS,https://www.accessdata.fda.gov/cdrh_docs/pdf19/K190424.pdf,Not Found
6/12/19,K183046,Aquilion ONE (TSX-305A/6) V8.9 with AiCE,Canon Medical Systems Corporation,Radiology,JAK,https://www.accessdata.fda.gov/cdrh_docs/pdf18/K183046.pdf,Not Found
5/31/19,K190896,BriefCase,"Aidoc Medical, Ltd.",Radiology,QAS,https://www.accessdata.fda.gov/cdrh_docs/pdf19/K190896.pdf,Not Found
5/24/19,K191083,COMPLETE CONTROL System Gen2,"Coapt, LLC",Neurology,GXY,https://www.accessdata.fda.gov/cdrh_docs/pdf19/K191083.pdf,Not Found
5/21/19,K183646,"Acumen Hypotension Prediction Index  EV1000 Clinical Platform, Acumen Hypotension Prediction Index  HemoSphere Advanced Monitoring Platform, Acumen Hypotension Prediction Index  HemoSphere Advanced Monitoring Platform - Pressure","Edwards Lifeciences, LLC",Cardiovascular,QAQ,https://www.accessdata.fda.gov/cdrh_docs/pdf18/K183646.pdf,Not Found
5/15/19,K183648,APAS Independence with Urine Analysis Module,Clever Culture Systems AG,Microbiology,PPU,https://www.accessdata.fda.gov/cdrh_docs/pdf18/K183648.pdf,Not Found
5/13/19,K190764,SurgicalAR,"MEDIVIS, Inc.",Radiology,LLZ,https://www.accessdata.fda.gov/cdrh_docs/pdf19/K190764.pdf,Not Found
5/6/19,K190362,HealthPNX,Zebra Medical Vision  Ltd.,Radiology,QFM,https://www.accessdata.fda.gov/cdrh_docs/pdf19/K190362.pdf,Not Found
4/22/19,K182513,FluChip-8G Influenza A+B Assay,"InDevR, Inc.",Microbiology,OZE,https://www.accessdata.fda.gov/cdrh_docs/pdf18/K182513.pdf,Not Found
4/18/19,K183593,Lung Vision System,Body Vision Medical Ltd.,Radiology,LLZ,https://www.accessdata.fda.gov/cdrh_docs/pdf18/K183593.pdf,Not Found
4/17/19,K181988,eMurmur ID,CSD Labs GmbH,Cardiovascular,DQD,https://www.accessdata.fda.gov/cdrh_docs/pdf18/K181988.pdf,Not Found
4/15/19,K190072,BriefCase,"Aidoc Medical, Ltd.",Radiology,QAS,https://www.accessdata.fda.gov/cdrh_docs/pdf19/K190072.pdf,Not Found
4/12/19,K183202,Deep Learning Image Reconstruction,"GE Medical Systems, LLC.",Radiology,JAK,https://www.accessdata.fda.gov/cdrh_docs/pdf18/K183202.pdf,Not Found
4/8/19,K183204,Bone VCAR (BVCAR),GE Medical Systems SCS,Radiology,JAK,https://www.accessdata.fda.gov/cdrh_docs/pdf18/K183204.pdf,Not Found
3/29/19,K181352,Loop System,"Spry Health, Inc.",Cardiovascular,DQA,https://www.accessdata.fda.gov/cdrh_docs/pdf18/K181352.pdf,Not Found
3/19/19,K183019,SIS Software version 3.3.0,"Surgical Information Sciences, Inc.",Radiology,LLZ,https://www.accessdata.fda.gov/cdrh_docs/pdf18/K183019.pdf,Not Found
3/11/19,K181823,KardiaAI,"AliveCor, Inc.",Cardiovascular,DQK,https://www.accessdata.fda.gov/cdrh_docs/pdf18/K181823.pdf,Not Found
3/8/19,K183285,cmTriage,"CureMetrix, Inc",Radiology,QFM,https://www.accessdata.fda.gov/cdrh_docs/pdf18/K183285.pdf,Not Found
3/7/19,K182344,RhythmAnalytics,Biofourmis Singapore Pte. Ltd.,Cardiovascular,DQK,https://www.accessdata.fda.gov/cdrh_docs/pdf18/K182344.pdf,Not Found
2/16/19,K183704,RX-1 Rhythm Express Remote Cardiac Monitoring System,VivaQuant Inc.,Cardiovascular,DXH,https://www.accessdata.fda.gov/cdrh_docs/pdf18/K183704.pdf,Not Found
2/4/19,K181916,d-Nav System,"Hygieia, Inc",Anesthesiology,NDC,https://www.accessdata.fda.gov/cdrh_docs/pdf18/K181916.pdf,Not Found
2/1/19,K183272,AI Rad Companion (Engine),"Siemens Medical Solutions USA, Inc.",Radiology,LLZ,https://www.accessdata.fda.gov/cdrh_docs/pdf18/K183272.pdf,Not Found
1/18/19,K183231,SIGNA Premier,"GE Medical Systems, LLC",Radiology,LNH,https://www.accessdata.fda.gov/cdrh_docs/pdf18/K183231.pdf,Not Found
1/17/19,K182456,Study Watch,Verily Life Sciences LLC,Cardiovascular,DXH,https://www.accessdata.fda.gov/cdrh_docs/pdf18/K182456.pdf,Not Found
1/9/19,K183133,MRCP+ v1.0,Perspectum Diagnostics Ltd,Radiology,LLZ,https://www.accessdata.fda.gov/cdrh_docs/pdf18/K183133.pdf,Not Found
12/28/18,K180867,AmCAD-UO,AmCad BioMed Corporation,Radiology,LLZ,https://www.accessdata.fda.gov/cdrh_docs/pdf18/K180867.pdf,Not Found
12/28/18,DEN170091,EyeBOX,"Oculogica, Inc.",Neurology,QEA,https://www.accessdata.fda.gov/cdrh_docs/pdf17/DEN170091.pdf,Not Found
12/27/18,K182564,Quantib ND,Quantib BV,Radiology,LLZ,https://www.accessdata.fda.gov/cdrh_docs/pdf18/K182564.pdf,Not Found
12/27/18,K182130,iSchemaView RAPID,"iSchemaView, Inc.",Radiology,LLZ,https://www.accessdata.fda.gov/cdrh_docs/pdf18/K182130.pdf,Not Found
12/21/18,K183012,vascuCAP,Elucid Bioimaging Inc.,Radiology,LLZ,https://www.accessdata.fda.gov/cdrh_docs/pdf18/K183012.pdf,Not Found
12/20/18,K181861,Embrace,Empatica Srl,Neurology,POS,https://www.accessdata.fda.gov/cdrh_docs/pdf18/K181861.pdf,Not Found
12/19/18,K182149,FFRangio System,CathWorks Ltd,Cardiovascular,QEK,https://www.accessdata.fda.gov/cdrh_docs/pdf18/K182149.pdf,Not Found
12/14/18,K182419,Centricity Universal Viewer,GE Healthcare,Radiology,LLZ,https://www.accessdata.fda.gov/cdrh_docs/pdf18/K182419.pdf,Not Found
12/14/18,K182790,Cardio-TriTest v6.5,Cardio-Phoenix Inc.,Cardiovascular,DPS,https://www.accessdata.fda.gov/cdrh_docs/pdf18/K182790.pdf,Not Found
12/6/18,K182035,FFRct,"HeartFlow, Inc",Cardiovascular,PJA,https://www.accessdata.fda.gov/cdrh_docs/pdf18/K182035.pdf,Not Found
12/6/18,K173749,AMRA Profiler,AMRA Medical AB,Radiology,LNH,https://www.accessdata.fda.gov/cdrh_docs/pdf17/K173749.pdf,Not Found
12/6/18,K182373,PowerLook Tomo Detection V2 Software,iCAD Inc.,Radiology,QDQ,https://www.accessdata.fda.gov/cdrh_docs/pdf18/K182373.pdf,Not Found
11/30/18,K182336,SubtlePET,"Subtle Medical, Inc.",Radiology,KPS,https://www.accessdata.fda.gov/cdrh_docs/pdf18/K182336.pdf,Not Found
11/30/18,K182218,FerriSmart Analysis System,Resonance Health Analysis Services Pty Ltd,Radiology,PCS,https://www.accessdata.fda.gov/cdrh_docs/pdf18/K182218.pdf,Not Found
11/29/18,K182181,Persyst 14 EEG Review and Analysis Software,Persyst Development Corporation,Neurology,OMB,https://www.accessdata.fda.gov/cdrh_docs/pdf18/K182181.pdf,Not Found
11/21/18,K181704,Transpara,ScreenPoint Medical BV,Radiology,QDQ,https://www.accessdata.fda.gov/cdrh_docs/pdf18/K181704.pdf,Not Found
11/20/18,K181247,Vitrea CT Brain Perfusion,"Vital Images, Inc.",Radiology,LLZ,https://www.accessdata.fda.gov/cdrh_docs/pdf18/K181247.pdf,Not Found
11/19/18,K180432,AI-ECG Platform,"Shenzhen Carewell Electronics., Ltd",Cardiovascular,DQK,https://www.accessdata.fda.gov/cdrh_docs/pdf18/K180432.pdf,Not Found
11/16/18,K180343,"LensHooke X1 Pro Semen Quality Analyzer, LensHooke X1 Semen Quality Analyzer","Bonraybio Co., Ltd.",Hematology,POV,https://www.accessdata.fda.gov/cdrh_docs/pdf18/K180343.pdf,Not Found
11/6/18,K181939,icobrain,icometrix NV,Radiology,LLZ,https://www.accessdata.fda.gov/cdrh_docs/pdf18/K181939.pdf,Not Found
11/5/18,K181288,Athelas One,Athelas Inc.,Hematology,GKZ,https://www.accessdata.fda.gov/cdrh_docs/pdf18/K181288.pdf,Not Found
11/2/18,K182616,"NvisionVLE Imaging System, NvisionVLE Optical Probe, NvisionVLE Inflation System","NinePoint Medical, Inc.",Radiology,NQQ,https://www.accessdata.fda.gov/cdrh_docs/pdf18/K182616.pdf,Not Found
10/26/18,K182177,Accipiolx,MaxQ-Al Ltd.,Radiology,QAS,https://www.accessdata.fda.gov/cdrh_docs/pdf18/K182177.pdf,Not Found
10/25/18,K181685,"Vivid E80, Vivid E90, Vivid E95","GE Medical Systems Ultrasound and Primary Care Diagnostics,",Radiology,IYN,https://www.accessdata.fda.gov/cdrh_docs/pdf18/K181685.pdf,Not Found
10/17/18,K182034,Arterys MICA,Arterys Inc.,Radiology,LLZ,https://www.accessdata.fda.gov/cdrh_docs/pdf18/K182034.pdf,Not Found
10/9/18,K181892,Ziostation2,"Ziosoft, Inc.",Radiology,LLZ,https://www.accessdata.fda.gov/cdrh_docs/pdf18/K181892.pdf,Not Found
10/5/18,K182112,Sense System with IBT Electrodes,"Infinite Biomedical Technologies, LLC",Neurology,GXY,https://www.accessdata.fda.gov/cdrh_docs/pdf18/K182112.pdf,Not Found
9/28/18,K173872,FibriCheck,Qompium nv,Cardiovascular,DXH,https://www.accessdata.fda.gov/cdrh_docs/pdf17/K173872.pdf,Not Found
9/28/18,K181771,RightEye Vision System,"RightEye, LLC",Neurology,GWN,https://www.accessdata.fda.gov/cdrh_docs/pdf18/K181771.pdf,Not Found
9/21/18,K182310,Volpara Imaging Software,Volpara Health Technologies Limited,Radiology,LLZ,https://www.accessdata.fda.gov/cdrh_docs/pdf18/K182310.pdf,Not Found
8/29/18,K181502,"Zio AT ECG Monitoring System, ZEUS System","iRhythm Technologies, Inc.",Cardiovascular,DQK,https://www.accessdata.fda.gov/cdrh_docs/pdf18/K181502.pdf,Not Found
8/23/18,DEN170090,MATRx plus,Zephyr Sleep Technologies,Dental,QCJ,https://www.accessdata.fda.gov/cdrh_docs/pdf17/DEN170090.pdf,Not Found
8/1/18,K180647,BriefCase,"Aidoc Medical, Ltd.",Radiology,QAS,https://www.accessdata.fda.gov/cdrh_docs/pdf18/K180647.pdf,Not Found
7/23/18,K173444,Quantitative Total Extensible Imaging (QTxI),"AIQ Solutions, Inc.",Radiology,LLZ,https://www.accessdata.fda.gov/cdrh_docs/pdf17/K173444.pdf,Not Found
7/18/18,K173327,DIP/U.S. Urine Analysis Test System,Healthy.io Ltd,Clinical Chemistry,JIL,https://www.accessdata.fda.gov/cdrh_docs/pdf17/K173327.pdf,Not Found
7/10/18,K181572,Workflow Box,Mirada Medical Ltd.,Radiology,QKB,https://www.accessdata.fda.gov/cdrh_docs/pdf18/K181572.pdf,Not Found
7/10/18,K181574,Uscan,"EchoNous, Inc.",Radiology,IYO,https://www.accessdata.fda.gov/cdrh_docs/pdf18/K181574.pdf,Not Found
6/29/18,K180038,NuVasive Pulse System,"NuVasive, Incorporated",Neurology,OLO,https://www.accessdata.fda.gov/cdrh_docs/pdf18/K180038.pdf,Not Found
6/26/18,K173574,DenSeeMammo,Statlife,Radiology,LLZ,https://www.accessdata.fda.gov/cdrh_docs/pdf17/K173574.pdf,Not Found
6/14/18,K173780,EchoMD Automated Ejection Fraction Software,"Bay Labs, Inc.",Radiology,LLZ,https://www.accessdata.fda.gov/cdrh_docs/pdf17/K173780.pdf,Not Found
6/13/18,K172983,HealthCCS,Zebra Medical Vision Ltd.,Radiology,JAK,https://www.accessdata.fda.gov/cdrh_docs/pdf17/K172983.pdf,Not Found
6/12/18,DEN170043,DreaMed Advisor Pro,"DreaMed Diabetes, Ltd.",Clinical Chemistry,QCC,https://www.accessdata.fda.gov/cdrh_docs/pdf17/DEN170043.pdf,Not Found
6/5/18,K173821,LungQ Software,Thirona Corporation,Radiology,JAK,https://www.accessdata.fda.gov/cdrh_docs/pdf17/K173821.pdf,Not Found
5/25/18,K180163,TransEnterix Senhance Surgical System,"TransEnterix, Inc.",Gastroenterology-Urology,NAY,https://www.accessdata.fda.gov/cdrh_docs/pdf18/K180163.pdf,Not Found
5/24/18,DEN180005,OsteoDetect,"Imagen Technologies, Inc.",Radiology,QBS,https://www.accessdata.fda.gov/cdrh_docs/pdf18/DEN180005.pdf,Not Found
5/14/18,K173810,Ventripoint Medical System Plus (VMS+),"Ventripoint Diagnostics, Ltd.",Radiology,IYN,https://www.accessdata.fda.gov/cdrh_docs/pdf17/K173810.pdf,Not Found
5/14/18,K180799,Clarius Ultrasound Scanner,Clarius Mobile Health Corp.,Radiology,IYN,https://www.accessdata.fda.gov/cdrh_docs/pdf18/K180799.pdf,Not Found
5/2/18,K180599,Venue,"GE Medical Systems Ultrasound and Primary Care Diagnostics,",Radiology,IYN,https://www.accessdata.fda.gov/cdrh_docs/pdf18/K180599.pdf,Not Found
5/1/18,K172959,PeraServer and PeraTrend,"PeraHealth, Inc.",Cardiovascular,MWI,https://www.accessdata.fda.gov/cdrh_docs/pdf17/K172959.pdf,Not Found
4/20/18,K180161,Viz CTP,"Viz.ai, Inc.",Radiology,LLZ,https://www.accessdata.fda.gov/cdrh_docs/pdf18/K180161.pdf,Not Found
4/16/18,K180126,SOZO,ImpediMed Limited,Cardiovascular,OBH,https://www.accessdata.fda.gov/cdrh_docs/pdf18/K180126.pdf,Not Found
4/11/18,DEN180001,IDx-DR,"IDx, LLC",Ophthalmic,PIB,https://www.accessdata.fda.gov/cdrh_docs/pdf18/DEN180001.pdf,Not Found
4/5/18,K180589,DR 800 with MUSICA Dynamic,Agfa HealthCare N.V.,Radiology,JAA,https://www.accessdata.fda.gov/cdrh_docs/pdf18/K180589.pdf,Not Found
3/16/18,DEN160044,Acumen Hypotension Prediction Index (HPI) Feature Software,Edwards Lifesciences LLC,Cardiovascular,QAQ,https://www.accessdata.fda.gov/cdrh_docs/pdf16/DEN160044.pdf,Not Found
3/15/18,K173839,Tissue of Origin Test Kit-FFPE,"Cancer Genetics, Inc.",Clinical Toxcicology,OIW,https://www.accessdata.fda.gov/cdrh_docs/pdf17/K173839.pdf,Not Found
3/9/18,K173939,Quantib Brain,Quantib BV,Radiology,LLZ,https://www.accessdata.fda.gov/cdrh_docs/pdf17/K173939.pdf,Not Found
3/8/18,K173605,iQMR,Medic Vision - Imaging Solutions Ltd,Radiology,LLZ,https://www.accessdata.fda.gov/cdrh_docs/pdf17/K173605.pdf,Not Found
2/23/18,K170540,DM-Density,"Densitas, Inc.",Radiology,LLZ,https://www.accessdata.fda.gov/cdrh_docs/pdf17/K170540.pdf,Not Found
2/13/18,DEN170073,ContaCT,"Viz.Al, Inc.",Radiology,QAS,https://www.accessdata.fda.gov/cdrh_docs/pdf17/DEN170073.pdf,Not Found
2/8/18,K180091,UNiD Spine Analyzer,Medicrea International,Radiology,LLZ,https://www.accessdata.fda.gov/cdrh_docs/pdf18/K180091.pdf,Not Found
1/25/18,K173542,Arterys Oncology DL,Arterys Inc.,Radiology,LLZ,https://www.accessdata.fda.gov/cdrh_docs/pdf17/K173542.pdf,Not Found
1/12/18,K173588,Illumeo System,"Philips Medical Systems Technologies, Ltd.",Radiology,LLZ,https://www.accessdata.fda.gov/cdrh_docs/pdf17/K173588.pdf,Not Found
1/11/18,K171122,CEREC Ortho Software,Dentsply Sirona,Dental,PNN,https://www.accessdata.fda.gov/cdrh_docs/pdf17/K171122.pdf,Not Found
1/8/18,K171328,cNeuro cMRI,Combinostics Oy,Radiology,LLZ,https://www.accessdata.fda.gov/cdrh_docs/pdf17/K171328.pdf,Not Found
1/4/18,K171056,WAVE Clinical Platform,"Excel Medical Electronics, LLC",Cardiovascular,MWI,https://www.accessdata.fda.gov/cdrh_docs/pdf17/K171056.pdf,Not Found
12/27/17,K173420,Radiomics App v1.0,Microsoft Corp.,Radiology,LLZ,https://www.accessdata.fda.gov/cdrh_docs/pdf17/K173420.pdf,Not Found
12/22/17,K172507,SOZO,ImpediMed Limited,Cardiovascular,DSB,https://www.accessdata.fda.gov/cdrh_docs/pdf17/K172507.pdf,Not Found
11/7/17,K163694,"Rooti Rx ECG Event Recorder, Rooti Link APP Software",Rooti Labs Ltd.,Cardiovascular,DRG,https://www.accessdata.fda.gov/cdrh_docs/pdf16/K163694.pdf,Not Found
10/27/17,K172803,Infinitt PACS 7.0,"Infinitt Healthcare Co.,Ltd.",Radiology,LLZ,https://www.accessdata.fda.gov/cdrh_docs/pdf17/K172803.pdf,Not Found
10/20/17,K163623,Quantra,"HOLOGIC, INC.",Radiology,LLZ,https://www.accessdata.fda.gov/cdrh_docs/pdf16/K163623.pdf,Not Found
9/27/17,K171936,Peerbridge Cor(TM) System,Peerbridge Health INc.,Cardiovascular,DSH,https://www.accessdata.fda.gov/cdrh_docs/pdf17/K171936.pdf,Not Found
9/15/17,K172356,BladderScan Prime PLUS System,Verathon Incorporated,Radiology,IYO,https://www.accessdata.fda.gov/cdrh_docs/pdf17/K172356.pdf,Not Found
9/14/17,K172385,Clarius Ultrasound System,Clarius Mobile Health Corp.,Radiology,IYN,https://www.accessdata.fda.gov/cdrh_docs/pdf17/K172385.pdf,Not Found
9/7/17,K170981,NeuroQuant,"CorTechs Labs, Inc",Radiology,LLZ,https://www.accessdata.fda.gov/cdrh_docs/pdf17/K170981.pdf,Not Found
8/17/17,K163339,SPECTRALMD DEEPVIEW WOUND IMAGING SYSTEM 2.0,"SPECTRALMD, INC.",Cardiovascular,DPT,https://www.accessdata.fda.gov/cdrh_docs/pdf16/K163339.pdf,Not Found
8/11/17,K172122,SOZO,ImpediMed Limited,Cardiovascular,OBH,https://www.accessdata.fda.gov/cdrh_docs/pdf17/K172122.pdf,Not Found
8/1/17,K171315,Advanced RBC Application,Cella Vision AB,Hematology,JOY,https://www.accessdata.fda.gov/cdrh_docs/pdf17/K171315.pdf,Not Found
7/19/17,DEN170022,QuantX,"Quantitative Insights, Inc",Radiology,POK,https://www.accessdata.fda.gov/cdrh_docs/pdf17/DEN170022.pdf,Not Found
6/28/17,P150046,NEVISENSE,SCIBASE AB,General and Plastic Surgery,ONV,https://www.accessdata.fda.gov/cdrh_docs/pdf15/P150046.pdf,Not Found
6/26/17,K170568,CardioLogs ECG Analysis Platform,Cardiologs Technologies,Cardiovascular,DPS,https://www.accessdata.fda.gov/cdrh_docs/pdf17/K170568.pdf,Not Found
6/9/17,K170747,syngo Application Software,"Siemens Medical Solutions, USA, Inc.",Radiology,LLZ,https://www.accessdata.fda.gov/cdrh_docs/pdf17/K170747.pdf,Not Found
6/7/17,K170250,SmartTarget,"SmartTarget, Ltd.",Radiology,LLZ,https://www.accessdata.fda.gov/cdrh_docs/pdf17/K170250.pdf,Not Found
5/24/17,K170172,UNiD Spine Analyzer,MEDICREA INTERNATIONAL,Radiology,LLZ,https://www.accessdata.fda.gov/cdrh_docs/pdf17/K170172.pdf,Not Found
5/11/17,K163622,Lung Vision,BODY VISION MEDICAL LTD.,Radiology,LLZ,https://www.accessdata.fda.gov/cdrh_docs/pdf16/K163622.pdf,Not Found
5/5/17,K163665,MATRx plus,Zephyr Sleep Technologies,Anesthesiology,MNR,https://www.accessdata.fda.gov/cdrh_docs/pdf16/K163665.pdf,Not Found
4/26/17,K170069,AmCAD-UV,AmCad BioMed Corporation,Radiology,LLZ,https://www.accessdata.fda.gov/cdrh_docs/pdf17/K170069.pdf,Not Found
4/6/17,DEN160026,23andMe Personal Genome Service (PGS) Genetic Health Risk Test for Hereditary Thrombophilia,"23andMe, Inc.",Immunology,PTA,https://www.accessdata.fda.gov/cdrh_docs/pdf16/DEN160026.pdf,Not Found
3/24/17,P160009,PowerLook® Tomo Detection Software,iCAD Inc,Radiology,MYN,https://www.accessdata.fda.gov/cdrh_docs/pdf16/P160009.pdf,Not Found
2/23/17,K162855,Reveal LINQ,"Medtronic, Inc.",Cardiovascular,MXD,https://www.accessdata.fda.gov/cdrh_docs/pdf16/K162855.pdf,Not Found
2/14/17,K162830,SIS Software,"Surgical Information Sciences, Inc.",Radiology,LLZ,https://www.accessdata.fda.gov/cdrh_docs/pdf16/K162830.pdf,Not Found
1/6/17,K163013,Quantib Brain 1.2,Quantib BV,Radiology,LLZ,https://www.accessdata.fda.gov/cdrh_docs/pdf16/K163013.pdf,Not Found
1/5/17,K163253,Arterys Cardio DL,ARTERYS INC.,Radiology,LLZ,https://www.accessdata.fda.gov/cdrh_docs/pdf16/K163253.pdf,Not Found
12/28/16,K161959,ClearView cCAD,ClearView Diagnostics Inc.,Radiology,LLZ,https://www.accessdata.fda.gov/cdrh_docs/pdf16/K161959.pdf,Not Found
12/7/16,K161322,CT CoPilot,"ZEPMED, LLC.",Radiology,LLZ,https://www.accessdata.fda.gov/cdrh_docs/pdf16/K161322.pdf,Not Found
11/30/16,K161834,One Drop Blood Glucose Monitoring System,"AgaMatrix, Inc.",Clinical Chemistry,NBW,https://www.accessdata.fda.gov/cdrh_docs/pdf16/K161834.pdf,Not Found
11/30/16,K163138,Clarius Ultrasound System,Clarius Mobile Health Corp.,Radiology,IYN,https://www.accessdata.fda.gov/cdrh_docs/pdf16/K163138.pdf,Not Found
11/9/16,P150043,QVCAD System,"QView Medical, Inc.",Radiology,MYN,https://www.accessdata.fda.gov/cdrh_docs/pdf15/P150043.pdf,Not Found
10/19/16,K160401,Tyto Stethoscope,Tyto Care Ltd.,Cardiovascular,DQD,https://www.accessdata.fda.gov/cdrh_docs/pdf16/K160401.pdf,Not Found
9/22/16,K161068,Ahead 300,BRAINSCOPE COMPANY INC,Neurology,PIW,https://www.accessdata.fda.gov/cdrh_docs/pdf16/K161068.pdf,Not Found
9/19/16,K161625,PixelShine,ALGOMEDICA,Radiology,LLZ,https://www.accessdata.fda.gov/cdrh_docs/pdf16/K161625.pdf,Not Found
9/9/16,K161201,ClearRead CT,"RIVERAIN TECHNOLOGIES, LLC",Radiology,OEB,https://www.accessdata.fda.gov/cdrh_docs/pdf16/K161201.pdf,Not Found
8/24/16,K161772,FFRct,"HEARTFLOW, INC.",Cardiovascular,PJA,https://www.accessdata.fda.gov/cdrh_docs/pdf16/K161772.pdf,Not Found
8/9/16,K161148,icobrain,Icometrix,Radiology,LLZ,https://www.accessdata.fda.gov/cdrh_docs/pdf16/K161148.pdf,Not Found
8/5/16,K160338,Triton System,GAUSS SURGICAL INC.,General Hospital,PBZ,https://www.accessdata.fda.gov/cdrh_docs/pdf16/K160338.pdf,Not Found
7/28/16,K161382,LVivo Software Application,"DIACARDIO, LTD.",Radiology,LLZ,https://www.accessdata.fda.gov/cdrh_docs/pdf16/K161382.pdf,Not Found
7/15/16,K160016,Steth IO,"STRATOSCIENTIFIC, INC.",Cardiovascular,DQD,https://www.accessdata.fda.gov/cdrh_docs/pdf16/K160016.pdf,Not Found
7/7/16,K160088,Cydar EV,Cydar Ltd.,Radiology,OWB,https://www.accessdata.fda.gov/cdrh_docs/pdf16/K160088.pdf,Not Found
6/17/16,K153351,Quantib Brain 1,QUANTIB BV,Radiology,LLZ,https://www.accessdata.fda.gov/cdrh_docs/pdf15/K153351.pdf,Not Found
1/13/16,K152733,FFRct,"HEARTFLOW, INC.",Cardiovascular,PJA,https://www.accessdata.fda.gov/cdrh_docs/pdf15/K152733.pdf,Not Found
1/7/16,K153427,Volpara Imaging Software,Matakina Technology LTD,Radiology,LLZ,https://www.accessdata.fda.gov/cdrh_docs/pdf15/K153427.pdf,Not Found
12/21/15,K150817,Dario Blood Glucose Monitoring System,LabStyle Innovations Ltd.,Clinical Chemistry,NBW,https://www.accessdata.fda.gov/cdrh_docs/pdf15/K150817.pdf,Not Found
11/5/15,K150102,SnoreSounds,"APPIAN MEDICAL, INC.",Anesthesiology,MNR,https://www.accessdata.fda.gov/cdrh_docs/pdf15/K150102.pdf,Not Found
6/11/15,K142512,Personalized Physiology Analytics Engine software,"VGBio, Inc (DBA PhysIQ)",Cardiovascular,PLB,https://www.accessdata.fda.gov/cdrh_docs/pdf14/K142512.pdf,Not Found
5/15/15,K143643,Brainscope Ahead 200,"BRAINSCOPE COMPANY, INC.",Neurology,PIW,https://www.accessdata.fda.gov/cdrh_docs/pdf14/K143643.pdf,Not Found
4/24/15,K142918,EndoTool SubQ,MONARCH MEDICAL TECHNOLOGIES,Anesthesiology,NDC,https://www.accessdata.fda.gov/cdrh_docs/pdf14/K142918.pdf,Not Found
2/27/15,K141922,IRIS INTELLIGENT RETINAL IMAGING SYSTEM,"INTELLIGENT RETINAL IMAGING SYSTEMS, LLC",Radiology,NFJ,https://www.accessdata.fda.gov/cdrh_docs/pdf14/K141922.pdf,Not Found
11/17/14,DEN140025,BrainScope Ahead 100,"BRAINSCOPE COMPANY, INC",Neurology,PIW,https://www.accessdata.fda.gov/cdrh_docs/pdf14/DEN140025.pdf,Not Found
10/10/14,K142037,QUANTRA,"HOLOGIC, INC.",Radiology,LLZ,https://www.accessdata.fda.gov/cdrh_docs/pdf14/K142037.pdf,Not Found
9/17/14,K141069,Lung Density Analysis,IMBIO LLC,Radiology,JAK,https://www.accessdata.fda.gov/cdrh_docs/pdf14/K141069.pdf,Not Found
8/22/14,K141480,CVI42,CIRCLE CARDIOVASCULAR IMAGING INC,Radiology,LLZ,https://www.accessdata.fda.gov/cdrh_docs/pdf14/K141480.pdf,Not Found
4/22/14,K133649,HEPATIC VCAR,GE MEDICAL SYSTEMS SCS,Radiology,JAK,https://www.accessdata.fda.gov/cdrh_docs/pdf13/K133649.pdf,Not Found
1/24/14,K133259,YSIO MAX,"SIEMENS MEDICAL SOLUTIONS USA, INC.",Radiology,KPR,https://www.accessdata.fda.gov/cdrh_docs/pdf13/K133259.pdf,Not Found
11/21/13,K130831,MALDI BIOTYPER CA (MBT-CA) SYSTEM,"BRUKER DALTONICS, INC",Microbiology,PEX,https://www.accessdata.fda.gov/cdrh_docs/pdf13/K130831.pdf,Not Found
9/4/13,K131044,SENSICARDIAC MOBI DIAGNOSTIC HEART MURMUR APPLICATION,DIACOUSTIC MEDICAL DEVICES (PTY) LTD.,Cardiovascular,DQD,https://www.accessdata.fda.gov/cdrh_docs/pdf13/K131044.pdf,Not Found
8/21/13,DEN130013,VITEK MS,"BIOMERIEUX, INC.",Microbiology,PEX,https://www.accessdata.fda.gov/cdrh_docs/pdf13/DEN130013.pdf,Not Found
3/22/13,K120771,UNICEL DXH 800 COULTER CELLULAR ANALYSIS SYSTEM,"BECKMAN COULTER, INC.",Hematology,GKZ,https://www.accessdata.fda.gov/cdrh_docs/pdf12/K120771.pdf,Not Found
12/27/12,P110014,DUNE MEDICAL DEVICES MARGINPROBE SYSTEM,"Dilon Medical Technologies, Ltd.",General and Plastic Surgery,OEE,https://www.accessdata.fda.gov/cdrh_docs/pdf11/P110014.pdf,Not Found
12/27/12,K123526,CLEARREAD +CONFIRM,RIVERAIN TECHNOLOGIES,Radiology,LLZ,https://www.accessdata.fda.gov/cdrh_docs/pdf12/K123526.pdf,Not Found
7/27/12,K121617,SENSICARDIAC,DIACOUSTIC MEDICAL (PTY),Cardiovascular,DQD,https://www.accessdata.fda.gov/cdrh_docs/pdf12/K121617.pdf,Not Found
5/17/12,K120489,TISSUE OF ORIGIN TEST KIT FFPE,"PATHWORK DIAGNOSTICS, INC.",Clinical Toxcicology,OIW,https://www.accessdata.fda.gov/cdrh_docs/pdf12/K120489.pdf,Not Found
4/13/12,K120161,ALPHAPOINT IMAGING SOFTWARE,"RADLOGICS, INC.",Radiology,LLZ,https://www.accessdata.fda.gov/cdrh_docs/pdf12/K120161.pdf,Not Found
12/28/11,K111776,DELTAVIEW MODEL 2.1,"RIVERAIN MEDICAL GROUP,LLC",Radiology,LLZ,https://www.accessdata.fda.gov/cdrh_docs/pdf11/K111776.pdf,Not Found
11/1/11,P090012,MELAFIND,"STRATA SKIN SCIENCES, INC.",General and Plastic Surgery,OYD,https://www.accessdata.fda.gov/cdrh_docs/pdf09/P090012.pdf,Not Found
9/16/11,K102778,CELLAVISION DM1200 WITH THE BODY FLUID APPLICTION,CELLAVISION AB,Hematology,JOY,https://www.accessdata.fda.gov/cdrh_docs/pdf10/K102778.pdf,Not Found
6/8/10,K092967,PATHWORK TISSUE OF ORIGIN TEST KIT-FFPE (ORIGIN TEST KIT-FFPE,PATHWORK DIAGNOSTICS,Clinical Toxcicology,OIW,https://www.accessdata.fda.gov/cdrh_docs/pdf09/K092967.pdf,Not Found
5/12/10,K092116,EASYCELL CELL LOCATOR,MEDICA CORP.,Hematology,JOY,https://www.accessdata.fda.gov/cdrh_docs/pdf09/K092116.pdf,Not Found
12/5/08,K080595,CELLAVISION DM96 WITH THE BODY FLUID APPLICATION,CELLAVISION AB,Hematology,JOY,https://www.accessdata.fda.gov/cdrh_docs/pdf08/K080595.pdf,Not Found
9/12/08,K082483,QUANTRA,"HOLOGIC, INC.",Radiology,LLZ,https://www.accessdata.fda.gov/cdrh_docs/pdf08/K082483.pdf,Not Found
7/30/08,K080896,PATHWORK DIAGNOSTICS TISSUE OF ORIGIN TEST,"PATHWORK DIAGNOSTICS, INC.",Clinical Toxcicology,OIW,https://www.accessdata.fda.gov/cdrh_docs/pdf08/K080896.pdf,Not Found
7/17/08,K081140,VISENSIA,OBS MEDICAL,Cardiovascular,MHX,https://www.accessdata.fda.gov/cdrh_docs/pdf08/K081140.pdf,Not Found
5/15/08,K080762,"IB NEURO, VERSION 1.0","IMAGING BIOMETRICS, LLC",Radiology,LNH,https://www.accessdata.fda.gov/cdrh_docs/pdf08/K080762.pdf,Not Found
3/16/06,P040028,LUMA CERVICAL IMAGING SYSTEM,SPECTRA SCIENCE,Obstetrics and Gynecology,MWM,https://www.accessdata.fda.gov/cdrh_docs/pdf04/P040028.pdf,Not Found
10/27/05,K043341,BIOPLEX 2200 ANA SCREEN WITH MEDICAL DECISION SUPPORT SOFTWARE FOR USE WITH BIOPLEX 2200 MULTI-ANALYTE DETECTION SYSTEM,"BIO-RAD LABORATORIES, INC.",Clinical Toxcicology,NVI,https://www.accessdata.fda.gov/cdrh_docs/pdf04/K043341.pdf,Not Found
2/10/04,K033840,CELLAVISION DM96 AUTOMATIC HEMATOLOGY ANALYZER,CELLAVISION AB,Hematology,JOY,https://www.accessdata.fda.gov/cdrh_docs/pdf03/K033840.pdf,Not Found
1/31/02,P010034,SECOND LOOK ™,"ICAD, INC.",Radiology,MYN,https://www.accessdata.fda.gov/cdrh_docs/pdf01/P010034.pdf,Not Found
7/12/01,P000041,RAPIDSCREEN RS-2000,RIVERAIN MEDICAL GROUP,Radiology,MYN,https://www.accessdata.fda.gov/cdrh_docs/pdf00/P000041.pdf,Not Found
3/15/01,K003301,DIFFMASTER OCTAVIA AUTOMATIC HEMATOLOGY ANALYZER,CELLAVISION AB,Hematology,JOY,https://www.accessdata.fda.gov/cdrh_docs/pdf00/K003301.pdf,Not Found
9/2/98,P980025,LOGICON CARIES DETECTOR,CARESTREAM DENTAL LLC,Radiology,MYN,https://www.accessdata.fda.gov/cdrh_docs/pdf98/P980025.pdf,Not Found
6/26/98,P970058,M1000 IMAGECHECKER,"Hologic, Inc.",Radiology,MYN,https://www.accessdata.fda.gov/cdrh_docs/pdf97/P970058.pdf,Not Found
3/11/97,K955841,SLEEP SYSTEM FOR CLINICS & RESEARCH,COMPUMEDICS PTD LTD.,Anesthesiology,MNR,https://www.accessdata.fda.gov/cdrh_docs/pdf95/K955841.pdf,Not Found
11/8/95,P940029,PAPNET Testing System,"Neuromedical Systems, Inc.",Pathology,MNM,https://www.accessdata.fda.gov/cdrh_docs/pdf94/P940029.pdf,Not Found
9/29/95,P950009,AUTOPAP(R) 300 QC AUTOMATIC PAP SCREENER/QC SYSTEM,BD DIAGNOSTICS,Pathology,NMN,https://www.accessdata.fda.gov/cdrh_docs/pdf95/P950009.pdf,Not Found
